Protocollo;Gruppo;DataOraIncidente;Localizzazione1;STRADA1;Localizzazione2;STRADA2;Strada02;Chilometrica;DaSpecificare;NaturaIncidente;particolaritastrade;TipoStrada;FondoStradale;Pavimentazione;Segnaletica;CondizioneAtmosferica;Traffico;Visibilita;Illuminazione;NUM_FERITI;NUM_RISERVATA;NUM_MORTI;NUM_ILLESI;Longitudine;Latitudine;Confermato;Progressivo;TipoVeicolo;StatoVeicolo;TipoPersona;Sesso;Tipolesione;Deceduto;DecedutoDopo;CinturaCascoUtilizzato;Airbag
3706661;18;01/03/2018 07:00;Strada Urbana;VIA DI BOCCEA;all'intersezione con;VIA GIUSEPPE MARELLO;VIA GIUSEPPE MARELLO;;;Scontro frontale/laterale SX fra veicoli in marcia;Intersezione stradale segnalata;Una carreggiata a doppio senso;Bagnato (pioggia);Asfaltata;Verticale ed orizzontale;Nuvoloso;Intenso;Buona;Ore Diurne;1;0;0;1;12,41342;41,90302;-1;1;Motociclo a solo;In marcia / fermata / arresto;Conducente;M;Rimandato;0;NON DECEDUTO;Non accertato;
3706661;18;01/03/2018 07:00;Strada Urbana;VIA DI BOCCEA;all'intersezione con;VIA GIUSEPPE MARELLO;VIA GIUSEPPE MARELLO;;;Scontro frontale/laterale SX fra veicoli in marcia;Intersezione stradale segnalata;Una carreggiata a doppio senso;Bagnato (pioggia);Asfaltata;Verticale ed orizzontale;Nuvoloso;Intenso;Buona;Ore Diurne;1;0;0;1;12,41342;41,90302;-1;2;Autovettura privata;In marcia / fermata / arresto;Conducente;F;Illeso;0;;Non accertato;Inesploso
3706773;11;01/03/2018 07:30;Strada Urbana;VIALE GUGLIELMO MARCONI;all'intersezione semaforizzata con;LARGO ENEA BORTOLOTTI;LARGO ENEA BORTOLOTTI;;;Veicolo in marcia contro ostacolo accidentale;Intersezione semaforizzata;Una carreggiata a doppio senso;Bagnato (pioggia);Asfaltata;Verticale ed orizzontale;Pioggia in atto;Normale;Buona;Ore Diurne;0;0;0;1;12,47232;41,8544;-1;1;Autovettura privata;In marcia / fermata / arresto;Conducente;M;Illeso;0;;Non accertato;Inesploso
3706774;11;01/03/2018 03:00;Strada Urbana;VIALE GUIDO BACCELLI;all'intersezione con;LARGO ENZO FIORITTO;LARGO ENZO FIORITTO;;;Veicolo in marcia contro ostacolo fisso;Incrocio;Due carreggiate;Bagnato (umidità in atto);Asfaltata;Verticale ed orizzontale;Nuvoloso;Scarso;Sufficiente;Sufficiente;1;0;0;0;12,48985;41,87902;-1;1;Autovettura privata;In marcia / fermata / arresto;Conducente;M;Rimandato;0;NON DECEDUTO;Non accertato;
3706831;1;01/03/2018 07:15;Strada Urbana;LUNGOTEVERE TESTACCIO;in prossimità;;del civico n.;9;;Tamponamento;Rettilineo;Una carreggiata a doppio senso;Bagnato (umidità in atto);Asfaltata;Verticale ed orizzontale;Nuvoloso;Intenso;Buona;Ore Diurne;0;0;0;2;12,4749;41,88214;-1;1;Autovettura privata;In marcia / fermata / arresto;Conducente;F;Illeso;0;;Non accertato;Inesploso
3706831;1;01/03/2018 07:15;Strada Urbana;LUNGOTEVERE TESTACCIO;in prossimità;;del civico n.;9;;Tamponamento;Rettilineo;Una carreggiata a doppio senso;Bagnato (umidità in atto);Asfaltata;Verticale ed orizzontale;Nuvoloso;Intenso;Buona;Ore Diurne;0;0;0;2;12,4749;41,88214;-1;2;Autovettura privata;In marcia / fermata / arresto;Conducente;F;Illeso;0;;Non accertato;Inesploso
3706858;15;01/03/2018 08:15;Strada Urbana;LUNGOTEVERE VITTORIO GASSMAN;da specificare;;;;prox Via Tirone;Tamponamento;Rettilineo;Una carreggiata a doppio senso;Bagnato (umidità in atto);Asfaltata;Verticale ed orizzontale;Nuvoloso;Normale;Buona;Ore Diurne;1;0;0;1;12,47266;41,86869;-1;1;Autovettura privata;In marcia / fermata / arresto;Conducente;M;Rimandato;0;NON DECEDUTO;Non accertato;Inesploso
3706858;15;01/03/2018 08:15;Strada Urbana;LUNGOTEVERE VITTORIO GASSMAN;da specificare;;;;prox Via Tirone;Tamponamento;Rettilineo;Una carreggiata a doppio senso;Bagnato (umidità in atto);Asfaltata;Verticale ed orizzontale;Nuvoloso;Normale;Buona;Ore Diurne;1;0;0;1;12,47266;41,86869;-1;2;Autovettura privata;In marcia / fermata / arresto;Conducente;M;Illeso;0;;Non accertato;Inesploso
3706944;18;01/03/2018 08:50;Strada Urbana;VIA DEL CASALE DI S. PIO V;in prossimità;;del civico n.;60;;Ribaltamento senza urto contro ostacolo fisso;Rettilineo;Una carreggiata a doppio senso;Bagnato (pioggia);Asfaltata;Verticale ed orizzontale;Nuvoloso;Normale;Buona;Ore Diurne;2;0;0;0;12,43059;41,8938;-1;1;Motociclo a solo;In marcia / fermata / arresto;Conducente;M;Rimandato;0;NON DECEDUTO;Non accertato;
3706944;18;01/03/2018 08:50;Strada Urbana;VIA DEL CASALE DI S. PIO V;in prossimità;;del civico n.;60;;Ribaltamento senza urto contro ostacolo fisso;Rettilineo;Una carreggiata a doppio senso;Bagnato (pioggia);Asfaltata;Verticale ed orizzontale;Nuvoloso;Normale;Buona;Ore Diurne;2;0;0;0;12,43059;41,8938;-1;1;Motociclo a solo;In marcia / fermata / arresto;Passeggero;F;Rimandato;0;NON DECEDUTO;Non accertato;
3707011;20;01/03/2018 07:30;Regionale entro l'abitato;VIA CASSIA;da specificare;;;;dir. centro prossimità gallerie via Braccianense;Scontro laterale fra veicoli in marcia;Rettilineo;Una carreggiata a doppio senso;Bagnato (umidità in atto);Asfaltata;Orizzontale;Nuvoloso;Intenso;Buona;Ore Diurne;0;0;0;3;12,39177;41,99466;-1;1;Autovettura privata;In marcia / fermata / arresto;Conducente;F;Illeso;0;;Non accertato;Inesploso
3707011;20;01/03/2018 07:30;Regionale entro l'abitato;VIA CASSIA;da specificare;;;;dir. centro prossimità gallerie via Braccianense;Scontro laterale fra veicoli in marcia;Rettilineo;Una carreggiata a doppio senso;Bagnato (umidità in atto);Asfaltata;Orizzontale;Nuvoloso;Intenso;Buona;Ore Diurne;0;0;0;3;12,39177;41,99466;-1;1;Autovettura privata;In marcia / fermata / arresto;Passeggero;F;Illeso;0;;Non accertato;Inesploso
3707011;20;01/03/2018 07:30;Regionale entro l'abitato;VIA CASSIA;da specificare;;;;dir. centro prossimità gallerie via Braccianense;Scontro laterale fra veicoli in marcia;Rettilineo;Una carreggiata a doppio senso;Bagnato (umidità in atto);Asfaltata;Orizzontale;Nuvoloso;Intenso;Buona;Ore Diurne;0;0;0;3;12,39177;41,99466;-1;2;Trattore stradale;In marcia / fermata / arresto;Conducente;M;Illeso;0;;Non accertato;Inesploso
3707069;19;01/03/2018 09:00;Strada Urbana;VIA DEL FORTE BRASCHI;in prossimità;;del civico n.;203;;Tamponamento Multiplo;Rettilineo;Una carreggiata a doppio senso;Bagnato (pioggia);Asfaltata;Orizzontale;Nuvoloso;Normale;Buona;Ore Diurne;1;0;0;2;12,41488;41,914;-1;1;Autovettura privata;In marcia / fermata / arresto;Conducente;M;Illeso;0;;;
3707069;19;01/03/2018 09:00;Strada Urbana;VIA DEL FORTE BRASCHI;in prossimità;;del civico n.;203;;Tamponamento Multiplo;Rettilineo;Una carreggiata a doppio senso;Bagnato (pioggia);Asfaltata;Orizzontale;Nuvoloso;Normale;Buona;Ore Diurne;1;0;0;2;12,41488;41,914;-1;2;Motociclo a solo;In marcia / fermata / arresto;Conducente;M;Rimandato;0;NON DECEDUTO;;
3707069;19;01/03/2018 09:00;Strada Urbana;VIA DEL FORTE BRASCHI;in prossimità;;del civico n.;203;;Tamponamento Multiplo;Rettilineo;Una carreggiata a doppio senso;Bagnato (pioggia);Asfaltata;Orizzontale;Nuvoloso;Normale;Buona;Ore Diurne;1;0;0;2;12,41488;41,914;-1;3;Autovettura privata;In marcia / fermata / arresto;Conducente;M;Illeso;0;;;
3707098;11;01/03/2018 08:35;Strada Urbana;RAMPA USCITA G.R.A. CARREGGIATA INTERNA;all'intersezione con;VIA ARDEATINA;VIA ARDEATINA;;;Scontro laterale fra veicoli in marcia;Intersezione non regolata/non segnalata;Una carreggiata a senso unico di marcia;Bagnato (umidità in atto);Asfaltata;Verticale ed orizzontale;Nuvoloso;Normale;Buona;Ore Diurne;0;0;0;2;12,50476;41,79459;-1;1;Autovettura privata;In marcia / fermata / arresto;Conducente;M;Illeso;0;;Non accertato;Inesploso
3707098;11;01/03/2018 08:35;Strada Urbana;RAMPA USCITA G.R.A. CARREGGIATA INTERNA;all'intersezione con;VIA ARDEATINA;VIA ARDEATINA;;;Scontro laterale fra veicoli in marcia;Intersezione non regolata/non segnalata;Una carreggiata a senso unico di marcia;Bagnato (umidità in atto);Asfaltata;Verticale ed orizzontale;Nuvoloso;Normale;Buona;Ore Diurne;0;0;0;2;12,50476;41,79459;-1;2;Autoarticolato;In marcia / fermata / arresto;Conducente;M;Illeso;0;;Non accertato;Inesploso
3707104;18;01/03/2018 10:00;Strada Urbana;VIA DI BOCCEA;in corrispondenza;;del civico n.;230;;Scontro laterale fra veicoli in marcia;Rettilineo;Una carreggiata a doppio senso;Asciutto;Asfaltata;Verticale;Nuvoloso;Normale;Buona;Ore Diurne;0;0;0;2;12,42084;41,90351;-1;1;Autovettura privata;In marcia / fermata / arresto;Conducente;M;Illeso;0;;Non accertato;Inesploso
3707104;18;01/03/2018 10:00;Strada Urbana;VIA DI BOCCEA;in corrispondenza;;del civico n.;230;;Scontro laterale fra veicoli in marcia;Rettilineo;Una carreggiata a doppio senso;Asciutto;Asfaltata;Verticale;Nuvoloso;Normale;Buona;Ore Diurne;0;0;0;2;12,42084;41,90351;-1;2;Motociclo a solo;In marcia / fermata / arresto;Conducente;M;Illeso;0;;Non accertato;
3707258;6;01/03/2018 11:10;Strada Urbana;VIA ERASMO GATTAMELATA;in corrispondenza;;del civico n.;43;;Tamponamento;Rettilineo;Una carreggiata a senso unico di marcia;Bagnato (umidità in atto);Asfaltata;Verticale ed orizzontale;Nuvoloso;Scarso;Buona;Ore Diurne;0;0;0;2;12,53647;41,89052;-1;1;Autocarro inferiore 35 q.;In marcia / fermata / arresto;Conducente;M;Illeso;0;;Non accertato;Inesploso
3707258;6;01/03/2018 11:10;Strada Urbana;VIA ERASMO GATTAMELATA;in corrispondenza;;del civico n.;43;;Tamponamento;Rettilineo;Una carreggiata a senso unico di marcia;Bagnato (umidità in atto);Asfaltata;Verticale ed orizzontale;Nuvoloso;Scarso;Buona;Ore Diurne;0;0;0;2;12,53647;41,89052;-1;2;Motociclo a solo;In marcia / fermata / arresto;Conducente;M;Illeso;0;;Non accertato;
3707408;20;01/03/2018 12:00;Strada Urbana;CORSO DI FRANCIA;all'intersezione con;VIA BARTOLOMEO GOSIO;VIA BARTOLOMEO GOSIO;;;Scontro frontale/laterale DX fra veicoli in marcia;Incrocio;Due carreggiate;Asciutto;Asfaltata;Verticale ed orizzontale;Nuvoloso;Intenso;Buona;Ore Diurne;1;0;0;2;12,47117;41,94057;-1;1;Autovettura privata;In marcia / fermata / arresto;Conducente;M;Illeso;0;;Non accertato;Inesploso
3707408;20;01/03/2018 12:00;Strada Urbana;CORSO DI FRANCIA;all'intersezione con;VIA BARTOLOMEO GOSIO;VIA BARTOLOMEO GOSIO;;;Scontro frontale/laterale DX fra veicoli in marcia;Incrocio;Due carreggiate;Asciutto;Asfaltata;Verticale ed orizzontale;Nuvoloso;Intenso;Buona;Ore Diurne;1;0;0;2;12,47117;41,94057;-1;1;Autovettura privata;In marcia / fermata / arresto;Passeggero;M;Illeso;0;;Non accertato;Inesploso
3707408;20;01/03/2018 12:00;Strada Urbana;CORSO DI FRANCIA;all'intersezione con;VIA BARTOLOMEO GOSIO;VIA BARTOLOMEO GOSIO;;;Scontro frontale/laterale DX fra veicoli in marcia;Incrocio;Due carreggiate;Asciutto;Asfaltata;Verticale ed orizzontale;Nuvoloso;Intenso;Buona;Ore Diurne;1;0;0;2;12,47117;41,94057;-1;2;Motociclo a solo;In marcia / fermata / arresto;Conducente;M;Ricoverato;0;NON DECEDUTO;;
3707517;1;01/03/2018 09:30;Strada Urbana;VIA PIEMONTE;all'intersezione con;VIA SALLUSTIANA;VIA SALLUSTIANA;;;Veicolo in marcia contro ostacolo fisso;Incrocio;Una carreggiata a senso unico di marcia;Asciutto;Asfaltata;Verticale ed orizzontale;Nuvoloso;Normale;Buona;Ore Diurne;0;0;0;1;;;0;1;Autovettura privata;In marcia / fermata / arresto;Conducente;F;Illeso;0;;Non accertato;
3707528;17;01/03/2018 13:30;Strada Urbana;VIA GIUSEPPE DI BARTOLO;da specificare;;;;pross. Via Angelo Emo;Investimento di pedone;Rettilineo;Una carreggiata a doppio senso;Asciutto;Asfaltata;Verticale ed orizzontale;Nuvoloso;Normale;Buona;Ore Diurne;1;0;0;1;12,44402;41,90344;0;;;;Pedone;M;Rimandato;0;NON DECEDUTO;;
3707528;17;01/03/2018 13:30;Strada Urbana;VIA GIUSEPPE DI BARTOLO;da specificare;;;;pross. Via Angelo Emo;Investimento di pedone;Rettilineo;Una carreggiata a doppio senso;Asciutto;Asfaltata;Verticale ed orizzontale;Nuvoloso;Normale;Buona;Ore Diurne;1;0;0;1;12,44402;41,90344;0;1;Autovettura privata;In marcia / fermata / arresto;Conducente;F;Illeso;0;;Non accertato;
3707561;11;01/03/2018 14:30;Strada Urbana;VIA OSTIENSE;in prossimità;;del civico n.;94;;Veicolo in marcia contro ostacolo accidentale;Rettilineo;Più di due carreggiate;Bagnato (umidità in atto);Asfaltata;Verticale ed orizzontale;Nuvoloso;Normale;Buona;Ore Diurne;1;0;0;0;12,47921;41,86742;-1;1;Ciclomotore;In marcia / fermata / arresto;Conducente;M;Rimandato;0;NON DECEDUTO;Non accertato;
3707600;1;01/03/2018 11:40;Strada Urbana;VIA NAPOLEONE III;in prossimità;;del civico n.;78;;Tamponamento;Rettilineo;Più di due carreggiate;Asciutto;Asfaltata;Verticale ed orizzontale;Nuvoloso;Normale;Buona;Ore Diurne;0;0;0;2;;;0;1;Autovettura privata;In marcia / fermata / arresto;Conducente;M;Illeso;0;;Non accertato;
3707600;1;01/03/2018 11:40;Strada Urbana;VIA NAPOLEONE III;in prossimità;;del civico n.;78;;Tamponamento;Rettilineo;Più di due carreggiate;Asciutto;Asfaltata;Verticale ed orizzontale;Nuvoloso;Normale;Buona;Ore Diurne;0;0;0;2;;;0;2;Quadriciclo;In marcia / fermata / arresto;Conducente;M;Illeso;0;;Non accertato;
3707613;15;01/03/2018 08:41;Strada Urbana;VIA DELLA MAGLIANA;da specificare;;;;prossimità fronte civ. 424;Scontro laterale fra veicoli in marcia;Curva a visuale libera;Una carreggiata a doppio senso;Bagnato (umidità in atto);Asfaltata;Verticale ed orizzontale;Nuvoloso;Intenso;Sufficiente;Ore Diurne;0;0;0;2;12,41962;41,83172;-1;1;Autocarro superiore 35 q.;In marcia / fermata / arresto;Conducente;M;Illeso;0;;;
3707613;15;01/03/2018 08:41;Strada Urbana;VIA DELLA MAGLIANA;da specificare;;;;prossimità fronte civ. 424;Scontro laterale fra veicoli in marcia;Curva a visuale libera;Una carreggiata a doppio senso;Bagnato (umidità in atto);Asfaltata;Verticale ed orizzontale;Nuvoloso;Intenso;Sufficiente;Ore Diurne;0;0;0;2;12,41962;41,83172;-1;2;Autovettura privata;In marcia / fermata / arresto;Conducente;M;Illeso;0;;;Inesploso
3707810;12;01/03/2018 16:40;Strada Urbana;VIA CRISTOFORO COLOMBO;da specificare;;;;dir. Roma centro altezza civ. 97 di via Algeria;Scontro laterale fra veicoli in marcia;Pendenza;Due carreggiate;Bagnato (umidità in atto);Asfaltata;Verticale ed orizzontale;Nuvoloso;Normale;Buona;Ore Diurne;0;0;0;3;12,4646;41,82119;-1;1;Autocarro superiore 35 q.;In marcia / fermata / arresto;Conducente;M;Illeso;0;;Non accertato;Inesploso
3707810;12;01/03/2018 16:40;Strada Urbana;VIA CRISTOFORO COLOMBO;da specificare;;;;dir. Roma centro altezza civ. 97 di via Algeria;Scontro laterale fra veicoli in marcia;Pendenza;Due carreggiate;Bagnato (umidità in atto);Asfaltata;Verticale ed orizzontale;Nuvoloso;Normale;Buona;Ore Diurne;0;0;0;3;12,4646;41,82119;-1;2;Autovettura privata;In marcia / fermata / arresto;Conducente;M;Illeso;0;;Utilizzato;Inesploso
3707810;12;01/03/2018 16:40;Strada Urbana;VIA CRISTOFORO COLOMBO;da specificare;;;;dir. Roma centro altezza civ. 97 di via Algeria;Scontro laterale fra veicoli in marcia;Pendenza;Due carreggiate;Bagnato (umidità in atto);Asfaltata;Verticale ed orizzontale;Nuvoloso;Normale;Buona;Ore Diurne;0;0;0;3;12,4646;41,82119;-1;2;Autovettura privata;In marcia / fermata / arresto;Passeggero;M;Illeso;0;;Non accertato;Inesploso
3707856;18;01/03/2018 06:15;Strada Urbana;VIA DI BOCCEA;in corrispondenza;;del civico n.;812;;Veicolo in marcia contro ostacolo accidentale;Rettilineo;Una carreggiata a doppio senso;Bagnato (umidità in atto);Asfaltata;Verticale ed orizzontale;Nuvoloso;Normale;Buona;Ore Diurne;0;0;0;1;12,36136;41,92577;-1;1;Autovettura privata;In marcia / fermata / arresto;Conducente;M;Illeso;0;;;
3707877;6;01/03/2018 16:20;Strada Urbana;VIA DI PORTA FURBA;in prossimità;;del civico n.;54;;Scontro frontale/laterale SX fra veicoli in marcia;Rettilineo;Una carreggiata a doppio senso;Bagnato (umidità in atto);Asfaltata;Orizzontale;Nuvoloso;Intenso;Buona;Ore Diurne;0;0;0;2;12,54119;41,87391;-1;1;Autovettura privata;In marcia / fermata / arresto;Conducente;M;Illeso;0;;Non accertato;Inesploso
3707877;6;01/03/2018 16:20;Strada Urbana;VIA DI PORTA FURBA;in prossimità;;del civico n.;54;;Scontro frontale/laterale SX fra veicoli in marcia;Rettilineo;Una carreggiata a doppio senso;Bagnato (umidità in atto);Asfaltata;Orizzontale;Nuvoloso;Intenso;Buona;Ore Diurne;0;0;0;2;12,54119;41,87391;-1;2;Autovettura privata;In marcia / fermata / arresto;Conducente;F;Illeso;0;;;Inesploso
3707892;6;01/03/2018 16:45;Statale entro l'abitato;VIA CASILINA;all'intersezione semaforizzata con;PIAZZA DEL PIGNETO;PIAZZA DEL PIGNETO;;;Scontro laterale fra veicoli in marcia;Intersezione semaforizzata;Una carreggiata a senso unico alternato;Bagnato (umidità in atto);Asfaltata;Verticale ed orizzontale;Nuvoloso;Intenso;Buona;Ore Diurne;0;0;0;5;12,52288;41,88899;-1;1;Autovettura privata;In marcia / fermata / arresto;Conducente;F;Illeso;0;;;Inesploso
3707892;6;01/03/2018 16:45;Statale entro l'abitato;VIA CASILINA;all'intersezione semaforizzata con;PIAZZA DEL PIGNETO;PIAZZA DEL PIGNETO;;;Scontro laterale fra veicoli in marcia;Intersezione semaforizzata;Una carreggiata a senso unico alternato;Bagnato (umidità in atto);Asfaltata;Verticale ed orizzontale;Nuvoloso;Intenso;Buona;Ore Diurne;0;0;0;5;12,52288;41,88899;-1;1;Autovettura privata;In marcia / fermata / arresto;Passeggero;M;Illeso;0;;;
3707892;6;01/03/2018 16:45;Statale entro l'abitato;VIA CASILINA;all'intersezione semaforizzata con;PIAZZA DEL PIGNETO;PIAZZA DEL PIGNETO;;;Scontro laterale fra veicoli in marcia;Intersezione semaforizzata;Una carreggiata a senso unico alternato;Bagnato (umidità in atto);Asfaltata;Verticale ed orizzontale;Nuvoloso;Intenso;Buona;Ore Diurne;0;0;0;5;12,52288;41,88899;-1;1;Autovettura privata;In marcia / fermata / arresto;Passeggero;F;Illeso;0;;;
3707892;6;01/03/2018 16:45;Statale entro l'abitato;VIA CASILINA;all'intersezione semaforizzata con;PIAZZA DEL PIGNETO;PIAZZA DEL PIGNETO;;;Scontro laterale fra veicoli in marcia;Intersezione semaforizzata;Una carreggiata a senso unico alternato;Bagnato (umidità in atto);Asfaltata;Verticale ed orizzontale;Nuvoloso;Intenso;Buona;Ore Diurne;0;0;0;5;12,52288;41,88899;-1;2;Autovettura privata;In marcia / fermata / arresto;Conducente;M;Illeso;0;;;Inesploso
3707892;6;01/03/2018 16:45;Statale entro l'abitato;VIA CASILINA;all'intersezione semaforizzata con;PIAZZA DEL PIGNETO;PIAZZA DEL PIGNETO;;;Scontro laterale fra veicoli in marcia;Intersezione semaforizzata;Una carreggiata a senso unico alternato;Bagnato (umidità in atto);Asfaltata;Verticale ed orizzontale;Nuvoloso;Intenso;Buona;Ore Diurne;0;0;0;5;12,52288;41,88899;-1;2;Autovettura privata;In marcia / fermata / arresto;Passeggero;F;Illeso;0;;;
3707934;11;01/03/2018 18:10;Strada Urbana;VIA DI FIORANELLO;in corrispondenza;;del civico n.;175 B;;Veicolo in marcia contro ostacolo accidentale;Rettilineo;Una carreggiata a doppio senso;Bagnato (pioggia);Asfaltata;Orizzontale;Nuvoloso;Normale;Insufficiente;Inesistente;0;0;0;1;12,5417;41,79195;-1;1;Autovettura privata;In marcia / fermata / arresto;Conducente;M;Illeso;0;;Non accertato;Inesploso
3707970;18;01/03/2018 06:16;Strada Urbana;VIA DI BOCCEA;in corrispondenza;;del civico n.;812;;Veicolo in marcia contro ostacolo accidentale;Rettilineo;Una carreggiata a doppio senso;Bagnato (umidità in atto);Asfaltata;Verticale ed orizzontale;Nuvoloso;Normale;Buona;Ore Diurne;0;0;0;1;12,36136;41,92577;-1;1;Autovettura privata;In marcia / fermata / arresto;Conducente;M;Illeso;0;;;
3707975;6;01/03/2018 17:50;Strada Urbana;VIA DI PORTA FURBA;da specificare;;;;altezza Via degli Oppii;Veicolo in marcia contro ostacolo accidentale;Curva senza visuale libera;Una carreggiata a senso unico di marcia;Bagnato (pioggia);Con buche;Orizzontale;Nuvoloso;Normale;Buona;Sufficiente;0;0;0;1;12,54105;41,87321;-1;1;Autovettura privata;In marcia / fermata / arresto;Conducente;M;Illeso;0;;;Inesploso
3708386;5;01/03/2018 22:00;Strada Urbana;VIA DI TOR BELLA MONACA;in prossimità;;del civico n.;449;;Fuoriuscita dalla sede stradale;Rettilineo;Due carreggiate;Asciutto;Asfaltata;Verticale ed orizzontale;Sereno;Scarso;Buona;Sufficiente;0;1;1;0;12,63193;41,8726;0;1;Autovettura privata;In marcia / fermata / arresto;Conducente;M;Deceduto durante prime cure;-1;;Non accertato;Esploso
3708386;5;01/03/2018 22:00;Strada Urbana;VIA DI TOR BELLA MONACA;in prossimità;;del civico n.;449;;Fuoriuscita dalla sede stradale;Rettilineo;Due carreggiate;Asciutto;Asfaltata;Verticale ed orizzontale;Sereno;Scarso;Buona;Sufficiente;0;1;1;0;12,63193;41,8726;0;1;Autovettura privata;In marcia / fermata / arresto;Passeggero;F;Prognosi riservata;0;NON DECEDUTO;Non accertato;Esploso
3708388;1;01/03/2018 20:00;Strada Urbana;VIA DEI PIANELLARI;in prossimità;;del civico n.;36;;Veicolo in marcia contro veicolo fermo;Rettilineo;Una carreggiata a senso unico di marcia;Asciutto;In cubetti di porfido;Verticale;Nuvoloso;Scarso;Sufficiente;Sufficiente;0;0;0;3;12,47405;41,90127;-1;1;Autovettura privata;In marcia / fermata / arresto;Conducente;M;Illeso;0;;Non accertato;Inesploso
3708388;1;01/03/2018 20:00;Strada Urbana;VIA DEI PIANELLARI;in prossimità;;del civico n.;36;;Veicolo in marcia contro veicolo fermo;Rettilineo;Una carreggiata a senso unico di marcia;Asciutto;In cubetti di porfido;Verticale;Nuvoloso;Scarso;Sufficiente;Sufficiente;0;0;0;3;12,47405;41,90127;-1;1;Autovettura privata;In marcia / fermata / arresto;Passeggero;F;Illeso;0;;Non accertato;Inesploso
3708388;1;01/03/2018 20:00;Strada Urbana;VIA DEI PIANELLARI;in prossimità;;del civico n.;36;;Veicolo in marcia contro veicolo fermo;Rettilineo;Una carreggiata a senso unico di marcia;Asciutto;In cubetti di porfido;Verticale;Nuvoloso;Scarso;Sufficiente;Sufficiente;0;0;0;3;12,47405;41,90127;-1;2;Autocarro inferiore 35 q.;In marcia / fermata / arresto;Conducente;M;Illeso;0;;Non accertato;Inesploso
3708399;9;01/03/2018 08:50;Strada Urbana;VIA DI TORRE DEL FISCALE;all'intersezione con;VIA COLLE TERRIGNO;VIA COLLE TERRIGNO;;;Scontro frontale/laterale SX fra veicoli in marcia;Incrocio;Una carreggiata a doppio senso;Bagnato (umidità in atto);Asfaltata;Verticale;Nuvoloso;Scarso;Buona;Ore Diurne;0;0;0;2;12,54112;41,85685;-1;1;Autovettura privata;In marcia / fermata / arresto;Conducente;F;Illeso;0;;Non accertato;
3708399;9;01/03/2018 08:50;Strada Urbana;VIA DI TORRE DEL FISCALE;all'intersezione con;VIA COLLE TERRIGNO;VIA COLLE TERRIGNO;;;Scontro frontale/laterale SX fra veicoli in marcia;Incrocio;Una carreggiata a doppio senso;Bagnato (umidità in atto);Asfaltata;Verticale;Nuvoloso;Scarso;Buona;Ore Diurne;0;0;0;2;12,54112;41,85685;-1;2;Autovettura privata;In marcia / fermata / arresto;Conducente;M;Illeso;0;;Non accertato;
3708403;15;01/03/2018 15:10;Strada Urbana;VIA DEL TRULLO;in prossimità;;del civico n.;152;;Tamponamento;Rettilineo;Due carreggiate;Asciutto;Asfaltata;Verticale ed orizzontale;Nuvoloso;Normale;Buona;Ore Diurne;0;0;0;3;12,4357;41,84757;-1;1;Autovettura privata;In marcia / fermata / arresto;Conducente;F;Illeso;0;;Utilizzato;
3708403;15;01/03/2018 15:10;Strada Urbana;VIA DEL TRULLO;in prossimità;;del civico n.;152;;Tamponamento;Rettilineo;Due carreggiate;Asciutto;Asfaltata;Verticale ed orizzontale;Nuvoloso;Normale;Buona;Ore Diurne;0;0;0;3;12,4357;41,84757;-1;2;Motociclo a solo;In marcia / fermata / arresto;Conducente;M;Illeso;0;;Utilizzato;
3708403;15;01/03/2018 15:10;Strada Urbana;VIA DEL TRULLO;in prossimità;;del civico n.;152;;Tamponamento;Rettilineo;Due carreggiate;Asciutto;Asfaltata;Verticale ed orizzontale;Nuvoloso;Normale;Buona;Ore Diurne;0;0;0;3;12,4357;41,84757;-1;2;Motociclo a solo;In marcia / fermata / arresto;Passeggero;F;Illeso;0;;Utilizzato;
3708411;15;01/03/2018 18:15;Autostrada;VIA DELLA MAGLIANA;da specificare;;;;rampa gra dir. Aurelia alt. Via della Magliana;Tamponamento;Curva a visuale libera;Una carreggiata a senso unico di marcia;Bagnato (pioggia);Asfaltata;Verticale ed orizzontale;Nuvoloso;Normale;Buona;Sufficiente;0;0;0;2;12,41962;41,83172;-1;1;Autovettura privata;In marcia / fermata / arresto;Conducente;M;Illeso;0;;Non accertato;Inesploso
3708411;15;01/03/2018 18:15;Autostrada;VIA DELLA MAGLIANA;da specificare;;;;rampa gra dir. Aurelia alt. Via della Magliana;Tamponamento;Curva a visuale libera;Una carreggiata a senso unico di marcia;Bagnato (pioggia);Asfaltata;Verticale ed orizzontale;Nuvoloso;Normale;Buona;Sufficiente;0;0;0;2;12,41962;41,83172;-1;2;Autovettura privata;In marcia / fermata / arresto;Conducente;F;Illeso;0;;Non accertato;Inesploso
3708414;13;01/03/2018 12:30;Strada Urbana;PIAZZA GREGORIOPOLI;da specificare;;;;xxxxxxxxxxxxxxxx;Scontro laterale fra veicoli in marcia;Rettilineo;Una carreggiata a doppio senso;Asciutto;Strada pavimentata dissestata;Verticale;Nebbia;Normale;Sufficiente;Sufficiente;0;0;0;2;12,30288;41,76014;-1;1;Autovettura privata;In marcia / fermata / arresto;Conducente;M;Illeso;0;;;Inesistente