Protocollo;Gruppo;DataOraIncidente;Localizzazione1;STRADA1;Localizzazione2;STRADA2;Strada02;Chilometrica;DaSpecificare;NaturaIncidente;particolaritastrade;TipoStrada;FondoStradale;Pavimentazione;Segnaletica;CondizioneAtmosferica;Traffico;Visibilita;Illuminazione;NUM_FERITI;NUM_RISERVATA;NUM_MORTI;NUM_ILLESI;Longitudine;Latitudine;Confermato;Progressivo;TipoVeicolo;StatoVeicolo;TipoPersona;Sesso;Tipolesione;Deceduto;DecedutoDopo;CinturaCascoUtilizzato;Airbag
3712796;13;04/03/2018 18:00;Strada Urbana;VIA DEI PESCATORI;da specificare;;;;PROSSIMITA' VIA MICALI;Veicolo in marcia contro ostacolo accidentale;Rettilineo;Una carreggiata a senso unico di marcia;Asciutto;Strada pavimentata dissestata;Verticale;Nuvoloso;Normale;Insufficiente;Inesistente;0;0;0;2;12,33443;41,75221;-1;1;Autovettura privata;In marcia / fermata / arresto;Conducente;M;Illeso;0;;Non accertato;Inesploso
3712796;13;04/03/2018 18:00;Strada Urbana;VIA DEI PESCATORI;da specificare;;;;PROSSIMITA' VIA MICALI;Veicolo in marcia contro ostacolo accidentale;Rettilineo;Una carreggiata a senso unico di marcia;Asciutto;Strada pavimentata dissestata;Verticale;Nuvoloso;Normale;Insufficiente;Inesistente;0;0;0;2;12,33443;41,75221;-1;1;Autovettura privata;In marcia / fermata / arresto;Passeggero;F;Illeso;0;;;
3712807;2;04/03/2018 16:30;Strada Urbana;VIA DI VILLA CHIGI;in prossimità;;del civico n.;35;;Veicolo in marcia contro veicolo in sosta;Rettilineo;Una carreggiata a senso unico di marcia;Bagnato (pioggia);Asfaltata;Verticale ed orizzontale;Pioggia in atto;Intenso;Sufficiente;Ore Diurne;0;0;0;2;12,51356;41,93194;-1;1;Autovettura privata;Sosta;Passeggero;M;Illeso;0;;;
3712807;2;04/03/2018 16:30;Strada Urbana;VIA DI VILLA CHIGI;in prossimità;;del civico n.;35;;Veicolo in marcia contro veicolo in sosta;Rettilineo;Una carreggiata a senso unico di marcia;Bagnato (pioggia);Asfaltata;Verticale ed orizzontale;Pioggia in atto;Intenso;Sufficiente;Ore Diurne;0;0;0;2;12,51356;41,93194;-1;2;Autovettura privata;In marcia / fermata / arresto;Conducente;F;Illeso;0;;;
3712813;2;04/03/2018 23:15;Strada Urbana;VIALE TIZIANO;da specificare;;;;alt. p.le Ankara;Veicolo in marcia contro ostacolo accidentale;Rettilineo;Una carreggiata a senso unico di marcia;Bagnato (pioggia);Asfaltata;Verticale ed orizzontale;Pioggia in atto;Scarso;Buona;Sufficiente;0;0;0;2;12,4718;41,92409;-1;1;Autovettura privata;In marcia / fermata / arresto;Conducente;M;Illeso;0;;;
3712813;2;04/03/2018 23:15;Strada Urbana;VIALE TIZIANO;da specificare;;;;alt. p.le Ankara;Veicolo in marcia contro ostacolo accidentale;Rettilineo;Una carreggiata a senso unico di marcia;Bagnato (pioggia);Asfaltata;Verticale ed orizzontale;Pioggia in atto;Scarso;Buona;Sufficiente;0;0;0;2;12,4718;41,92409;-1;1;Autovettura privata;In marcia / fermata / arresto;Passeggero;F;Illeso;0;;;
3712814;2;05/03/2018 00:30;Strada Urbana;VIALE TIZIANO;da specificare;;;;pross. P.LE ANKARA;Veicolo in marcia contro ostacolo accidentale;Rettilineo;Una carreggiata a senso unico di marcia;Bagnato (pioggia);Asfaltata;Verticale ed orizzontale;Pioggia in atto;Scarso;Buona;Sufficiente;0;0;0;1;12,47072;41,92649;-1;1;Autovettura privata;In marcia / fermata / arresto;Conducente;M;Illeso;0;;Non accertato;Inesploso
3712816;2;05/03/2018 00:31;Strada Urbana;VIALE TIZIANO;da specificare;;;;pross. P.LE ANKARA;Veicolo in marcia contro ostacolo accidentale;Rettilineo;Una carreggiata a senso unico di marcia;Bagnato (pioggia);Asfaltata;Verticale ed orizzontale;Pioggia in atto;Scarso;Buona;Sufficiente;0;0;0;1;12,47072;41,92649;-1;1;Autovettura privata;In marcia / fermata / arresto;Conducente;M;Illeso;0;;Non accertato;Inesploso
3712818;2;05/03/2018 00:15;Strada Urbana;VIALE TIZIANO;da specificare;;;;pross. P.LE ANKARA;Veicolo in marcia contro ostacolo accidentale;Rettilineo;Una carreggiata a senso unico di marcia;Bagnato (pioggia);Asfaltata;Verticale ed orizzontale;Pioggia in atto;Scarso;Buona;Sufficiente;0;0;0;2;12,47072;41,92649;-1;1;Autovettura privata;In marcia / fermata / arresto;Conducente;F;Illeso;0;;Non accertato;Inesploso
3712818;2;05/03/2018 00:15;Strada Urbana;VIALE TIZIANO;da specificare;;;;pross. P.LE ANKARA;Veicolo in marcia contro ostacolo accidentale;Rettilineo;Una carreggiata a senso unico di marcia;Bagnato (pioggia);Asfaltata;Verticale ed orizzontale;Pioggia in atto;Scarso;Buona;Sufficiente;0;0;0;2;12,47072;41,92649;-1;1;Autovettura privata;In marcia / fermata / arresto;Passeggero;M;Illeso;0;;Non accertato;Inesploso
3712819;4;03/03/2018 18:30;Strada Urbana;VIA RENATO FUCINI;da specificare;;;;in prossimità del fronte civico 290.;Veicolo in marcia contro ostacolo accidentale;Rettilineo;Due carreggiate;Bagnato (pioggia);Asfaltata;Orizzontale;Nuvoloso;Normale;Sufficiente;Sufficiente;0;0;0;2;12,54946;41,94985;-1;1;Autovettura privata;In marcia / fermata / arresto;Conducente;M;Illeso;0;;Non accertato;
3712819;4;03/03/2018 18:30;Strada Urbana;VIA RENATO FUCINI;da specificare;;;;in prossimità del fronte civico 290.;Veicolo in marcia contro ostacolo accidentale;Rettilineo;Due carreggiate;Bagnato (pioggia);Asfaltata;Orizzontale;Nuvoloso;Normale;Sufficiente;Sufficiente;0;0;0;2;12,54946;41,94985;-1;1;Autovettura privata;In marcia / fermata / arresto;Passeggero;F;Illeso;0;;Non accertato;
3712820;2;04/03/2018 18:50;Strada Urbana;VIA CHIANA;all'intersezione con;VIA RENO;VIA RENO;;;Investimento di pedone;Incrocio;Una carreggiata a doppio senso;Bagnato (pioggia);Asfaltata;Verticale ed orizzontale;Pioggia in atto;Scarso;Sufficiente;Sufficiente;1;0;0;1;12,50738;41,92093;-1;;;;Pedone;F;Rimandato;0;NON DECEDUTO;;
3712820;2;04/03/2018 18:50;Strada Urbana;VIA CHIANA;all'intersezione con;VIA RENO;VIA RENO;;;Investimento di pedone;Incrocio;Una carreggiata a doppio senso;Bagnato (pioggia);Asfaltata;Verticale ed orizzontale;Pioggia in atto;Scarso;Sufficiente;Sufficiente;1;0;0;1;12,50738;41,92093;-1;1;Autovettura privata;In marcia / fermata / arresto;Conducente;M;Illeso;0;;;
3712823;2;05/03/2018 00:40;Strada Urbana;VIALE TIZIANO;da specificare;;;;pross. P.LE ANKARA;Veicolo in marcia contro ostacolo accidentale;Rettilineo;Una carreggiata a senso unico di marcia;Bagnato (pioggia);Asfaltata;Verticale ed orizzontale;Pioggia in atto;Scarso;Buona;Sufficiente;0;0;0;2;12,47072;41,92649;-1;1;Autovettura privata;In marcia / fermata / arresto;Conducente;M;Illeso;0;;Non accertato;Inesploso
3712823;2;05/03/2018 00:40;Strada Urbana;VIALE TIZIANO;da specificare;;;;pross. P.LE ANKARA;Veicolo in marcia contro ostacolo accidentale;Rettilineo;Una carreggiata a senso unico di marcia;Bagnato (pioggia);Asfaltata;Verticale ed orizzontale;Pioggia in atto;Scarso;Buona;Sufficiente;0;0;0;2;12,47072;41,92649;-1;1;Autovettura privata;In marcia / fermata / arresto;Passeggero;F;Illeso;0;;Non accertato;Inesploso
3712830;4;02/03/2018 07:05;Strada Urbana;VIA DARIO NICCODEMI;in corrispondenza;;del civico n.;88;;Scontro frontale/laterale DX fra veicoli in marcia;Rettilineo;Una carreggiata a doppio senso;Bagnato (pioggia);Asfaltata;Orizzontale;Pioggia in atto;Normale;Buona;Ore Diurne;0;0;0;2;12,54912;41,9558;-1;1;Autovettura privata;In marcia / fermata / arresto;Conducente;M;Illeso;0;;;
3712830;4;02/03/2018 07:05;Strada Urbana;VIA DARIO NICCODEMI;in corrispondenza;;del civico n.;88;;Scontro frontale/laterale DX fra veicoli in marcia;Rettilineo;Una carreggiata a doppio senso;Bagnato (pioggia);Asfaltata;Orizzontale;Pioggia in atto;Normale;Buona;Ore Diurne;0;0;0;2;12,54912;41,9558;-1;2;Autovettura privata;In marcia / fermata / arresto;Conducente;M;Illeso;0;;;
3712834;2;04/03/2018 03:30;Strada Urbana;VIA ANTONIO GRAMSCI;in prossimità;;del civico n.;42/A;;Veicolo in marcia contro veicoli in sosta;Rettilineo;Una carreggiata a senso unico di marcia;Asciutto;Asfaltata;Verticale ed orizzontale;Sereno;Scarso;Sufficiente;Sufficiente;1;0;0;0;12,47819;41,92053;-1;1;Autovettura privata;In marcia / fermata / arresto;Conducente;F;Rimandato;0;NON DECEDUTO;;
3712835;9;04/03/2018 22:00;Strada Urbana;Tangenziale Est;da specificare;;;;altezza via Acireale;Veicolo in marcia contro ostacolo accidentale;Rettilineo;Due carreggiate;Bagnato (pioggia);Con buche;Assente;Pioggia in atto;Normale;Sufficiente;Sufficiente;0;0;0;2;12,5166;41,8875;-1;1;Autovettura privata;In marcia / fermata / arresto;Conducente;M;Illeso;0;;Non accertato;Inesploso
3712835;9;04/03/2018 22:00;Strada Urbana;Tangenziale Est;da specificare;;;;altezza via Acireale;Veicolo in marcia contro ostacolo accidentale;Rettilineo;Due carreggiate;Bagnato (pioggia);Con buche;Assente;Pioggia in atto;Normale;Sufficiente;Sufficiente;0;0;0;2;12,5166;41,8875;-1;1;Autovettura privata;In marcia / fermata / arresto;Passeggero;F;Illeso;0;;Non accertato;Inesploso
3712839;19;02/03/2018 10:00;Strada Urbana;VIA DI CASAL DEL MARMO;in corrispondenza;;del civico n.;145;;Tamponamento;Rettilineo;Una carreggiata a doppio senso;Bagnato (pioggia);Asfaltata;Verticale ed orizzontale;Nuvoloso;Normale;Buona;Ore Diurne;0;0;0;2;12,40647;41,95992;-1;1;Autovettura privata;In marcia / fermata / arresto;Conducente;M;Illeso;0;;Non accertato;Inesploso
3712839;19;02/03/2018 10:00;Strada Urbana;VIA DI CASAL DEL MARMO;in corrispondenza;;del civico n.;145;;Tamponamento;Rettilineo;Una carreggiata a doppio senso;Bagnato (pioggia);Asfaltata;Verticale ed orizzontale;Nuvoloso;Normale;Buona;Ore Diurne;0;0;0;2;12,40647;41,95992;-1;1;Autovettura privata;In marcia / fermata / arresto;Passeggero;M;Illeso;0;;Non accertato;Inesploso
3712862;1;04/03/2018 16:10;;VIA GIOVANNI GIOLITTI;all'intersezione con;PIAZZA DEI CINQUECENTO;PIAZZA DEI CINQUECENTO;;;Investimento di pedone;;;;;;;;;;1;0;0;1;;;0;;;;Pedone;M;Rimandato;0;NON DECEDUTO;;
3712862;1;04/03/2018 16:10;;VIA GIOVANNI GIOLITTI;all'intersezione con;PIAZZA DEI CINQUECENTO;PIAZZA DEI CINQUECENTO;;;Investimento di pedone;;;;;;;;;;1;0;0;1;;;0;1;Autovettura privata;In marcia / fermata / arresto;Conducente;M;Illeso;0;;;
3712878;16;05/03/2018 00:40;Strada Urbana;VIA GAETANO ASTOLFI;in corrispondenza;;del civico n.;65;;Scontro laterale fra veicoli in marcia;Rettilineo;Una carreggiata a senso unico di marcia;Bagnato (pioggia);Asfaltata;Assente;Pioggia in atto;Scarso;Sufficiente;Sufficiente;0;0;0;2;12,45776;41,86309;-1;1;Autovettura privata;In marcia / fermata / arresto;Conducente;M;Illeso;0;;Non accertato;
3712878;16;05/03/2018 00:40;Strada Urbana;VIA GAETANO ASTOLFI;in corrispondenza;;del civico n.;65;;Scontro laterale fra veicoli in marcia;Rettilineo;Una carreggiata a senso unico di marcia;Bagnato (pioggia);Asfaltata;Assente;Pioggia in atto;Scarso;Sufficiente;Sufficiente;0;0;0;2;12,45776;41,86309;-1;2;Autovettura privata;In marcia / fermata / arresto;Conducente;M;Illeso;0;;Non accertato;
3712879;4;04/03/2018 12:40;Strada Urbana;PIAZZA STIA;da specificare;;;;di fronte al civ. 8;Veicolo in marcia contro veicolo in sosta;Rettilineo;Più di due carreggiate;Asciutto;Asfaltata;Verticale ed orizzontale;Nuvoloso;Scarso;Buona;Ore Diurne;0;0;0;2;12,51453;41,97698;-1;1;Autovettura privata;In marcia / fermata / arresto;Conducente;M;Illeso;0;;;
3712879;4;04/03/2018 12:40;Strada Urbana;PIAZZA STIA;da specificare;;;;di fronte al civ. 8;Veicolo in marcia contro veicolo in sosta;Rettilineo;Più di due carreggiate;Asciutto;Asfaltata;Verticale ed orizzontale;Nuvoloso;Scarso;Buona;Ore Diurne;0;0;0;2;12,51453;41,97698;-1;2;Autocarro inferiore 35 q.;Sosta;Passeggero;M;Illeso;0;;;
3712907;1;05/03/2018 00:10;Strada Urbana;VIALE ENRICO DE NICOLA;in prossimità;;del palo luce n.;FR 22;;Investimento di pedone;Rettilineo;Due carreggiate;Bagnato (pioggia);Asfaltata;Verticale ed orizzontale;Pioggia in atto;Scarso;Sufficiente;Sufficiente;1;0;0;1;12,49998;41,90281;-1;;;;Pedone;F;Rimandato;0;NON DECEDUTO;;
3712907;1;05/03/2018 00:10;Strada Urbana;VIALE ENRICO DE NICOLA;in prossimità;;del palo luce n.;FR 22;;Investimento di pedone;Rettilineo;Due carreggiate;Bagnato (pioggia);Asfaltata;Verticale ed orizzontale;Pioggia in atto;Scarso;Sufficiente;Sufficiente;1;0;0;1;12,49998;41,90281;-1;1;Autovettura pubblica;In marcia / fermata / arresto;Conducente;M;Illeso;0;;;
3712918;19;02/03/2018 08:45;Strada Urbana;VIA DELLA PINETA SACCHETTI;in prossimità;;del civico n.;185;;Scontro laterale fra veicoli in marcia;Rettilineo;Due carreggiate;Bagnato (pioggia);Asfaltata;Orizzontale;Nuvoloso;Intenso;Buona;Ore Diurne;0;0;0;3;12,42526;41,92548;-1;1;Autovettura privata;In marcia / fermata / arresto;Conducente;F;Illeso;0;;Non accertato;Inesploso
3712918;19;02/03/2018 08:45;Strada Urbana;VIA DELLA PINETA SACCHETTI;in prossimità;;del civico n.;185;;Scontro laterale fra veicoli in marcia;Rettilineo;Due carreggiate;Bagnato (pioggia);Asfaltata;Orizzontale;Nuvoloso;Intenso;Buona;Ore Diurne;0;0;0;3;12,42526;41,92548;-1;1;Autovettura privata;In marcia / fermata / arresto;Passeggero;F;Illeso;0;;Non accertato;Inesploso
3712918;19;02/03/2018 08:45;Strada Urbana;VIA DELLA PINETA SACCHETTI;in prossimità;;del civico n.;185;;Scontro laterale fra veicoli in marcia;Rettilineo;Due carreggiate;Bagnato (pioggia);Asfaltata;Orizzontale;Nuvoloso;Intenso;Buona;Ore Diurne;0;0;0;3;12,42526;41,92548;-1;2;Autovettura privata;In marcia / fermata / arresto;Conducente;M;Illeso;0;;Non accertato;Inesploso
3712948;19;03/03/2018 13:10;Strada Urbana;VIA VINCENZO VIARA DE RICCI;in corrispondenza;;del civico n.;11;;Scontro frontale/laterale DX fra veicoli in marcia;Rettilineo;Una carreggiata a senso unico di marcia;Bagnato (pioggia);Asfaltata;Assente;Nuvoloso;Scarso;Buona;Ore Diurne;0;0;0;2;12,41332;41,92696;-1;1;Autovettura privata;In marcia / fermata / arresto;Conducente;M;Illeso;0;;;
3712948;19;03/03/2018 13:10;Strada Urbana;VIA VINCENZO VIARA DE RICCI;in corrispondenza;;del civico n.;11;;Scontro frontale/laterale DX fra veicoli in marcia;Rettilineo;Una carreggiata a senso unico di marcia;Bagnato (pioggia);Asfaltata;Assente;Nuvoloso;Scarso;Buona;Ore Diurne;0;0;0;2;12,41332;41,92696;-1;2;Autovettura privata;In marcia / fermata / arresto;Conducente;F;Illeso;0;;;
3712963;23;04/03/2018 20:50;Strada Urbana;VIALE GIUSTINIANO IMPERATORE;all'intersezione con;LARGO LEONARDO DA VINCI;LARGO LEONARDO DA VINCI;;;Investimento di pedone;Intersezione non regolata/non segnalata;Due carreggiate;Bagnato (pioggia);Asfaltata;Verticale ed orizzontale;Pioggia in atto;Normale;Buona;Sufficiente;1;0;0;3;12,47995;41,85651;-1;;;;Pedone;F;Rimandato;0;NON DECEDUTO;;
3712963;23;04/03/2018 20:50;Strada Urbana;VIALE GIUSTINIANO IMPERATORE;all'intersezione con;LARGO LEONARDO DA VINCI;LARGO LEONARDO DA VINCI;;;Investimento di pedone;Intersezione non regolata/non segnalata;Due carreggiate;Bagnato (pioggia);Asfaltata;Verticale ed orizzontale;Pioggia in atto;Normale;Buona;Sufficiente;1;0;0;3;12,47995;41,85651;-1;1;Autovettura privata;In marcia / fermata / arresto;Conducente;F;Illeso;0;;Non accertato;Inesploso
3712963;23;04/03/2018 20:50;Strada Urbana;VIALE GIUSTINIANO IMPERATORE;all'intersezione con;LARGO LEONARDO DA VINCI;LARGO LEONARDO DA VINCI;;;Investimento di pedone;Intersezione non regolata/non segnalata;Due carreggiate;Bagnato (pioggia);Asfaltata;Verticale ed orizzontale;Pioggia in atto;Normale;Buona;Sufficiente;1;0;0;3;12,47995;41,85651;-1;1;Autovettura privata;In marcia / fermata / arresto;Passeggero;F;Illeso;0;;Non accertato;Inesploso
3712968;19;03/03/2018 08:55;Strada Urbana;VIA FELICE LE MONNIER;da specificare;;;;palo telefonico nr. 2;Veicolo in marcia contro ostacolo accidentale;Rettilineo;Una carreggiata a doppio senso;Bagnato (pioggia);Asfaltata;Assente;Pioggia in atto;Scarso;Buona;Ore Diurne;0;0;0;1;12,33997;42,00856;-1;1;Veicolo speciale;In marcia / fermata / arresto;Conducente;M;Illeso;0;;Non accertato;Inesploso
3712975;16;02/03/2018 11:55;Strada Urbana;VIALE DI VILLA PAMPHILI;all'intersezione con;VIA ANDREA BUSIRI VICI;VIA ANDREA BUSIRI VICI;;;Investimento di pedone;Incrocio;Due carreggiate;Asciutto;Asfaltata;Verticale ed orizzontale;Nuvoloso;Normale;Buona;Ore Diurne;1;0;0;1;12,45716;41,88269;-1;;;;Pedone;F;Rimandato;0;NON DECEDUTO;;
3712975;16;02/03/2018 11:55;Strada Urbana;VIALE DI VILLA PAMPHILI;all'intersezione con;VIA ANDREA BUSIRI VICI;VIA ANDREA BUSIRI VICI;;;Investimento di pedone;Incrocio;Due carreggiate;Asciutto;Asfaltata;Verticale ed orizzontale;Nuvoloso;Normale;Buona;Ore Diurne;1;0;0;1;12,45716;41,88269;-1;1;Autovettura privata;In marcia / fermata / arresto;Conducente;F;Illeso;0;;Non accertato;Inesploso
3712991;12;02/03/2018 02:00;Strada Urbana;VIALE DON PASQUINO BORGHI;in prossimità;;del palo luce n.;20;;Veicolo in marcia contro ostacolo fisso;Rettilineo;Una carreggiata a senso unico di marcia;Asciutto;Asfaltata;Verticale ed orizzontale;Nuvoloso;Scarso;Buona;Sufficiente;0;1;0;0;;;0;1;Autovettura privata;In marcia / fermata / arresto;Conducente;M;Prognosi riservata;0;NON DECEDUTO;Non accertato;Esploso
3712996;16;02/03/2018 12:00;Strada Urbana;VIA ETTORE ROLLI;in corrispondenza;;del civico n.;48;;Scontro laterale fra veicoli in marcia;Rettilineo;Una carreggiata a doppio senso;Asciutto;Asfaltata;Verticale ed orizzontale;Sereno;Normale;Buona;Ore Diurne;0;0;0;2;12,46734;41,87334;-1;1;Autovettura privata;In marcia / fermata / arresto;Conducente;M;Illeso;0;;Non accertato;Inesploso
3712996;16;02/03/2018 12:00;Strada Urbana;VIA ETTORE ROLLI;in corrispondenza;;del civico n.;48;;Scontro laterale fra veicoli in marcia;Rettilineo;Una carreggiata a doppio senso;Asciutto;Asfaltata;Verticale ed orizzontale;Sereno;Normale;Buona;Ore Diurne;0;0;0;2;12,46734;41,87334;-1;2;Autovettura privata;In marcia / fermata / arresto;Conducente;F;Illeso;0;;Non accertato;Inesploso
3713020;4;04/03/2018 20:00;Statale entro l'abitato;VIA SALARIA;da specificare;;;;direzione Monterotondo (Ponte Aniene);Veicolo in marcia contro ostacolo fisso;Rettilineo;Una carreggiata a senso unico di marcia;Bagnato (pioggia);Asfaltata;Orizzontale;Pioggia in atto;Normale;Insufficiente;Inesistente;0;0;0;1;12,51783;41,98705;-1;1;Autocarro inferiore 35 q.;In marcia / fermata / arresto;Conducente;F;Illeso;0;;Non accertato;Inesploso
3713028;16;02/03/2018 12:15;Strada Urbana;VIA FELICE CAVALLOTTI;all'intersezione con;VIA CARLO PISACANE;VIA CARLO PISACANE;;;Scontro laterale fra veicoli in marcia;Incrocio;Una carreggiata a senso unico di marcia;Asciutto;Asfaltata;Verticale ed orizzontale;Nuvoloso;Scarso;Buona;Ore Diurne;0;0;0;2;12,46204;41,87785;-1;1;Autovettura privata;In marcia / fermata / arresto;Conducente;F;Illeso;0;;Non accertato;Inesploso
3713028;16;02/03/2018 12:15;Strada Urbana;VIA FELICE CAVALLOTTI;all'intersezione con;VIA CARLO PISACANE;VIA CARLO PISACANE;;;Scontro laterale fra veicoli in marcia;Incrocio;Una carreggiata a senso unico di marcia;Asciutto;Asfaltata;Verticale ed orizzontale;Nuvoloso;Scarso;Buona;Ore Diurne;0;0;0;2;12,46204;41,87785;-1;2;Autovettura privata;In marcia / fermata / arresto;Conducente;M;Illeso;0;;Non accertato;Inesploso
3713029;2;05/03/2018 06:10;Strada Urbana;CIRCONVALLAZIONE SALARIA;da specificare;;;;dir. Nomentana alt. rampa uscita Viale Somalia;Veicolo in marcia contro ostacolo accidentale;Rettilineo;Due carreggiate;Bagnato (pioggia);Asfaltata;Verticale ed orizzontale;Pioggia in atto;Normale;Buona;Sufficiente;0;0;0;1;12,52092;41,93437;-1;1;Autovettura privata;In marcia / fermata / arresto;Conducente;M;Illeso;0;;Non accertato;Inesploso
3713038;16;02/03/2018 15:20;;PIAZZA CARLO ALBERTO SCOTTI;in corrispondenza;;del civico n.;23;;Veicolo in marcia contro ostacolo accidentale;;;;;;;;;;0;0;0;1;12,44574;41,86957;0;1;Autocarro inferiore 35 q.;In marcia / fermata / arresto;Conducente;M;Illeso;0;;;
3713045;4;04/03/2018 23:00;Statale entro l'abitato;VIA SALARIA;da specificare;;;;direz.ne Monterotondo a m. 100 da via P. Fiscali;Veicolo in marcia contro ostacolo accidentale;Rettilineo;Una carreggiata a senso unico di marcia;Bagnato (pioggia);Asfaltata;Assente;Pioggia in atto;Normale;Insufficiente;Inesistente;0;0;0;1;12,51783;41,98705;-1;1;Autovettura privata;In marcia / fermata / arresto;Conducente;M;Illeso;0;;;
3713048;6;04/03/2018 06:15;Strada Urbana;VIALE DELLA VENEZIA GIULIA;in prossimità;;del palo luce n.;fr.27;;Veicolo in marcia contro veicoli in sosta;Rettilineo;Una carreggiata a doppio senso;Bagnato (pioggia);Asfaltata;Orizzontale;Pioggia in atto;Scarso;Buona;Ore Diurne;0;0;0;1;12,55322;41,89655;-1;1;Autovettura privata;In marcia / fermata / arresto;Conducente;M;Illeso;0;;Non accertato;
3713050;5;02/03/2018 09:10;Strada Urbana;VIA DELLA TENUTA DEL CAVALIERE;all'intersezione con;VIA OSTERIA DELLE CAPANNACCE;VIA OSTERIA DELLE CAPANNACCE;;;Scontro frontale/laterale SX fra veicoli in marcia;Incrocio;Una carreggiata a doppio senso;Bagnato (pioggia);Asfaltata;Verticale ed orizzontale;Nuvoloso;Normale;Sufficiente;Ore Diurne;0;0;0;2;12,65462;41,93702;-1;1;Autovettura privata;In marcia / fermata / arresto;Conducente;F;Illeso;0;;Non accertato;Inesistente
3713050;5;02/03/2018 09:10;Strada Urbana;VIA DELLA TENUTA DEL CAVALIERE;all'intersezione con;VIA OSTERIA DELLE CAPANNACCE;VIA OSTERIA DELLE CAPANNACCE;;;Scontro frontale/laterale SX fra veicoli in marcia;Incrocio;Una carreggiata a doppio senso;Bagnato (pioggia);Asfaltata;Verticale ed orizzontale;Nuvoloso;Normale;Sufficiente;Ore Diurne;0;0;0;2;12,65462;41,93702;-1;2;Autovettura privata;In marcia / fermata / arresto;Conducente;F;Illeso;0;;Non accertato;Inesistente
3713061;5;05/03/2018 07:45;Strada Urbana;VIA LEOPOLDO PILLA;da specificare;;;;fronte Clinica ITOR;Veicolo in marcia contro ostacolo accidentale;Rettilineo;Una carreggiata a senso unico di marcia;Bagnato (pioggia);Con buche;Verticale;Pioggia in atto;Scarso;Buona;Ore Diurne;0;0;0;4;12,54277;41,92417;-1;1;Autovettura privata;In marcia / fermata / arresto;Conducente;M;Illeso;0;;Non accertato;Inesistente
3713061;5;05/03/2018 07:45;Strada Urbana;VIA LEOPOLDO PILLA;da specificare;;;;fronte Clinica ITOR;Veicolo in marcia contro ostacolo accidentale;Rettilineo;Una carreggiata a senso unico di marcia;Bagnato (pioggia);Con buche;Verticale;Pioggia in atto;Scarso;Buona;Ore Diurne;0;0;0;4;12,54277;41,92417;-1;1;Autovettura privata;In marcia / fermata / arresto;Passeggero;F;Illeso;0;;Non accertato;Inesistente
3713061;5;05/03/2018 07:45;Strada Urbana;VIA LEOPOLDO PILLA;da specificare;;;;fronte Clinica ITOR;Veicolo in marcia contro ostacolo accidentale;Rettilineo;Una carreggiata a senso unico di marcia;Bagnato (pioggia);Con buche;Verticale;Pioggia in atto;Scarso;Buona;Ore Diurne;0;0;0;4;12,54277;41,92417;-1;1;Autovettura privata;In marcia / fermata / arresto;Passeggero;M;Illeso;0;;Non accertato;Inesistente
3713068;16;02/03/2018 19:20;Strada Urbana;VIA ANGELO EMO;all'intersezione con;VIA GIUSEPPE DI BARTOLO;VIA GIUSEPPE DI BARTOLO;;;Infortunio per sola frenata improvvisa;Incrocio;Una carreggiata a doppio senso;Asciutto;Asfaltata;Verticale ed orizzontale;Nuvoloso;Normale;Buona;Sufficiente;1;0;0;3;12,44621;41,9044;-1;1;Motociclo a solo;In marcia / fermata / arresto;Conducente;M;Rimandato;0;NON DECEDUTO;Non accertato;
3713068;16;02/03/2018 19:20;Strada Urbana;VIA ANGELO EMO;all'intersezione con;VIA GIUSEPPE DI BARTOLO;VIA GIUSEPPE DI BARTOLO;;;Infortunio per sola frenata improvvisa;Incrocio;Una carreggiata a doppio senso;Asciutto;Asfaltata;Verticale ed orizzontale;Nuvoloso;Normale;Buona;Sufficiente;1;0;0;3;12,44621;41,9044;-1;2;Autovettura privata;In marcia / fermata / arresto;Conducente;M;Illeso;0;;Non accertato;Inesploso
3713068;16;02/03/2018 19:20;Strada Urbana;VIA ANGELO EMO;all'intersezione con;VIA GIUSEPPE DI BARTOLO;VIA GIUSEPPE DI BARTOLO;;;Infortunio per sola frenata improvvisa;Incrocio;Una carreggiata a doppio senso;Asciutto;Asfaltata;Verticale ed orizzontale;Nuvoloso;Normale;Buona;Sufficiente;1;0;0;3;12,44621;41,9044;-1;2;Autovettura privata;In marcia / fermata / arresto;Passeggero;M;Illeso;0;;Non accertato;Inesploso
3713068;16;02/03/2018 19:20;Strada Urbana;VIA ANGELO EMO;all'intersezione con;VIA GIUSEPPE DI BARTOLO;VIA GIUSEPPE DI BARTOLO;;;Infortunio per sola frenata improvvisa;Incrocio;Una carreggiata a doppio senso;Asciutto;Asfaltata;Verticale ed orizzontale;Nuvoloso;Normale;Buona;Sufficiente;1;0;0;3;12,44621;41,9044;-1;2;Autovettura privata;In marcia / fermata / arresto;Passeggero;M;Illeso;0;;Non accertato;Inesploso
3713075;16;02/03/2018 22:40;Strada Urbana;VIA DI BOCCEA;da specificare;;;;in prossimità VIA VEROLENGO;Veicolo in marcia contro veicolo in sosta;Rettilineo;Due carreggiate;Asciutto;Asfaltata;Assente;Sereno;Normale;Buona;Sufficiente;1;0;0;0;12,38466;41,91495;-1;1;Motociclo a solo;In marcia / fermata / arresto;Conducente;M;Rimandato;0;NON DECEDUTO;Non accertato;