Protocollo;Gruppo;DataOraIncidente;Localizzazione1;STRADA1;Localizzazione2;STRADA2;Strada02;Chilometrica;DaSpecificare;NaturaIncidente;particolaritastrade;TipoStrada;FondoStradale;Pavimentazione;Segnaletica;CondizioneAtmosferica;Traffico;Visibilita;Illuminazione;NUM_FERITI;NUM_RISERVATA;NUM_MORTI;NUM_ILLESI;Longitudine;Latitudine;Confermato;Progressivo;TipoVeicolo;StatoVeicolo;TipoPersona;Sesso;Tipolesione;Deceduto;DecedutoDopo;CinturaCascoUtilizzato;Airbag
3714500;20;05/03/2018 08:30;Strada Urbana;VIA DEL FORO ITALICO;da specificare;;;;interno galleria Fleming direzione stadio olimpico;Tamponamento Multiplo;Galleria illuminata;Due carreggiate;Bagnato (pioggia);Asfaltata;Orizzontale;Pioggia in atto;Intenso;Sufficiente;Ore Diurne;0;0;0;5;12,48375;41,93991;-1;1;Autovettura privata;In marcia / fermata / arresto;Conducente;M;Illeso;0;;Non accertato;Inesploso
3714500;20;05/03/2018 08:30;Strada Urbana;VIA DEL FORO ITALICO;da specificare;;;;interno galleria Fleming direzione stadio olimpico;Tamponamento Multiplo;Galleria illuminata;Due carreggiate;Bagnato (pioggia);Asfaltata;Orizzontale;Pioggia in atto;Intenso;Sufficiente;Ore Diurne;0;0;0;5;12,48375;41,93991;-1;2;Autovettura privata;In marcia / fermata / arresto;Conducente;M;Illeso;0;;Non accertato;Inesploso
3714500;20;05/03/2018 08:30;Strada Urbana;VIA DEL FORO ITALICO;da specificare;;;;interno galleria Fleming direzione stadio olimpico;Tamponamento Multiplo;Galleria illuminata;Due carreggiate;Bagnato (pioggia);Asfaltata;Orizzontale;Pioggia in atto;Intenso;Sufficiente;Ore Diurne;0;0;0;5;12,48375;41,93991;-1;3;Autovettura privata;In marcia / fermata / arresto;Conducente;M;Illeso;0;;Non accertato;Inesploso
3714500;20;05/03/2018 08:30;Strada Urbana;VIA DEL FORO ITALICO;da specificare;;;;interno galleria Fleming direzione stadio olimpico;Tamponamento Multiplo;Galleria illuminata;Due carreggiate;Bagnato (pioggia);Asfaltata;Orizzontale;Pioggia in atto;Intenso;Sufficiente;Ore Diurne;0;0;0;5;12,48375;41,93991;-1;4;Autovettura privata;In marcia / fermata / arresto;Conducente;F;Illeso;0;;Non accertato;Inesploso
3714500;20;05/03/2018 08:30;Strada Urbana;VIA DEL FORO ITALICO;da specificare;;;;interno galleria Fleming direzione stadio olimpico;Tamponamento Multiplo;Galleria illuminata;Due carreggiate;Bagnato (pioggia);Asfaltata;Orizzontale;Pioggia in atto;Intenso;Sufficiente;Ore Diurne;0;0;0;5;12,48375;41,93991;-1;5;Autovettura privata;In marcia / fermata / arresto;Conducente;M;Illeso;0;;Non accertato;Inesploso
3714506;2;05/03/2018 16:12;Strada Urbana;VIA GIAMBATTISTA VICO;in prossimità;;del civico n.;29;;Veicolo in marcia contro veicolo in sosta;Rettilineo;Una carreggiata a senso unico di marcia;Bagnato (pioggia);Asfaltata;Orizzontale;Pioggia in atto;Scarso;Buona;Ore Diurne;0;0;0;1;12,47439;41,91317;-1;1;Autovettura privata;In marcia / fermata / arresto;Conducente;M;Illeso;0;;;
3714512;4;05/03/2018 21:40;Strada Urbana;PONTE SALARIO;da specificare;;;;altezza via dei Prati Fiscali;Veicolo in marcia contro ostacolo accidentale;Rettilineo;Due carreggiate;Bagnato (umidità in atto);Asfaltata;Verticale ed orizzontale;Nuvoloso;Scarso;Insufficiente;Sufficiente;0;0;0;1;12,5024;41,93551;-1;1;Autovettura privata;In marcia / fermata / arresto;Conducente;M;Illeso;0;;;Inesploso
3714520;2;05/03/2018 18:00;Strada Urbana;VIALE DELLA MOSCHEA;da specificare;;;;alt. palo luce n. 347863 e n. 344790;Veicolo in marcia contro ostacolo accidentale;Rettilineo;Una carreggiata a doppio senso;Bagnato (pioggia);Strada pavimentata dissestata;Verticale ed orizzontale;Pioggia in atto;Normale;Sufficiente;Sufficiente;0;0;0;1;12,49319;41,93383;-1;1;Autovettura privata;In marcia / fermata / arresto;Conducente;F;Illeso;0;;;
3714522;2;05/03/2018 17:10;Strada Urbana;VIALE DEL MURO TORTO;da specificare;;;;direzione Piazzale Brasile altezza primo curvone;Ribaltamento senza urto contro ostacolo fisso;Curva senza visuale libera;Due carreggiate;Bagnato (pioggia);Asfaltata;Verticale ed orizzontale;Pioggia in atto;Intenso;Buona;Sufficiente;0;0;0;1;12,48045;41,91287;-1;1;Motociclo a solo;In marcia / fermata / arresto;Conducente;M;Illeso;0;;;
3714525;4;05/03/2018 20:31;Strada Urbana;VIA DELLE VIGNE NUOVE;da specificare;;;;altezza fermata ATAC fratelli Lumiere;Veicolo in marcia contro ostacolo accidentale;Rettilineo;Due carreggiate;Bagnato (pioggia);Con buche;Verticale ed orizzontale;Pioggia in atto;Normale;Sufficiente;Sufficiente;0;0;0;1;12,53582;41,95536;-1;1;Autovettura privata;In marcia / fermata / arresto;Conducente;M;Illeso;0;;Non accertato;Inesploso
3714528;12;03/03/2018 15:30;Strada Urbana;VIA PONTINA;da specificare;;;;dir. Pomezia 100 metri dopo tenuta Presidente;Veicolo in marcia contro ostacolo accidentale;Rettilineo;Una carreggiata a doppio senso;Bagnato (pioggia);Con buche;Assente;Nuvoloso;Scarso;Buona;Ore Diurne;0;0;0;2;12,44974;41,78741;-1;1;Autovettura privata;In marcia / fermata / arresto;Conducente;F;Illeso;0;;Utilizzato;Inesploso
3714528;12;03/03/2018 15:30;Strada Urbana;VIA PONTINA;da specificare;;;;dir. Pomezia 100 metri dopo tenuta Presidente;Veicolo in marcia contro ostacolo accidentale;Rettilineo;Una carreggiata a doppio senso;Bagnato (pioggia);Con buche;Assente;Nuvoloso;Scarso;Buona;Ore Diurne;0;0;0;2;12,44974;41,78741;-1;1;Autovettura privata;In marcia / fermata / arresto;Passeggero;M;Illeso;0;;Utilizzato;Inesploso
3714532;3;05/03/2018 19:55;Strada Urbana;VIALE DELLE PROVINCIE;in prossimità;;del civico n.;129;;Tamponamento;Rettilineo;Una carreggiata a senso unico di marcia;Bagnato (pioggia);Asfaltata;Verticale ed orizzontale;Nuvoloso;Scarso;Sufficiente;Sufficiente;1;0;0;1;12,52165;41,90735;-1;1;Autovettura privata;In marcia / fermata / arresto;Conducente;M;Illeso;0;;Non accertato;Inesploso
3714532;3;05/03/2018 19:55;Strada Urbana;VIALE DELLE PROVINCIE;in prossimità;;del civico n.;129;;Tamponamento;Rettilineo;Una carreggiata a senso unico di marcia;Bagnato (pioggia);Asfaltata;Verticale ed orizzontale;Nuvoloso;Scarso;Sufficiente;Sufficiente;1;0;0;1;12,52165;41,90735;-1;2;Motociclo a solo;In marcia / fermata / arresto;Conducente;M;Rimandato;0;NON DECEDUTO;Non accertato;
3714536;17;05/03/2018 20:15;Strada Urbana;VIA LEONE IV;all'intersezione semaforizzata con;LARGO TRIONFALE;LARGO TRIONFALE;;;Scontro laterale fra veicoli in marcia;Intersezione semaforizzata;Una carreggiata a doppio senso;Bagnato (umidità in atto);Asfaltata;Verticale ed orizzontale;Nuvoloso;Normale;Buona;Sufficiente;0;0;0;5;12,45539;41,90842;-1;1;Autovettura privata;In marcia / fermata / arresto;Conducente;M;Illeso;0;;;
3714536;17;05/03/2018 20:15;Strada Urbana;VIA LEONE IV;all'intersezione semaforizzata con;LARGO TRIONFALE;LARGO TRIONFALE;;;Scontro laterale fra veicoli in marcia;Intersezione semaforizzata;Una carreggiata a doppio senso;Bagnato (umidità in atto);Asfaltata;Verticale ed orizzontale;Nuvoloso;Normale;Buona;Sufficiente;0;0;0;5;12,45539;41,90842;-1;1;Autovettura privata;In marcia / fermata / arresto;Passeggero;M;Illeso;0;;;
3714536;17;05/03/2018 20:15;Strada Urbana;VIA LEONE IV;all'intersezione semaforizzata con;LARGO TRIONFALE;LARGO TRIONFALE;;;Scontro laterale fra veicoli in marcia;Intersezione semaforizzata;Una carreggiata a doppio senso;Bagnato (umidità in atto);Asfaltata;Verticale ed orizzontale;Nuvoloso;Normale;Buona;Sufficiente;0;0;0;5;12,45539;41,90842;-1;1;Autovettura privata;In marcia / fermata / arresto;Passeggero;M;Illeso;0;;;
3714536;17;05/03/2018 20:15;Strada Urbana;VIA LEONE IV;all'intersezione semaforizzata con;LARGO TRIONFALE;LARGO TRIONFALE;;;Scontro laterale fra veicoli in marcia;Intersezione semaforizzata;Una carreggiata a doppio senso;Bagnato (umidità in atto);Asfaltata;Verticale ed orizzontale;Nuvoloso;Normale;Buona;Sufficiente;0;0;0;5;12,45539;41,90842;-1;1;Autovettura privata;In marcia / fermata / arresto;Passeggero;F;Illeso;0;;;
3714536;17;05/03/2018 20:15;Strada Urbana;VIA LEONE IV;all'intersezione semaforizzata con;LARGO TRIONFALE;LARGO TRIONFALE;;;Scontro laterale fra veicoli in marcia;Intersezione semaforizzata;Una carreggiata a doppio senso;Bagnato (umidità in atto);Asfaltata;Verticale ed orizzontale;Nuvoloso;Normale;Buona;Sufficiente;0;0;0;5;12,45539;41,90842;-1;2;Autovettura privata;In marcia / fermata / arresto;Conducente;F;Illeso;0;;;
3714537;20;05/03/2018 10:30;Regionale entro l'abitato;VIA FLAMINIA NUOVA;in corrispondenza;;del civico n.;280;;Scontro frontale/laterale DX fra veicoli in marcia;Curva a visuale libera;Una carreggiata a doppio senso;Bagnato (pioggia);Asfaltata;Orizzontale;Pioggia in atto;Normale;Buona;Ore Diurne;0;0;0;2;12,47429;41,9526;-1;1;Autovettura privata;In marcia / fermata / arresto;Conducente;M;Illeso;0;;Non accertato;Inesploso
3714537;20;05/03/2018 10:30;Regionale entro l'abitato;VIA FLAMINIA NUOVA;in corrispondenza;;del civico n.;280;;Scontro frontale/laterale DX fra veicoli in marcia;Curva a visuale libera;Una carreggiata a doppio senso;Bagnato (pioggia);Asfaltata;Orizzontale;Pioggia in atto;Normale;Buona;Ore Diurne;0;0;0;2;12,47429;41,9526;-1;2;Autovettura privata;In marcia / fermata / arresto;Conducente;M;Illeso;0;;Non accertato;Esploso
3714542;4;05/03/2018 18:30;Strada Urbana;VIA DELLE VIGNE NUOVE;da specificare;;;;"altezza fermata Atac ""Lumiere""";Veicolo in marcia contro ostacolo accidentale;Rettilineo;Due carreggiate;Bagnato (pioggia);Con buche;Verticale ed orizzontale;Pioggia in atto;Normale;Sufficiente;Ore Diurne;0;0;0;1;12,53582;41,95536;-1;1;Autovettura privata;In marcia / fermata / arresto;Conducente;F;Illeso;0;;Non accertato;Inesploso
3714545;4;05/03/2018 22:50;Strada Urbana;VIA DELLE VIGNE NUOVE;da specificare;;;;"altezza fermata ATAC ""Lumiere""";Veicolo in marcia contro ostacolo accidentale;Rettilineo;Due carreggiate;Bagnato (pioggia);Con buche;Verticale ed orizzontale;Pioggia in atto;Normale;Sufficiente;Sufficiente;0;0;0;1;12,53547;41,959;-1;1;Autovettura privata;In marcia / fermata / arresto;Conducente;M;Illeso;0;;;
3714549;20;06/03/2018 09:30;Provinciale entro l'abitato;VIA FORMELLESE;in corrispondenza;;della chilometrica;0.8;;Veicolo in marcia contro ostacolo accidentale;Curva senza visuale libera;Una carreggiata a doppio senso;Bagnato (pioggia);Con buche;Verticale ed orizzontale;Pioggia in atto;Normale;Buona;Ore Diurne;0;0;0;1;12,37531;42,0287;-1;1;Autovettura privata;In marcia / fermata / arresto;Conducente;M;Illeso;0;;Non accertato;Inesistente
3714556;8;05/03/2018 18:35;;VIA DI ROCCA CENCIA;da specificare;;;;"prossimità distributore ""FUEL DISCOUNT""";Veicolo in marcia contro ostacolo accidentale;;;;;;;;;;0;0;0;1;12,69223;41,87644;0;1;Autovettura privata;In marcia / fermata / arresto;Conducente;F;Illeso;0;;Non accertato;Inesploso
3714560;4;05/03/2018 23:55;Strada Urbana;PONTE SALARIO;da specificare;;;;prossimità via Prati Fiscali;Veicolo in marcia contro ostacolo accidentale;Rettilineo;Una carreggiata a senso unico di marcia;Bagnato (pioggia);Con buche;Verticale ed orizzontale;Pioggia in atto;Normale;Insufficiente;Insufficiente;1;0;0;0;12,5024;41,93551;-1;1;Motociclo a solo;In marcia / fermata / arresto;Conducente;F;Rimandato;0;NON DECEDUTO;;
3714567;4;05/03/2018 21:00;Strada Urbana;VIA DELLE VIGNE NUOVE;da specificare;;;;"altezza fermata ATAC ""Lumiere""";Veicolo in marcia contro ostacolo accidentale;Rettilineo;Due carreggiate;Bagnato (pioggia);Con buche;Verticale ed orizzontale;Pioggia in atto;Normale;Sufficiente;Sufficiente;0;0;0;2;12,53582;41,95536;-1;1;Autovettura privata;In marcia / fermata / arresto;Conducente;M;Illeso;0;;Non accertato;Inesploso
3714567;4;05/03/2018 21:00;Strada Urbana;VIA DELLE VIGNE NUOVE;da specificare;;;;"altezza fermata ATAC ""Lumiere""";Veicolo in marcia contro ostacolo accidentale;Rettilineo;Due carreggiate;Bagnato (pioggia);Con buche;Verticale ed orizzontale;Pioggia in atto;Normale;Sufficiente;Sufficiente;0;0;0;2;12,53582;41,95536;-1;1;Autovettura privata;In marcia / fermata / arresto;Passeggero;F;Illeso;0;;;
3714579;2;05/03/2018 19:30;Strada Urbana;CIRCONVALLAZIONE SALARIA;da specificare;;;;DIREZIONE STADIO ALTEZZA USCITA VIA DELLE VALLI;Tamponamento Multiplo;Rettilineo;Due carreggiate;Bagnato (pioggia);Asfaltata;Verticale ed orizzontale;Nuvoloso;Normale;Sufficiente;Sufficiente;0;0;0;3;12,52092;41,93437;-1;1;Autovettura privata;In marcia / fermata / arresto;Conducente;M;Illeso;0;;Non accertato;Esploso
3714579;2;05/03/2018 19:30;Strada Urbana;CIRCONVALLAZIONE SALARIA;da specificare;;;;DIREZIONE STADIO ALTEZZA USCITA VIA DELLE VALLI;Tamponamento Multiplo;Rettilineo;Due carreggiate;Bagnato (pioggia);Asfaltata;Verticale ed orizzontale;Nuvoloso;Normale;Sufficiente;Sufficiente;0;0;0;3;12,52092;41,93437;-1;2;Autovettura privata;In marcia / fermata / arresto;Conducente;M;Illeso;0;;Non accertato;Inesploso
3714579;2;05/03/2018 19:30;Strada Urbana;CIRCONVALLAZIONE SALARIA;da specificare;;;;DIREZIONE STADIO ALTEZZA USCITA VIA DELLE VALLI;Tamponamento Multiplo;Rettilineo;Due carreggiate;Bagnato (pioggia);Asfaltata;Verticale ed orizzontale;Nuvoloso;Normale;Sufficiente;Sufficiente;0;0;0;3;12,52092;41,93437;-1;3;Autovettura privata;In marcia / fermata / arresto;Conducente;M;Illeso;0;;Non accertato;Inesploso
3714583;8;05/03/2018 18:40;;VIA DI ROCCA CENCIA;da specificare;;;;"prossimità distributore ""FUEL DISCOUNT""";Veicolo in marcia contro ostacolo accidentale;;;;;;;;;;0;0;0;1;12,69223;41,87644;0;1;Autovettura privata;In marcia / fermata / arresto;Conducente;F;Illeso;0;;Non accertato;Inesploso
3714587;8;05/03/2018 19:20;;VIA DI ROCCA CENCIA;da specificare;;;;"prossimità distributore ""FUEL DISCOUNT""";Veicolo in marcia contro ostacolo accidentale;;;;;;;;;;0;0;0;1;12,69223;41,87644;0;1;Autovettura privata;In marcia / fermata / arresto;Conducente;M;Illeso;0;;Non accertato;Inesploso
3714589;4;05/03/2018 20:32;Strada Urbana;VIA DELLE VIGNE NUOVE;da specificare;;;;"altezza fermata Atac ""fratelli Lumiere""";Veicolo in marcia contro ostacolo accidentale;Rettilineo;Due carreggiate;Bagnato (pioggia);Con buche;Verticale ed orizzontale;Pioggia in atto;Normale;Sufficiente;Sufficiente;0;0;0;2;12,53547;41,95849;-1;1;Autovettura privata;In marcia / fermata / arresto;Conducente;M;Illeso;0;;Non accertato;Inesploso
3714589;4;05/03/2018 20:32;Strada Urbana;VIA DELLE VIGNE NUOVE;da specificare;;;;"altezza fermata Atac ""fratelli Lumiere""";Veicolo in marcia contro ostacolo accidentale;Rettilineo;Due carreggiate;Bagnato (pioggia);Con buche;Verticale ed orizzontale;Pioggia in atto;Normale;Sufficiente;Sufficiente;0;0;0;2;12,53547;41,95849;-1;1;Autovettura privata;In marcia / fermata / arresto;Passeggero;F;Illeso;0;;;Inesploso
3714591;4;05/03/2018 19:00;Statale;VIA SALARIA;da specificare;;;;prossimità aeroporto URBE dir. Roma;Tamponamento Multiplo;Rettilineo;Una carreggiata a doppio senso;Bagnato (umidità in atto);Asfaltata;Verticale ed orizzontale;Nuvoloso;Intenso;Sufficiente;Sufficiente;1;0;0;4;12,51724;41,98601;-1;1;Autovettura privata;In marcia / fermata / arresto;Conducente;M;Illeso;0;;;
3714591;4;05/03/2018 19:00;Statale;VIA SALARIA;da specificare;;;;prossimità aeroporto URBE dir. Roma;Tamponamento Multiplo;Rettilineo;Una carreggiata a doppio senso;Bagnato (umidità in atto);Asfaltata;Verticale ed orizzontale;Nuvoloso;Intenso;Sufficiente;Sufficiente;1;0;0;4;12,51724;41,98601;-1;2;Autovettura privata;In marcia / fermata / arresto;Conducente;F;Ricoverato;0;NON DECEDUTO;;
3714591;4;05/03/2018 19:00;Statale;VIA SALARIA;da specificare;;;;prossimità aeroporto URBE dir. Roma;Tamponamento Multiplo;Rettilineo;Una carreggiata a doppio senso;Bagnato (umidità in atto);Asfaltata;Verticale ed orizzontale;Nuvoloso;Intenso;Sufficiente;Sufficiente;1;0;0;4;12,51724;41,98601;-1;3;Autovettura privata;In marcia / fermata / arresto;Conducente;M;Illeso;0;;Non accertato;Inesploso
3714591;4;05/03/2018 19:00;Statale;VIA SALARIA;da specificare;;;;prossimità aeroporto URBE dir. Roma;Tamponamento Multiplo;Rettilineo;Una carreggiata a doppio senso;Bagnato (umidità in atto);Asfaltata;Verticale ed orizzontale;Nuvoloso;Intenso;Sufficiente;Sufficiente;1;0;0;4;12,51724;41,98601;-1;4;Autovettura privata;In marcia / fermata / arresto;Conducente;M;Illeso;0;;;
3714591;4;05/03/2018 19:00;Statale;VIA SALARIA;da specificare;;;;prossimità aeroporto URBE dir. Roma;Tamponamento Multiplo;Rettilineo;Una carreggiata a doppio senso;Bagnato (umidità in atto);Asfaltata;Verticale ed orizzontale;Nuvoloso;Intenso;Sufficiente;Sufficiente;1;0;0;4;12,51724;41,98601;-1;4;Autovettura privata;In marcia / fermata / arresto;Passeggero;F;Illeso;0;;Non accertato;Inesploso
3714592;8;05/03/2018 19:30;Strada Urbana;VIA DI ROCCA CENCIA;da specificare;;;;"prossimità distributore ""FUEL DISCOUNT""";Veicolo in marcia contro ostacolo accidentale;Rettilineo;Una carreggiata a doppio senso;Bagnato (pioggia);Con buche;Verticale ed orizzontale;Pioggia in atto;Normale;Buona;Sufficiente;0;0;0;1;12,69223;41,87644;-1;1;Autovettura privata;In marcia / fermata / arresto;Conducente;F;Illeso;0;;Non accertato;Inesploso
3714596;20;05/03/2018 19:00;Strada Urbana;VIA CASSIA NUOVA;all'intersezione semaforizzata con;LARGO PASQUALE SARACENO;LARGO PASQUALE SARACENO;;;Scontro laterale fra veicoli in marcia;Intersezione semaforizzata;Una carreggiata a doppio senso;Bagnato (pioggia);Asfaltata;Verticale ed orizzontale;Nuvoloso;Intenso;Sufficiente;Sufficiente;0;0;0;2;12,46823;41,95077;-1;1;Autovettura privata;In marcia / fermata / arresto;Conducente;M;Illeso;0;;Non accertato;Inesploso
3714596;20;05/03/2018 19:00;Strada Urbana;VIA CASSIA NUOVA;all'intersezione semaforizzata con;LARGO PASQUALE SARACENO;LARGO PASQUALE SARACENO;;;Scontro laterale fra veicoli in marcia;Intersezione semaforizzata;Una carreggiata a doppio senso;Bagnato (pioggia);Asfaltata;Verticale ed orizzontale;Nuvoloso;Intenso;Sufficiente;Sufficiente;0;0;0;2;12,46823;41,95077;-1;2;Autovettura privata;In marcia / fermata / arresto;Conducente;M;Illeso;0;;Non accertato;Inesploso
3714597;8;05/03/2018 19:40;Strada Urbana;VIA DI ROCCA CENCIA;da specificare;;;;"prossimità dfistributore ""FUEL DISCOUNT""";Veicolo in marcia contro ostacolo accidentale;Rettilineo;Una carreggiata a doppio senso;Bagnato (pioggia);Inghiaiata;Verticale ed orizzontale;Pioggia in atto;Normale;Buona;Sufficiente;0;0;0;1;12,69223;41,87644;-1;1;Autovettura privata;In marcia / fermata / arresto;Conducente;M;Illeso;0;;Non accertato;Inesploso
3714601;7;05/03/2018 15:25;Strada Urbana;VIA COLLATINA;all'intersezione con;VIA GINO SEVERINI;VIA GINO SEVERINI;;;Veicolo in marcia contro ostacolo accidentale;Incrocio;Una carreggiata a doppio senso;Bagnato (pioggia);Asfaltata;Orizzontale;Pioggia in atto;Normale;Buona;Ore Diurne;0;0;0;1;12,56857;41,90033;-1;1;Motociclo a solo;In marcia / fermata / arresto;Conducente;M;Illeso;0;;Non accertato;
3714609;18;05/03/2018 23:00;Strada Urbana;VIA DI BOCCEA;in prossimità;;del civico n.;468;;Veicolo in marcia contro ostacolo accidentale;Curva a visuale libera;Due carreggiate;Bagnato (umidità in atto);Asfaltata;Verticale ed orizzontale;Nuvoloso;Scarso;Sufficiente;Sufficiente;0;0;0;1;12,4021;41,90928;-1;1;Autovettura privata;In marcia / fermata / arresto;Conducente;F;Illeso;0;;;
3714618;2;05/03/2018 21:50;Strada Urbana;CIRCONVALLAZIONE SALARIA;da specificare;;;;dir. Stadio - dopo svincolo SALARIA PROV. GRA;Veicolo in marcia contro ostacolo accidentale;Rettilineo;Una carreggiata a senso unico di marcia;Bagnato (pioggia);Asfaltata;Verticale ed orizzontale;Pioggia in atto;Scarso;Insufficiente;Insufficiente;0;0;0;1;12,52092;41,93437;-1;1;Autovettura pubblica;In marcia / fermata / arresto;Conducente;M;Illeso;0;;Non accertato;Inesploso
3714623;7;05/03/2018 17:15;Strada Urbana;VIA PRENESTINA;da specificare;;;;in prossimità di Via Serono;Scontro laterale fra veicoli in marcia;Rettilineo;Una carreggiata a doppio senso;Bagnato (pioggia);Asfaltata;Assente;Pioggia in atto;Normale;Insufficiente;Insufficiente;1;0;0;1;12,59317;41,89391;-1;1;Autovettura privata;In marcia / fermata / arresto;Conducente;F;Illeso;0;;Non accertato;Inesploso
3714623;7;05/03/2018 17:15;Strada Urbana;VIA PRENESTINA;da specificare;;;;in prossimità di Via Serono;Scontro laterale fra veicoli in marcia;Rettilineo;Una carreggiata a doppio senso;Bagnato (pioggia);Asfaltata;Assente;Pioggia in atto;Normale;Insufficiente;Insufficiente;1;0;0;1;12,59317;41,89391;-1;2;Velocipede;In marcia / fermata / arresto;Conducente;M;Rimandato;0;NON DECEDUTO;Esente;
3714626;20;05/03/2018 19:45;Strada Urbana;VIA DI BACCANELLO;in corrispondenza;;del palo luce n.;65;;Veicolo in marcia contro ostacolo accidentale;Rettilineo;Una carreggiata a doppio senso;Bagnato (pioggia);Con buche;Orizzontale;Nuvoloso;Scarso;Insufficiente;Insufficiente;0;0;0;1;12,34048;42,06723;-1;1;Autovettura privata;In marcia / fermata / arresto;Conducente;M;Illeso;0;;Non accertato;Inesploso
3714644;20;05/03/2018 19:46;Strada Urbana;VIA DI BACCANELLO;in corrispondenza;;del palo luce n.;65;;Veicolo in marcia contro ostacolo accidentale;Rettilineo;Una carreggiata a doppio senso;Bagnato (pioggia);Con buche;Orizzontale;Nuvoloso;Scarso;Insufficiente;Insufficiente;0;0;0;1;12,35413;42,06281;-1;1;Autovettura privata;In marcia / fermata / arresto;Conducente;M;Illeso;0;;Non accertato;Inesploso
3714650;7;05/03/2018 19:50;Strada Urbana;VIALE PALMIRO TOGLIATTI;da specificare;;;;altezza cavalcavia Collatina direzione prenestina;Veicolo in marcia contro ostacolo accidentale;Rettilineo;Una carreggiata a senso unico di marcia;Bagnato (pioggia);Asfaltata;Verticale ed orizzontale;Pioggia in atto;Normale;Buona;Ore Diurne;0;0;0;2;12,57437;41,90277;-1;1;Autovettura privata;In marcia / fermata / arresto;Conducente;M;Illeso;0;;Non accertato;Inesploso
3714650;7;05/03/2018 19:50;Strada Urbana;VIALE PALMIRO TOGLIATTI;da specificare;;;;altezza cavalcavia Collatina direzione prenestina;Veicolo in marcia contro ostacolo accidentale;Rettilineo;Una carreggiata a senso unico di marcia;Bagnato (pioggia);Asfaltata;Verticale ed orizzontale;Pioggia in atto;Normale;Buona;Ore Diurne;0;0;0;2;12,57437;41,90277;-1;1;Autovettura privata;In marcia / fermata / arresto;Passeggero;F;Illeso;0;;Non accertato;Inesploso
3714651;20;05/03/2018 19:47;Strada Urbana;VIA DI BACCANELLO;in corrispondenza;;del palo luce n.;65;;Veicolo in marcia contro ostacolo accidentale;Rettilineo;Una carreggiata a doppio senso;Bagnato (pioggia);Con buche;Orizzontale;Nuvoloso;Scarso;Insufficiente;Insufficiente;0;0;0;1;12,35413;42,06281;-1;1;Autovettura privata;In marcia / fermata / arresto;Conducente;M;Illeso;0;;Non accertato;Inesploso
3714669;2;05/03/2018 20:00;Strada Urbana;CIRCONVALLAZIONE SALARIA;da specificare;;;;alt. Via Mascagni direz. Salaria GRA (Ponte Valli);Veicolo in marcia contro ostacolo accidentale;Curva a visuale libera;Due carreggiate;Bagnato (pioggia);Strada pavimentata dissestata;Orizzontale;Nuvoloso;Normale;Sufficiente;Sufficiente;1;0;0;0;12,52068;41,93503;-1;1;Motociclo a solo;In marcia / fermata / arresto;Conducente;M;Ricoverato;0;NON DECEDUTO;;
3714677;2;05/03/2018 20:01;Strada Urbana;CIRCONVALLAZIONE SALARIA;da specificare;;;;alt. V.Mascagni dir. Salaria da p.te d.Valli;Veicolo in marcia contro ostacolo accidentale;Curva a visuale libera;Una carreggiata a senso unico di marcia;Bagnato (umidità in atto);Strada pavimentata dissestata;Verticale ed orizzontale;Nuvoloso;Normale;Buona;Sufficiente;1;0;0;0;12,52085;41,93472;-1;1;Motociclo a solo;In marcia / fermata / arresto;Conducente;M;Rimandato;0;NON DECEDUTO;Non accertato;
3714684;12;03/03/2018 19:45;Strada Urbana;VIA DI TRIGORIA;da specificare;;;;ALL'ALTEZZA DEL CIVICO 146/U;Veicolo in marcia contro ostacolo accidentale;Rettilineo;Una carreggiata a doppio senso;Bagnato (umidità in atto);Asfaltata;Orizzontale;Nuvoloso;Normale;Sufficiente;Sufficiente;0;0;0;2;12,46307;41,74631;-1;1;Autovettura privata;In marcia / fermata / arresto;Conducente;F;Illeso;0;;Utilizzato;Inesploso
3714684;12;03/03/2018 19:45;Strada Urbana;VIA DI TRIGORIA;da specificare;;;;ALL'ALTEZZA DEL CIVICO 146/U;Veicolo in marcia contro ostacolo accidentale;Rettilineo;Una carreggiata a doppio senso;Bagnato (umidità in atto);Asfaltata;Orizzontale;Nuvoloso;Normale;Sufficiente;Sufficiente;0;0;0;2;12,46307;41,74631;-1;1;Autovettura privata;In marcia / fermata / arresto;Passeggero;F;Illeso;0;;Utilizzato;Inesploso
3714687;20;05/03/2018 19:48;Strada Urbana;VIA DI BACCANELLO;in corrispondenza;;del palo luce n.;65;;Veicolo in marcia contro ostacolo accidentale;Rettilineo;Una carreggiata a doppio senso;Bagnato (pioggia);Con buche;Orizzontale;Nuvoloso;Scarso;Insufficiente;Insufficiente;0;0;0;1;12,35413;42,06281;-1;1;Autovettura privata;In marcia / fermata / arresto;Conducente;F;Illeso;0;;Non accertato;Inesploso