Protocollo;Gruppo;DataOraIncidente;Localizzazione1;STRADA1;Localizzazione2;STRADA2;Strada02;Chilometrica;DaSpecificare;NaturaIncidente;particolaritastrade;TipoStrada;FondoStradale;Pavimentazione;Segnaletica;CondizioneAtmosferica;Traffico;Visibilita;Illuminazione;NUM_FERITI;NUM_RISERVATA;NUM_MORTI;NUM_ILLESI;Longitudine;Latitudine;Confermato;Progressivo;TipoVeicolo;StatoVeicolo;TipoPersona;Sesso;Tipolesione;Deceduto;DecedutoDopo;CinturaCascoUtilizzato;Airbag
3717361;18;07/03/2018 14:00;Strada Urbana;VIA PASQUALE II;all'intersezione semaforizzata con;VIA DI BOCCEA;VIA DI BOCCEA;;;Scontro laterale fra veicoli in marcia;Intersezione semaforizzata;Due carreggiate;Asciutto;Asfaltata;Verticale ed orizzontale;Nuvoloso;Normale;Buona;Ore Diurne;0;0;0;1;12,40838;41,90677;-1;1;Autovettura privata;In marcia / fermata / arresto;Conducente;F;Illeso;0;;Non accertato;Inesploso
3717363;3;07/03/2018 09:50;Strada Urbana;VIA DEI RETI;all'intersezione con;VIA DEI VOLSCI;VIA DEI VOLSCI;;;Scontro frontale/laterale SX fra veicoli in marcia;Incrocio;Una carreggiata a doppio senso;Asciutto;Asfaltata;Verticale;Sereno;Normale;Buona;Ore Diurne;1;0;0;4;12,51778;41,89932;0;1;Autoambulanza;In marcia / fermata / arresto;Conducente;M;Illeso;0;;Non accertato;
3717363;3;07/03/2018 09:50;Strada Urbana;VIA DEI RETI;all'intersezione con;VIA DEI VOLSCI;VIA DEI VOLSCI;;;Scontro frontale/laterale SX fra veicoli in marcia;Incrocio;Una carreggiata a doppio senso;Asciutto;Asfaltata;Verticale;Sereno;Normale;Buona;Ore Diurne;1;0;0;4;12,51778;41,89932;0;1;Autoambulanza;In marcia / fermata / arresto;Passeggero;F;Rimandato;0;NON DECEDUTO;Non accertato;
3717363;3;07/03/2018 09:50;Strada Urbana;VIA DEI RETI;all'intersezione con;VIA DEI VOLSCI;VIA DEI VOLSCI;;;Scontro frontale/laterale SX fra veicoli in marcia;Incrocio;Una carreggiata a doppio senso;Asciutto;Asfaltata;Verticale;Sereno;Normale;Buona;Ore Diurne;1;0;0;4;12,51778;41,89932;0;1;Autoambulanza;In marcia / fermata / arresto;Passeggero;F;Illeso;0;;Non accertato;
3717363;3;07/03/2018 09:50;Strada Urbana;VIA DEI RETI;all'intersezione con;VIA DEI VOLSCI;VIA DEI VOLSCI;;;Scontro frontale/laterale SX fra veicoli in marcia;Incrocio;Una carreggiata a doppio senso;Asciutto;Asfaltata;Verticale;Sereno;Normale;Buona;Ore Diurne;1;0;0;4;12,51778;41,89932;0;2;Autovettura privata;In marcia / fermata / arresto;Conducente;M;Illeso;0;;Non accertato;
3717363;3;07/03/2018 09:50;Strada Urbana;VIA DEI RETI;all'intersezione con;VIA DEI VOLSCI;VIA DEI VOLSCI;;;Scontro frontale/laterale SX fra veicoli in marcia;Incrocio;Una carreggiata a doppio senso;Asciutto;Asfaltata;Verticale;Sereno;Normale;Buona;Ore Diurne;1;0;0;4;12,51778;41,89932;0;2;Autovettura privata;In marcia / fermata / arresto;Passeggero;F;Illeso;0;;Non accertato;
3717373;3;01/03/2018 10:00;Strada Urbana;PIAZZA SASSARI;all'intersezione con;VIALE REGINA ELENA;VIALE REGINA ELENA;;;Scontro frontale fra veicoli in marcia;Intersezione semaforizzata;Una carreggiata a senso unico di marcia;Bagnato (pioggia);Asfaltata;Verticale ed orizzontale;Nuvoloso;Normale;Sufficiente;Ore Diurne;1;0;0;2;12,51219;41,90861;-1;1;Autovettura privata;In marcia / fermata / arresto;Conducente;M;Illeso;0;;Non accertato;
3717373;3;01/03/2018 10:00;Strada Urbana;PIAZZA SASSARI;all'intersezione con;VIALE REGINA ELENA;VIALE REGINA ELENA;;;Scontro frontale fra veicoli in marcia;Intersezione semaforizzata;Una carreggiata a senso unico di marcia;Bagnato (pioggia);Asfaltata;Verticale ed orizzontale;Nuvoloso;Normale;Sufficiente;Ore Diurne;1;0;0;2;12,51219;41,90861;-1;2;Autobus urbano;In marcia / fermata / arresto;Conducente;M;Illeso;0;;Non accertato;
3717373;3;01/03/2018 10:00;Strada Urbana;PIAZZA SASSARI;all'intersezione con;VIALE REGINA ELENA;VIALE REGINA ELENA;;;Scontro frontale fra veicoli in marcia;Intersezione semaforizzata;Una carreggiata a senso unico di marcia;Bagnato (pioggia);Asfaltata;Verticale ed orizzontale;Nuvoloso;Normale;Sufficiente;Ore Diurne;1;0;0;2;12,51219;41,90861;-1;2;Autobus urbano;In marcia / fermata / arresto;Passeggero;F;Rimandato;0;NON DECEDUTO;Non accertato;
3717374;3;06/03/2018 20:30;Strada Urbana;VIA DEI RETI;all'intersezione con;VIA DEGLI EQUI;VIA DEGLI EQUI;;;Scontro frontale/laterale SX fra veicoli in marcia;Incrocio;Una carreggiata a senso unico di marcia;Bagnato (pioggia);In cubetti di porfido;Verticale ed orizzontale;Nuvoloso;Scarso;Sufficiente;Sufficiente;0;0;0;2;12,51845;41,89862;-1;1;Autovettura privata;In marcia / fermata / arresto;Conducente;M;Illeso;0;;Non accertato;Inesploso
3717374;3;06/03/2018 20:30;Strada Urbana;VIA DEI RETI;all'intersezione con;VIA DEGLI EQUI;VIA DEGLI EQUI;;;Scontro frontale/laterale SX fra veicoli in marcia;Incrocio;Una carreggiata a senso unico di marcia;Bagnato (pioggia);In cubetti di porfido;Verticale ed orizzontale;Nuvoloso;Scarso;Sufficiente;Sufficiente;0;0;0;2;12,51845;41,89862;-1;2;Autovettura privata;In marcia / fermata / arresto;Conducente;M;Illeso;0;;Non accertato;Inesploso
3717380;3;06/03/2018 15:30;Strada Urbana;CIRCONVALLAZIONE NOMENTANA;da specificare;;;;sotto il ponte Nomentano;Veicolo in marcia contro ostacolo accidentale;Curva a visuale libera;Due carreggiate;Bagnato (umidità in atto);Con buche;Orizzontale;Sereno;Intenso;Buona;Ore Diurne;0;0;0;1;;;0;1;Motociclo a solo;In marcia / fermata / arresto;Conducente;M;Illeso;0;;Non accertato;
3717390;3;06/03/2018 08:15;Strada Urbana;CIRCONVALLAZIONE TIBURTINA;da specificare;;;;ALTEZZA EASY BOX - direzione Salaria;Veicolo in marcia contro ostacolo accidentale;Rettilineo;Più di due carreggiate;Bagnato (pioggia);Asfaltata;Verticale ed orizzontale;Pioggia in atto;Normale;Sufficiente;Ore Diurne;0;0;0;1;12,5279;41,89931;-1;1;Autovettura privata;In marcia / fermata / arresto;Conducente;M;Illeso;0;;Non accertato;Inesploso
3717395;3;06/03/2018 22:20;Strada Urbana;CIRCONVALLAZIONE SALARIA;da specificare;;;;direzione S.Giovanni altezza Ponte delle Valli;Veicolo in marcia contro ostacolo accidentale;Rettilineo;Due carreggiate;Bagnato (pioggia);Asfaltata;Verticale ed orizzontale;Nuvoloso;Normale;Sufficiente;Sufficiente;0;0;0;1;;;0;1;Autovettura privata;In marcia / fermata / arresto;Conducente;M;Illeso;0;;Non accertato;
3717398;3;06/03/2018 17:15;Strada Urbana;VIA LORENZO IL MAGNIFICO;in prossimità;;del civico n.;57;;Veicolo in marcia contro veicolo in sosta;Rettilineo;Una carreggiata a doppio senso;Asciutto;Asfaltata;Verticale ed orizzontale;Nuvoloso;Normale;Buona;Ore Diurne;0;0;0;3;12,52531;41,91222;-1;2;Autovettura privata;In marcia / fermata / arresto;Conducente;M;Illeso;0;;Non accertato;
3717398;3;06/03/2018 17:15;Strada Urbana;VIA LORENZO IL MAGNIFICO;in prossimità;;del civico n.;57;;Veicolo in marcia contro veicolo in sosta;Rettilineo;Una carreggiata a doppio senso;Asciutto;Asfaltata;Verticale ed orizzontale;Nuvoloso;Normale;Buona;Ore Diurne;0;0;0;3;12,52531;41,91222;-1;2;Autovettura privata;In marcia / fermata / arresto;Passeggero;M;Illeso;0;;Non accertato;
3717398;3;06/03/2018 17:15;Strada Urbana;VIA LORENZO IL MAGNIFICO;in prossimità;;del civico n.;57;;Veicolo in marcia contro veicolo in sosta;Rettilineo;Una carreggiata a doppio senso;Asciutto;Asfaltata;Verticale ed orizzontale;Nuvoloso;Normale;Buona;Ore Diurne;0;0;0;3;12,52531;41,91222;-1;2;Autovettura privata;In marcia / fermata / arresto;Passeggero;M;Illeso;0;;Non accertato;
3717426;16;06/03/2018 17:20;Strada Urbana;VIA DI BRAVETTA;in prossimità;;del civico n.;89;;Tamponamento Multiplo;Rettilineo;Una carreggiata a doppio senso;Bagnato (pioggia);Asfaltata;Verticale ed orizzontale;Pioggia in atto;Intenso;Sufficiente;Sufficiente;1;0;0;6;12,42276;41,88584;-1;1;Autovettura privata;In marcia / fermata / arresto;Conducente;M;Illeso;0;;Non accertato;Inesploso
3717426;16;06/03/2018 17:20;Strada Urbana;VIA DI BRAVETTA;in prossimità;;del civico n.;89;;Tamponamento Multiplo;Rettilineo;Una carreggiata a doppio senso;Bagnato (pioggia);Asfaltata;Verticale ed orizzontale;Pioggia in atto;Intenso;Sufficiente;Sufficiente;1;0;0;6;12,42276;41,88584;-1;1;Autovettura privata;In marcia / fermata / arresto;Passeggero;F;Illeso;0;;Non accertato;Inesploso
3717426;16;06/03/2018 17:20;Strada Urbana;VIA DI BRAVETTA;in prossimità;;del civico n.;89;;Tamponamento Multiplo;Rettilineo;Una carreggiata a doppio senso;Bagnato (pioggia);Asfaltata;Verticale ed orizzontale;Pioggia in atto;Intenso;Sufficiente;Sufficiente;1;0;0;6;12,42276;41,88584;-1;1;Autovettura privata;In marcia / fermata / arresto;Passeggero;M;Illeso;0;;Non accertato;Inesploso
3717426;16;06/03/2018 17:20;Strada Urbana;VIA DI BRAVETTA;in prossimità;;del civico n.;89;;Tamponamento Multiplo;Rettilineo;Una carreggiata a doppio senso;Bagnato (pioggia);Asfaltata;Verticale ed orizzontale;Pioggia in atto;Intenso;Sufficiente;Sufficiente;1;0;0;6;12,42276;41,88584;-1;2;Autovettura privata;In marcia / fermata / arresto;Conducente;M;Rimandato;0;NON DECEDUTO;Non accertato;Inesploso
3717426;16;06/03/2018 17:20;Strada Urbana;VIA DI BRAVETTA;in prossimità;;del civico n.;89;;Tamponamento Multiplo;Rettilineo;Una carreggiata a doppio senso;Bagnato (pioggia);Asfaltata;Verticale ed orizzontale;Pioggia in atto;Intenso;Sufficiente;Sufficiente;1;0;0;6;12,42276;41,88584;-1;3;Autovettura privata;In marcia / fermata / arresto;Conducente;F;Illeso;0;;Non accertato;Inesploso
3717426;16;06/03/2018 17:20;Strada Urbana;VIA DI BRAVETTA;in prossimità;;del civico n.;89;;Tamponamento Multiplo;Rettilineo;Una carreggiata a doppio senso;Bagnato (pioggia);Asfaltata;Verticale ed orizzontale;Pioggia in atto;Intenso;Sufficiente;Sufficiente;1;0;0;6;12,42276;41,88584;-1;3;Autovettura privata;In marcia / fermata / arresto;Passeggero;F;Illeso;0;;Non accertato;Inesploso
3717426;16;06/03/2018 17:20;Strada Urbana;VIA DI BRAVETTA;in prossimità;;del civico n.;89;;Tamponamento Multiplo;Rettilineo;Una carreggiata a doppio senso;Bagnato (pioggia);Asfaltata;Verticale ed orizzontale;Pioggia in atto;Intenso;Sufficiente;Sufficiente;1;0;0;6;12,42276;41,88584;-1;3;Autovettura privata;In marcia / fermata / arresto;Passeggero;F;Illeso;0;;Non accertato;Inesploso
3717435;17;07/03/2018 13:35;Strada Urbana;VIA SILLA;in corrispondenza;;del civico n.;112;;Veicolo in marcia contro veicolo in sosta;Rettilineo;Una carreggiata a senso unico di marcia;Bagnato (pioggia);Asfaltata;Verticale ed orizzontale;Nuvoloso;Normale;Buona;Ore Diurne;0;0;0;2;12,46028;41,90699;0;1;Autovettura privata;In marcia / fermata / arresto;Conducente;F;Illeso;0;;;
3717435;17;07/03/2018 13:35;Strada Urbana;VIA SILLA;in corrispondenza;;del civico n.;112;;Veicolo in marcia contro veicolo in sosta;Rettilineo;Una carreggiata a senso unico di marcia;Bagnato (pioggia);Asfaltata;Verticale ed orizzontale;Nuvoloso;Normale;Buona;Ore Diurne;0;0;0;2;12,46028;41,90699;0;2;Autovettura privata;In marcia / fermata / arresto;Conducente;M;Illeso;0;;;
3717442;3;04/03/2018 18:05;Strada Urbana;VIA PISA;all'intersezione con;VIA SALENTO;VIA SALENTO;;;Scontro frontale/laterale DX fra veicoli in marcia;Incrocio;Una carreggiata a senso unico di marcia;Bagnato (pioggia);Asfaltata;Verticale ed orizzontale;Pioggia in atto;Scarso;Buona;Sufficiente;0;0;0;2;12,5239;41,91707;-1;1;Autovettura privata;In marcia / fermata / arresto;Conducente;M;Illeso;0;;Non accertato;Inesploso
3717442;3;04/03/2018 18:05;Strada Urbana;VIA PISA;all'intersezione con;VIA SALENTO;VIA SALENTO;;;Scontro frontale/laterale DX fra veicoli in marcia;Incrocio;Una carreggiata a senso unico di marcia;Bagnato (pioggia);Asfaltata;Verticale ed orizzontale;Pioggia in atto;Scarso;Buona;Sufficiente;0;0;0;2;12,5239;41,91707;-1;2;Autovettura privata;In marcia / fermata / arresto;Conducente;M;Illeso;0;;Non accertato;Inesploso
3717448;18;07/03/2018 14:45;Strada Urbana;LARGO DI BOCCEA;in prossimità;;del civico n.;9;;Veicolo in marcia contro ostacolo accidentale;Rettilineo;Due carreggiate;Bagnato (pioggia);Asfaltata;Verticale ed orizzontale;Pioggia in atto;Normale;Buona;Ore Diurne;1;0;0;0;12,42681;41,9016;-1;1;Motociclo a solo;In marcia / fermata / arresto;Conducente;M;Rimandato;0;NON DECEDUTO;Non accertato;
3717458;12;07/03/2018 14:20;Strada Urbana;VIALE DON PASQUINO BORGHI;all'intersezione con;VIALE BEATA VERGINE DEL CARMELO;VIALE BEATA VERGINE DEL CARMELO;;;Scontro laterale fra veicoli in marcia;Incrocio;Una carreggiata a senso unico di marcia;Bagnato (pioggia);Asfaltata;Verticale ed orizzontale;Pioggia in atto;Normale;Buona;Ore Diurne;0;0;0;6;12,44604;41,80903;-1;1;Autovettura privata;In marcia / fermata / arresto;Conducente;F;Illeso;0;;Non accertato;Inesploso
3717458;12;07/03/2018 14:20;Strada Urbana;VIALE DON PASQUINO BORGHI;all'intersezione con;VIALE BEATA VERGINE DEL CARMELO;VIALE BEATA VERGINE DEL CARMELO;;;Scontro laterale fra veicoli in marcia;Incrocio;Una carreggiata a senso unico di marcia;Bagnato (pioggia);Asfaltata;Verticale ed orizzontale;Pioggia in atto;Normale;Buona;Ore Diurne;0;0;0;6;12,44604;41,80903;-1;1;Autovettura privata;In marcia / fermata / arresto;Passeggero;F;Illeso;0;;Utilizzato;Inesploso
3717458;12;07/03/2018 14:20;Strada Urbana;VIALE DON PASQUINO BORGHI;all'intersezione con;VIALE BEATA VERGINE DEL CARMELO;VIALE BEATA VERGINE DEL CARMELO;;;Scontro laterale fra veicoli in marcia;Incrocio;Una carreggiata a senso unico di marcia;Bagnato (pioggia);Asfaltata;Verticale ed orizzontale;Pioggia in atto;Normale;Buona;Ore Diurne;0;0;0;6;12,44604;41,80903;-1;2;Autovettura privata;In marcia / fermata / arresto;Conducente;F;Illeso;0;;Non accertato;Inesploso
3717458;12;07/03/2018 14:20;Strada Urbana;VIALE DON PASQUINO BORGHI;all'intersezione con;VIALE BEATA VERGINE DEL CARMELO;VIALE BEATA VERGINE DEL CARMELO;;;Scontro laterale fra veicoli in marcia;Incrocio;Una carreggiata a senso unico di marcia;Bagnato (pioggia);Asfaltata;Verticale ed orizzontale;Pioggia in atto;Normale;Buona;Ore Diurne;0;0;0;6;12,44604;41,80903;-1;2;Autovettura privata;In marcia / fermata / arresto;Passeggero;F;Illeso;0;;Non accertato;Inesploso
3717458;12;07/03/2018 14:20;Strada Urbana;VIALE DON PASQUINO BORGHI;all'intersezione con;VIALE BEATA VERGINE DEL CARMELO;VIALE BEATA VERGINE DEL CARMELO;;;Scontro laterale fra veicoli in marcia;Incrocio;Una carreggiata a senso unico di marcia;Bagnato (pioggia);Asfaltata;Verticale ed orizzontale;Pioggia in atto;Normale;Buona;Ore Diurne;0;0;0;6;12,44604;41,80903;-1;2;Autovettura privata;In marcia / fermata / arresto;Passeggero;M;Illeso;0;;Non accertato;Inesploso
3717635;12;07/03/2018 15:50;Strada Urbana;VIALE DELL'OCEANO PACIFICO;da specificare;;;;altezza fronte palo Acea 3;Scontro frontale/laterale SX fra veicoli in marcia;Rettilineo;Una carreggiata a doppio senso;Bagnato (pioggia);Asfaltata;Verticale ed orizzontale;Pioggia in atto;Intenso;Buona;Ore Diurne;1;0;0;1;12,46156;41,81928;-1;1;Autovettura privata;In marcia / fermata / arresto;Conducente;F;Illeso;0;;Utilizzato;Inesploso
3717635;12;07/03/2018 15:50;Strada Urbana;VIALE DELL'OCEANO PACIFICO;da specificare;;;;altezza fronte palo Acea 3;Scontro frontale/laterale SX fra veicoli in marcia;Rettilineo;Una carreggiata a doppio senso;Bagnato (pioggia);Asfaltata;Verticale ed orizzontale;Pioggia in atto;Intenso;Buona;Ore Diurne;1;0;0;1;12,46156;41,81928;-1;2;Motociclo a solo;In marcia / fermata / arresto;Conducente;M;Ricoverato;0;NON DECEDUTO;;
3717670;20;07/03/2018 15:30;Strada Urbana;VIA DI GROTTAROSSA;in corrispondenza;;del civico n.;123;;Veicolo in marcia contro ostacolo accidentale;Rettilineo;Due carreggiate;Bagnato (pioggia);Con buche;Verticale ed orizzontale;Nuvoloso;Normale;Buona;Ore Diurne;0;0;0;1;12,43963;41,97274;-1;1;Motociclo a solo;In marcia / fermata / arresto;Conducente;M;Illeso;0;;Non accertato;
3717690;19;07/03/2018 05:40;Strada Urbana;VIA CREMOLINO;in prossimità;;del civico n.;16;;Veicolo in marcia contro ostacolo fisso;Rettilineo;Due carreggiate;Bagnato (umidità in atto);Asfaltata;Assente;Sereno;Scarso;Buona;Sufficiente;0;0;0;1;12,37589;41,9347;-1;1;Autobus di linea;In marcia / fermata / arresto;Conducente;M;Illeso;0;;Non accertato;Inesploso
3717697;17;07/03/2018 10:50;Strada Urbana;VIA FRANCESCO CARACCIOLO;in corrispondenza;;del civico n.;5;;Tamponamento;Rettilineo;Una carreggiata a senso unico di marcia;Bagnato (pioggia);Con buche;Verticale ed orizzontale;Nuvoloso;Normale;Buona;Ore Diurne;1;0;0;1;12,44982;41,90832;-1;1;Autovettura privata;In marcia / fermata / arresto;Conducente;F;Illeso;0;;Non accertato;Inesploso
3717697;17;07/03/2018 10:50;Strada Urbana;VIA FRANCESCO CARACCIOLO;in corrispondenza;;del civico n.;5;;Tamponamento;Rettilineo;Una carreggiata a senso unico di marcia;Bagnato (pioggia);Con buche;Verticale ed orizzontale;Nuvoloso;Normale;Buona;Ore Diurne;1;0;0;1;12,44982;41,90832;-1;2;Autovettura privata;In marcia / fermata / arresto;Conducente;M;Rifiuta cure immediate;0;NON DECEDUTO;Non accertato;Inesploso
3717700;16;07/03/2018 07:55;Strada Urbana;VIA DI BRAVETTA;all'intersezione con;VIA SILVESTRI;VIA SILVESTRI;;;Scontro laterale fra veicoli in marcia;Incrocio;Una carreggiata a senso unico di marcia;Bagnato (umidità in atto);Asfaltata;Verticale ed orizzontale;Sereno;Intenso;Buona;Ore Diurne;0;0;0;2;12,42579;41,87628;-1;1;Autocarro inferiore 35 q.;In marcia / fermata / arresto;Conducente;M;Illeso;0;;Non accertato;Inesploso
3717700;16;07/03/2018 07:55;Strada Urbana;VIA DI BRAVETTA;all'intersezione con;VIA SILVESTRI;VIA SILVESTRI;;;Scontro laterale fra veicoli in marcia;Incrocio;Una carreggiata a senso unico di marcia;Bagnato (umidità in atto);Asfaltata;Verticale ed orizzontale;Sereno;Intenso;Buona;Ore Diurne;0;0;0;2;12,42579;41,87628;-1;2;Autovettura privata;In marcia / fermata / arresto;Conducente;F;Illeso;0;;Non accertato;Inesploso
3717710;19;07/03/2018 07:20;Strada Urbana;VIA MATTIA BATTISTINI;in prossimità;;del civico n.;545;;Veicolo in marcia contro ostacolo fisso;Curva a visuale libera;Una carreggiata a doppio senso;Bagnato (umidità in atto);Asfaltata;Orizzontale;Sereno;Normale;Buona;Ore Diurne;0;0;0;1;12,42085;41,92253;-1;1;Autobus di linea;In marcia / fermata / arresto;Conducente;M;Illeso;0;;Non accertato;Inesploso
3717726;17;07/03/2018 10:00;Strada Urbana;VIA MONTE ZEBIO;all'intersezione con;PIAZZA DEL FANTE;PIAZZA DEL FANTE;;;Scontro laterale fra veicoli in marcia;Intersezione stradale segnalata;Due carreggiate;Bagnato (pioggia);Asfaltata;Verticale ed orizzontale;Nuvoloso;Normale;Buona;Ore Diurne;0;0;0;2;12,46675;41,92073;-1;1;Autovettura privata;In marcia / fermata / arresto;Conducente;F;Illeso;0;;Non accertato;Inesploso
3717726;17;07/03/2018 10:00;Strada Urbana;VIA MONTE ZEBIO;all'intersezione con;PIAZZA DEL FANTE;PIAZZA DEL FANTE;;;Scontro laterale fra veicoli in marcia;Intersezione stradale segnalata;Due carreggiate;Bagnato (pioggia);Asfaltata;Verticale ed orizzontale;Nuvoloso;Normale;Buona;Ore Diurne;0;0;0;2;12,46675;41,92073;-1;2;Autovettura pubblica;Allontanatosi;Conducente;M;Illeso;0;;;
3717789;6;07/03/2018 17:30;Provinciale entro l'abitato;VIA PRENESTINA;in prossimità;;del civico n.;166;;Scontro laterale fra veicoli in marcia;Rettilineo;Più di due carreggiate;Bagnato (pioggia);Asfaltata;Orizzontale;Nuvoloso;Intenso;Buona;Ore Diurne;1;0;0;2;12,53193;41,89197;-1;1;Autovettura privata;In marcia / fermata / arresto;Conducente;F;Illeso;0;;Non accertato;Inesploso
3717789;6;07/03/2018 17:30;Provinciale entro l'abitato;VIA PRENESTINA;in prossimità;;del civico n.;166;;Scontro laterale fra veicoli in marcia;Rettilineo;Più di due carreggiate;Bagnato (pioggia);Asfaltata;Orizzontale;Nuvoloso;Intenso;Buona;Ore Diurne;1;0;0;2;12,53193;41,89197;-1;2;Motociclo a solo;In marcia / fermata / arresto;Conducente;M;Rifiuta cure immediate;0;NON DECEDUTO;Non accertato;
3717789;6;07/03/2018 17:30;Provinciale entro l'abitato;VIA PRENESTINA;in prossimità;;del civico n.;166;;Scontro laterale fra veicoli in marcia;Rettilineo;Più di due carreggiate;Bagnato (pioggia);Asfaltata;Orizzontale;Nuvoloso;Intenso;Buona;Ore Diurne;1;0;0;2;12,53193;41,89197;-1;3;Motociclo a solo;In marcia / fermata / arresto;Conducente;M;Illeso;0;;;
3717816;18;07/03/2018 18:30;Strada Urbana;VIA DOMENICO TARDINI;da specificare;;;;in prossimità di Via Urbano II;Tamponamento;Rettilineo;Una carreggiata a doppio senso;Bagnato (pioggia);Asfaltata;Verticale ed orizzontale;Pioggia in atto;Intenso;Insufficiente;Insufficiente;1;0;0;2;12,42541;41,90422;-1;1;Autovettura privata;In marcia / fermata / arresto;Conducente;F;Illeso;0;;Non accertato;Inesploso
3717816;18;07/03/2018 18:30;Strada Urbana;VIA DOMENICO TARDINI;da specificare;;;;in prossimità di Via Urbano II;Tamponamento;Rettilineo;Una carreggiata a doppio senso;Bagnato (pioggia);Asfaltata;Verticale ed orizzontale;Pioggia in atto;Intenso;Insufficiente;Insufficiente;1;0;0;2;12,42541;41,90422;-1;2;Autovettura privata;In marcia / fermata / arresto;Conducente;M;Illeso;0;;Non accertato;Inesploso
3717816;18;07/03/2018 18:30;Strada Urbana;VIA DOMENICO TARDINI;da specificare;;;;in prossimità di Via Urbano II;Tamponamento;Rettilineo;Una carreggiata a doppio senso;Bagnato (pioggia);Asfaltata;Verticale ed orizzontale;Pioggia in atto;Intenso;Insufficiente;Insufficiente;1;0;0;2;12,42541;41,90422;-1;2;Autovettura privata;In marcia / fermata / arresto;Passeggero;F;Rimandato;0;NON DECEDUTO;Non accertato;Inesploso
3717847;15;07/03/2018 17:20;Strada Urbana;VIA PORTUENSE;all'intersezione con;VIALE ALEXANDRE G. EIFFEL;VIALE ALEXANDRE G. EIFFEL;;;Scontro frontale/laterale SX fra veicoli in marcia;Rotatoria;Una carreggiata a senso unico di marcia;Bagnato (umidità in atto);Asfaltata;Verticale ed orizzontale;Nuvoloso;Normale;Buona;Ore Diurne;0;0;0;3;12,35585;41,82718;-1;1;Autovettura privata;In marcia / fermata / arresto;Conducente;F;Illeso;0;;Utilizzato;
3717847;15;07/03/2018 17:20;Strada Urbana;VIA PORTUENSE;all'intersezione con;VIALE ALEXANDRE G. EIFFEL;VIALE ALEXANDRE G. EIFFEL;;;Scontro frontale/laterale SX fra veicoli in marcia;Rotatoria;Una carreggiata a senso unico di marcia;Bagnato (umidità in atto);Asfaltata;Verticale ed orizzontale;Nuvoloso;Normale;Buona;Ore Diurne;0;0;0;3;12,35585;41,82718;-1;2;Autovettura privata;In marcia / fermata / arresto;Conducente;F;Illeso;0;;Utilizzato;
3717847;15;07/03/2018 17:20;Strada Urbana;VIA PORTUENSE;all'intersezione con;VIALE ALEXANDRE G. EIFFEL;VIALE ALEXANDRE G. EIFFEL;;;Scontro frontale/laterale SX fra veicoli in marcia;Rotatoria;Una carreggiata a senso unico di marcia;Bagnato (umidità in atto);Asfaltata;Verticale ed orizzontale;Nuvoloso;Normale;Buona;Ore Diurne;0;0;0;3;12,35585;41,82718;-1;2;Autovettura privata;In marcia / fermata / arresto;Passeggero;F;Illeso;0;;Utilizzato;
3718032;12;07/03/2018 20:40;Strada Urbana;VIA DI ACQUA ACETOSA OSTIENSE;da specificare;;;;tra via Camus e via I. Calvino;Veicolo in marcia contro ostacolo accidentale;Curva a visuale libera;Una carreggiata a doppio senso;Bagnato (pioggia);Asfaltata;Verticale ed orizzontale;Nuvoloso;Scarso;Buona;Insufficiente;0;0;0;1;12,46733;41,80484;-1;1;Autovettura privata;In marcia / fermata / arresto;Conducente;M;Illeso;0;;Utilizzato;Inesploso
3718289;10;07/03/2018 12:40;Strada Urbana;VIA ANAGNINA;in corrispondenza;;del palo luce n.;133;;Tamponamento;Rettilineo;Due carreggiate;Asciutto;Asfaltata;Verticale ed orizzontale;Sereno;Normale;Buona;Ore Diurne;2;0;0;2;12,61153;41,81994;-1;1;Autovettura privata;In marcia / fermata / arresto;Passeggero;F;Illeso;0;;Non accertato;Inesploso
3718289;10;07/03/2018 12:40;Strada Urbana;VIA ANAGNINA;in corrispondenza;;del palo luce n.;133;;Tamponamento;Rettilineo;Due carreggiate;Asciutto;Asfaltata;Verticale ed orizzontale;Sereno;Normale;Buona;Ore Diurne;2;0;0;2;12,61153;41,81994;-1;1;Autovettura privata;In marcia / fermata / arresto;Conducente;M;Rimandato;0;NON DECEDUTO;Non accertato;Inesploso
3718289;10;07/03/2018 12:40;Strada Urbana;VIA ANAGNINA;in corrispondenza;;del palo luce n.;133;;Tamponamento;Rettilineo;Due carreggiate;Asciutto;Asfaltata;Verticale ed orizzontale;Sereno;Normale;Buona;Ore Diurne;2;0;0;2;12,61153;41,81994;-1;1;Autovettura privata;In marcia / fermata / arresto;Passeggero;F;Rimandato;0;NON DECEDUTO;Non accertato;Inesploso
3718289;10;07/03/2018 12:40;Strada Urbana;VIA ANAGNINA;in corrispondenza;;del palo luce n.;133;;Tamponamento;Rettilineo;Due carreggiate;Asciutto;Asfaltata;Verticale ed orizzontale;Sereno;Normale;Buona;Ore Diurne;2;0;0;2;12,61153;41,81994;-1;2;Autovettura privata;In marcia / fermata / arresto;Conducente;M;Illeso;0;;Non accertato;Inesploso
3718290;9;07/03/2018 13:30;Strada Urbana;VIA RAFFAELE DE CESARE;in prossimità;;del civico n.;54;;Investimento di pedone;Rettilineo;Una carreggiata a senso unico di marcia;Bagnato (pioggia);Asfaltata;Verticale ed orizzontale;Nuvoloso;Normale;Buona;Ore Diurne;1;0;0;1;12,52194;41,8727;-1;;;;Pedone;F;Illeso;0;;;