Protocollo;Gruppo;DataOraIncidente;Localizzazione1;STRADA1;Localizzazione2;STRADA2;Strada02;Chilometrica;DaSpecificare;NaturaIncidente;particolaritastrade;TipoStrada;FondoStradale;Pavimentazione;Segnaletica;CondizioneAtmosferica;Traffico;Visibilita;Illuminazione;NUM_FERITI;NUM_RISERVATA;NUM_MORTI;NUM_ILLESI;Longitudine;Latitudine;Confermato;Progressivo;TipoVeicolo;StatoVeicolo;TipoPersona;Sesso;Tipolesione;Deceduto;DecedutoDopo;CinturaCascoUtilizzato;Airbag
3718409;5;07/03/2018 08:55;Strada Urbana;VIA DEL CASALE DI S. BASILIO;all'intersezione con;VIA TINO BUAZZELLI;VIA TINO BUAZZELLI;;;Scontro frontale/laterale DX fra veicoli in marcia;Incrocio;Una carreggiata a doppio senso;Asciutto;Asfaltata;Verticale ed orizzontale;Sereno;Intenso;Buona;Ore Diurne;0;1;0;1;12,56885;41,9445;-1;2;Motociclo a solo;In marcia / fermata / arresto;Conducente;M;Prognosi riservata;0;NON DECEDUTO;Non accertato;
3718410;13;07/03/2018 06:11;Provinciale entro l'abitato;VIA OSTIENSE;in prossimità;;della chilometrica;15.9;;Veicolo in marcia contro ostacolo accidentale;Rettilineo;Una carreggiata a doppio senso;Asciutto;Con buche;Assente;Nuvoloso;Normale;Buona;Ore Diurne;0;0;0;1;12,41094;41,80891;-1;1;Autovettura privata;In marcia / fermata / arresto;Conducente;M;Illeso;0;;Non accertato;Inesploso
3718413;13;07/03/2018 12:40;;VIALE DEI ROMAGNOLI;da specificare;;;;tratto tra Cineland e via delle Azzorre;Veicolo in marcia contro ostacolo accidentale;;;;;;;;;;0;0;0;2;;;0;1;Autovettura privata;In marcia / fermata / arresto;Conducente;M;Illeso;0;;Non accertato;Inesploso
3718413;13;07/03/2018 12:40;;VIALE DEI ROMAGNOLI;da specificare;;;;tratto tra Cineland e via delle Azzorre;Veicolo in marcia contro ostacolo accidentale;;;;;;;;;;0;0;0;2;;;0;1;Autovettura privata;In marcia / fermata / arresto;Passeggero;M;Illeso;0;;;
3718422;20;07/03/2018 08:10;Regionale entro l'abitato;VIA CASSIA;da specificare;;;;altezza Via Piccinini;Scontro laterale fra veicoli in marcia;Rettilineo;Una carreggiata a senso unico di marcia;Bagnato (umidità in atto);Asfaltata;Verticale ed orizzontale;Sereno;Normale;Buona;Ore Diurne;0;0;0;2;12,41323;41,98292;-1;1;Autovettura privata;In marcia / fermata / arresto;Conducente;M;Illeso;0;;;
3718422;20;07/03/2018 08:10;Regionale entro l'abitato;VIA CASSIA;da specificare;;;;altezza Via Piccinini;Scontro laterale fra veicoli in marcia;Rettilineo;Una carreggiata a senso unico di marcia;Bagnato (umidità in atto);Asfaltata;Verticale ed orizzontale;Sereno;Normale;Buona;Ore Diurne;0;0;0;2;12,41323;41,98292;-1;2;Motociclo a solo;In marcia / fermata / arresto;Conducente;M;Illeso;0;;;
3718423;5;07/03/2018 13:25;Strada Urbana;VIA BELMONTE IN SABINA;da specificare;;;;pross. Centrale del Latte dir. Palombarese;Veicolo in marcia contro ostacolo accidentale;Rettilineo;Due carreggiate;Bagnato (umidità in atto);Strada pavimentata dissestata;Orizzontale;Nuvoloso;Normale;Buona;Ore Diurne;0;0;0;1;12,60015;41,95081;-1;1;Autovettura privata;In marcia / fermata / arresto;Conducente;M;Illeso;0;;Non accertato;Inesploso
3718424;7;07/03/2018 11:20;Strada Urbana;VIA DEI CASTANI;in corrispondenza;;del civico n.;241;;Investimento di pedone;Rettilineo;Una carreggiata a doppio senso;Asciutto;Asfaltata;Orizzontale;Sereno;Normale;Buona;Ore Diurne;1;0;0;1;12,56591;41,887;-1;;;;Pedone;F;Rimandato;0;NON DECEDUTO;;
3718424;7;07/03/2018 11:20;Strada Urbana;VIA DEI CASTANI;in corrispondenza;;del civico n.;241;;Investimento di pedone;Rettilineo;Una carreggiata a doppio senso;Asciutto;Asfaltata;Orizzontale;Sereno;Normale;Buona;Ore Diurne;1;0;0;1;12,56591;41,887;-1;1;Autovettura privata;In marcia / fermata / arresto;Conducente;F;Illeso;0;;Non accertato;Inesploso
3718427;20;07/03/2018 07:15;Strada Urbana;VIA DEL FORO ITALICO;da specificare;;;;pross. rampa d'acc. Tor di Quinto dir. S. Giovanni;Veicolo in marcia contro ostacolo accidentale;Rettilineo;Due carreggiate;Bagnato (umidità in atto);Asfaltata;Orizzontale;Nuvoloso;Normale;Sufficiente;Ore Diurne;0;0;0;1;12,47886;41,94029;-1;1;Autovettura privata;In marcia / fermata / arresto;Conducente;M;Illeso;0;;;
3718429;5;07/03/2018 13:26;Strada Urbana;VIA BELMONTE IN SABINA;da specificare;;;;in pross. Centrale del Latte dir. Palombarese;Veicolo in marcia contro ostacolo accidentale;Rettilineo;Due carreggiate;Bagnato (umidità in atto);Strada pavimentata dissestata;Orizzontale;Nuvoloso;Normale;Buona;Ore Diurne;0;0;0;1;12,60014;41,95084;-1;1;Autovettura privata;In marcia / fermata / arresto;Conducente;M;Illeso;0;;Non accertato;Inesploso
3718437;5;07/03/2018 13:15;Strada Urbana;VIA BELMONTE IN SABINA;da specificare;;;;in pross. Centrale del Latte ;Veicolo in marcia contro ostacolo accidentale;Rettilineo;Due carreggiate;Bagnato (umidità in atto);Strada pavimentata dissestata;Orizzontale;Nuvoloso;Normale;Buona;Ore Diurne;0;0;0;1;12,60024;41,95097;-1;1;Autovettura privata;In marcia / fermata / arresto;Conducente;F;Illeso;0;;Non accertato;Inesploso
3718440;5;07/03/2018 20:15;Strada Urbana;VIALE RATTO DELLE SABINE;in prossimità;;del civico n.;1;;Veicolo in marcia contro ostacolo accidentale;Rettilineo;Una carreggiata a senso unico di marcia;Bagnato (pioggia);Asfaltata;Verticale ed orizzontale;Pioggia in atto;Normale;Sufficiente;Sufficiente;0;0;0;2;12,60103;41,94663;-1;1;Autovettura privata;In marcia / fermata / arresto;Conducente;F;Illeso;0;;Non accertato;Inesploso
3718440;5;07/03/2018 20:15;Strada Urbana;VIALE RATTO DELLE SABINE;in prossimità;;del civico n.;1;;Veicolo in marcia contro ostacolo accidentale;Rettilineo;Una carreggiata a senso unico di marcia;Bagnato (pioggia);Asfaltata;Verticale ed orizzontale;Pioggia in atto;Normale;Sufficiente;Sufficiente;0;0;0;2;12,60103;41,94663;-1;1;Autovettura privata;In marcia / fermata / arresto;Passeggero;M;Illeso;0;;Non accertato;Inesploso
3718442;5;07/03/2018 13:50;Strada Urbana;VIA FRANCESCO SELMI;all'intersezione con;VIA VANNI BIRINGUCCI;VIA VANNI BIRINGUCCI;;;Scontro frontale/laterale DX fra veicoli in marcia;Incrocio;Una carreggiata a senso unico di marcia;Bagnato (pioggia);Asfaltata;Verticale ed orizzontale;Nuvoloso;Normale;Buona;Ore Diurne;1;0;0;3;12,57022;41,92993;-1;1;Autovettura di polizia;In marcia / fermata / arresto;Conducente;M;Illeso;0;;Non accertato;Inesploso
3718442;5;07/03/2018 13:50;Strada Urbana;VIA FRANCESCO SELMI;all'intersezione con;VIA VANNI BIRINGUCCI;VIA VANNI BIRINGUCCI;;;Scontro frontale/laterale DX fra veicoli in marcia;Incrocio;Una carreggiata a senso unico di marcia;Bagnato (pioggia);Asfaltata;Verticale ed orizzontale;Nuvoloso;Normale;Buona;Ore Diurne;1;0;0;3;12,57022;41,92993;-1;1;Autovettura di polizia;In marcia / fermata / arresto;Passeggero;M;Illeso;0;;Non accertato;Inesploso
3718442;5;07/03/2018 13:50;Strada Urbana;VIA FRANCESCO SELMI;all'intersezione con;VIA VANNI BIRINGUCCI;VIA VANNI BIRINGUCCI;;;Scontro frontale/laterale DX fra veicoli in marcia;Incrocio;Una carreggiata a senso unico di marcia;Bagnato (pioggia);Asfaltata;Verticale ed orizzontale;Nuvoloso;Normale;Buona;Ore Diurne;1;0;0;3;12,57022;41,92993;-1;1;Autovettura di polizia;In marcia / fermata / arresto;Passeggero;M;Rimandato;0;NON DECEDUTO;Non accertato;Inesploso
3718442;5;07/03/2018 13:50;Strada Urbana;VIA FRANCESCO SELMI;all'intersezione con;VIA VANNI BIRINGUCCI;VIA VANNI BIRINGUCCI;;;Scontro frontale/laterale DX fra veicoli in marcia;Incrocio;Una carreggiata a senso unico di marcia;Bagnato (pioggia);Asfaltata;Verticale ed orizzontale;Nuvoloso;Normale;Buona;Ore Diurne;1;0;0;3;12,57022;41,92993;-1;2;Autovettura privata;In marcia / fermata / arresto;Conducente;M;Illeso;0;;Non accertato;Inesploso
3718446;20;07/03/2018 06:25;Strada Urbana;VIALE DI TOR DI QUINTO;da specificare;;;;pross. rampa d'acc. Tor di Quinto dir. S. Giovanni;Veicolo in marcia contro ostacolo accidentale;Rettilineo;Due carreggiate;Bagnato (umidità in atto);Asfaltata;Orizzontale;Nuvoloso;Normale;Sufficiente;Ore Diurne;0;0;0;1;12,48003;41,9397;-1;1;Autovettura privata;In marcia / fermata / arresto;Conducente;M;Illeso;0;;;
3718450;5;07/03/2018 14:30;Strada Urbana;VIA DEI MONTI TIBURTINI;da specificare;;;;altezza civico 413;Veicolo in marcia contro ostacolo accidentale;Rettilineo;Una carreggiata a senso unico di marcia;Bagnato (pioggia);Asfaltata;Verticale ed orizzontale;Pioggia in atto;Normale;Buona;Ore Diurne;0;0;0;1;12,53987;41,91811;-1;1;Autovettura privata;In marcia / fermata / arresto;Conducente;M;Illeso;0;;Non accertato;
3718453;7;07/03/2018 19:30;Strada Urbana;VIALE PALMIRO TOGLIATTI;in corrispondenza;;del civico n.;522;;Infortunio per sola frenata improvvisa;Rettilineo;Due carreggiate;Bagnato (pioggia);Con buche;Verticale ed orizzontale;Nuvoloso;Intenso;Sufficiente;Sufficiente;1;0;0;0;12,57075;41,8749;-1;1;Motociclo a solo;In marcia / fermata / arresto;Conducente;M;Rimandato;0;NON DECEDUTO;Non accertato;
3718455;5;07/03/2018 19:45;Strada Urbana;VIA DI CASAL BIANCO;da specificare;;;;altezza Forno Casale;Veicolo in marcia contro ostacolo accidentale;Rettilineo;Una carreggiata a doppio senso;Bagnato (pioggia);Con buche;Verticale ed orizzontale;Pioggia in atto;Normale;Sufficiente;Sufficiente;0;0;0;2;12,6368;41,94404;-1;1;Autovettura privata;In marcia / fermata / arresto;Conducente;M;Illeso;0;;Non accertato;Inesploso
3718455;5;07/03/2018 19:45;Strada Urbana;VIA DI CASAL BIANCO;da specificare;;;;altezza Forno Casale;Veicolo in marcia contro ostacolo accidentale;Rettilineo;Una carreggiata a doppio senso;Bagnato (pioggia);Con buche;Verticale ed orizzontale;Pioggia in atto;Normale;Sufficiente;Sufficiente;0;0;0;2;12,6368;41,94404;-1;1;Autovettura privata;In marcia / fermata / arresto;Passeggero;M;Illeso;0;;Non accertato;Inesploso
3718459;1;07/03/2018 13:10;Strada Urbana;VIA DI MONTE BRIANZO;in prossimità;;del civico n.;80;;Scontro frontale/laterale DX fra veicoli in marcia;Rettilineo;Una carreggiata a senso unico di marcia;Bagnato (pioggia);Acciotolata;Verticale;Nuvoloso;Scarso;Buona;Ore Diurne;0;0;0;2;12,47286;41,90237;-1;1;Autovettura privata;In marcia / fermata / arresto;Conducente;M;Illeso;0;;Non accertato;
3718459;1;07/03/2018 13:10;Strada Urbana;VIA DI MONTE BRIANZO;in prossimità;;del civico n.;80;;Scontro frontale/laterale DX fra veicoli in marcia;Rettilineo;Una carreggiata a senso unico di marcia;Bagnato (pioggia);Acciotolata;Verticale;Nuvoloso;Scarso;Buona;Ore Diurne;0;0;0;2;12,47286;41,90237;-1;2;Motociclo a solo;In marcia / fermata / arresto;Conducente;M;Illeso;0;;Non accertato;
3718462;5;07/03/2018 18:30;Strada Urbana;VIA IGINO GIORDANI;da specificare;;;;in prossimità via Trivento;Scontro laterale fra veicoli in marcia;Rettilineo;Una carreggiata a doppio senso;Bagnato (pioggia);Asfaltata;Orizzontale;Sereno;Normale;Buona;Sufficiente;1;0;0;1;12,56448;41,9072;-1;1;Autovettura privata;In marcia / fermata / arresto;Conducente;M;Illeso;0;;Non accertato;
3718462;5;07/03/2018 18:30;Strada Urbana;VIA IGINO GIORDANI;da specificare;;;;in prossimità via Trivento;Scontro laterale fra veicoli in marcia;Rettilineo;Una carreggiata a doppio senso;Bagnato (pioggia);Asfaltata;Orizzontale;Sereno;Normale;Buona;Sufficiente;1;0;0;1;12,56448;41,9072;-1;2;Motociclo a solo;In marcia / fermata / arresto;Conducente;M;Ricoverato;0;NON DECEDUTO;Non accertato;
3718468;5;07/03/2018 21:00;Strada Urbana;VIA DI CASAL BIANCO;da specificare;;;;tratto compreso tra Marco Simone e Forno Casale;Veicolo in marcia contro ostacolo accidentale;Rettilineo;Una carreggiata a doppio senso;Bagnato (pioggia);Asfaltata;Orizzontale;Pioggia in atto;Normale;Insufficiente;Insufficiente;0;0;0;1;12,64174;41,9457;-1;1;Autovettura privata;In marcia / fermata / arresto;Conducente;F;Illeso;0;;Non accertato;Inesploso
3718471;13;07/03/2018 11:30;;VIA OSTIENSE;in corrispondenza;;del civico n.;2213;;Veicolo in marcia contro ostacolo accidentale;;;;;;;;;;0;0;0;1;;;0;1;Autovettura privata;In marcia / fermata / arresto;Conducente;M;Illeso;0;;Non accertato;
3718474;20;07/03/2018 07:30;Strada Urbana;VIA DI VALLE MURICANA;in prossimità;;del civico n.;301;;Veicolo in marcia contro ostacolo accidentale;Rettilineo;Una carreggiata a doppio senso;Bagnato (umidità in atto);Asfaltata;Orizzontale;Nuvoloso;Normale;Buona;Ore Diurne;0;0;0;4;12,47446;42,01545;-1;1;Autovettura privata;In marcia / fermata / arresto;Conducente;M;Illeso;0;;;
3718474;20;07/03/2018 07:30;Strada Urbana;VIA DI VALLE MURICANA;in prossimità;;del civico n.;301;;Veicolo in marcia contro ostacolo accidentale;Rettilineo;Una carreggiata a doppio senso;Bagnato (umidità in atto);Asfaltata;Orizzontale;Nuvoloso;Normale;Buona;Ore Diurne;0;0;0;4;12,47446;42,01545;-1;1;Autovettura privata;In marcia / fermata / arresto;Passeggero;M;Illeso;0;;;
3718474;20;07/03/2018 07:30;Strada Urbana;VIA DI VALLE MURICANA;in prossimità;;del civico n.;301;;Veicolo in marcia contro ostacolo accidentale;Rettilineo;Una carreggiata a doppio senso;Bagnato (umidità in atto);Asfaltata;Orizzontale;Nuvoloso;Normale;Buona;Ore Diurne;0;0;0;4;12,47446;42,01545;-1;1;Autovettura privata;In marcia / fermata / arresto;Passeggero;M;Illeso;0;;;
3718474;20;07/03/2018 07:30;Strada Urbana;VIA DI VALLE MURICANA;in prossimità;;del civico n.;301;;Veicolo in marcia contro ostacolo accidentale;Rettilineo;Una carreggiata a doppio senso;Bagnato (umidità in atto);Asfaltata;Orizzontale;Nuvoloso;Normale;Buona;Ore Diurne;0;0;0;4;12,47446;42,01545;-1;1;Autovettura privata;In marcia / fermata / arresto;Passeggero;M;Illeso;0;;;
3718492;20;07/03/2018 07:00;Strada Urbana;VIA DI VALLE MURICANA;in prossimità;;del civico n.;301;;Veicolo in marcia contro ostacolo accidentale;Rettilineo;Una carreggiata a doppio senso;Bagnato (pioggia);Asfaltata;Orizzontale;Pioggia in atto;Normale;Sufficiente;Ore Diurne;0;0;0;3;12,47446;42,01545;-1;1;Autovettura privata;In marcia / fermata / arresto;Conducente;M;Illeso;0;;;
3718492;20;07/03/2018 07:00;Strada Urbana;VIA DI VALLE MURICANA;in prossimità;;del civico n.;301;;Veicolo in marcia contro ostacolo accidentale;Rettilineo;Una carreggiata a doppio senso;Bagnato (pioggia);Asfaltata;Orizzontale;Pioggia in atto;Normale;Sufficiente;Ore Diurne;0;0;0;3;12,47446;42,01545;-1;1;Autovettura privata;In marcia / fermata / arresto;Passeggero;M;Illeso;0;;;
3718492;20;07/03/2018 07:00;Strada Urbana;VIA DI VALLE MURICANA;in prossimità;;del civico n.;301;;Veicolo in marcia contro ostacolo accidentale;Rettilineo;Una carreggiata a doppio senso;Bagnato (pioggia);Asfaltata;Orizzontale;Pioggia in atto;Normale;Sufficiente;Ore Diurne;0;0;0;3;12,47446;42,01545;-1;1;Autovettura privata;In marcia / fermata / arresto;Passeggero;M;Illeso;0;;;
3718507;20;07/03/2018 19:30;Strada Urbana;VIA DI GROTTAROSSA;in prossimità;;del civico n.;1035;;Scontro laterale fra veicoli in marcia;Rettilineo;Una carreggiata a doppio senso;Bagnato (pioggia);Sterrata;Orizzontale;Pioggia in atto;Normale;Buona;Sufficiente;0;0;0;2;12,47068;41,98148;-1;1;Autovettura privata;In marcia / fermata / arresto;Conducente;M;Illeso;0;;;
3718507;20;07/03/2018 19:30;Strada Urbana;VIA DI GROTTAROSSA;in prossimità;;del civico n.;1035;;Scontro laterale fra veicoli in marcia;Rettilineo;Una carreggiata a doppio senso;Bagnato (pioggia);Sterrata;Orizzontale;Pioggia in atto;Normale;Buona;Sufficiente;0;0;0;2;12,47068;41,98148;-1;2;Motociclo a solo;In marcia / fermata / arresto;Conducente;M;Illeso;0;;;
3718518;7;07/03/2018 12:40;Strada Urbana;VIA CASTORE DURANTE;in corrispondenza;;del civico n.;11;;Scontro frontale/laterale DX fra veicoli in marcia;Rettilineo;Una carreggiata a doppio senso;Asciutto;Asfaltata;Verticale;Sereno;Scarso;Buona;Ore Diurne;0;0;0;2;12,57347;41,89177;-1;1;Autovettura privata;In marcia / fermata / arresto;Conducente;M;Illeso;0;;Non accertato;Inesploso
3718518;7;07/03/2018 12:40;Strada Urbana;VIA CASTORE DURANTE;in corrispondenza;;del civico n.;11;;Scontro frontale/laterale DX fra veicoli in marcia;Rettilineo;Una carreggiata a doppio senso;Asciutto;Asfaltata;Verticale;Sereno;Scarso;Buona;Ore Diurne;0;0;0;2;12,57347;41,89177;-1;2;Motociclo a solo;In marcia / fermata / arresto;Conducente;M;Illeso;0;;Non accertato;
3718526;1;07/03/2018 16:10;Strada Urbana;LUNGOTEVERE RAFFAELLO SANZIO;all'intersezione semaforizzata con;VIALE DI TRASTEVERE;VIALE DI TRASTEVERE;;;Tamponamento;Intersezione semaforizzata;Una carreggiata a senso unico di marcia;Bagnato (pioggia);Asfaltata;Verticale ed orizzontale;Pioggia in atto;Intenso;Buona;Ore Diurne;0;0;0;2;;;0;1;Autocarro inferiore 35 q.;In marcia / fermata / arresto;Conducente;M;Illeso;0;;;
3718526;1;07/03/2018 16:10;Strada Urbana;LUNGOTEVERE RAFFAELLO SANZIO;all'intersezione semaforizzata con;VIALE DI TRASTEVERE;VIALE DI TRASTEVERE;;;Tamponamento;Intersezione semaforizzata;Una carreggiata a senso unico di marcia;Bagnato (pioggia);Asfaltata;Verticale ed orizzontale;Pioggia in atto;Intenso;Buona;Ore Diurne;0;0;0;2;;;0;2;Autovettura privata;In marcia / fermata / arresto;Conducente;F;Illeso;0;;;
3718530;13;07/03/2018 09:20;Strada Urbana;VIA DELLE SIRENE;in prossimità;;del civico n.;91;;Veicolo in marcia contro veicolo in sosta;Rettilineo;Due carreggiate;Bagnato (pioggia);Asfaltata;Assente;Nuvoloso;Normale;Buona;Ore Diurne;0;0;0;1;12,27192;41,73531;-1;1;Autovettura privata;In marcia / fermata / arresto;Conducente;F;Illeso;0;;Non accertato;Inesploso
3718533;13;07/03/2018 10:45;Strada Urbana;VIA ERMANNO WOLF FERRARI;in prossimità;;del civico n.;228a;;Veicolo in marcia contro veicolo fermo;Rettilineo;Due carreggiate;Asciutto;Asfaltata;Assente;Nuvoloso;Scarso;Buona;Ore Diurne;0;0;0;3;12,37587;41,75087;-1;1;Autovettura privata;In marcia / fermata / arresto;Conducente;M;Illeso;0;;Non accertato;Inesploso
3718533;13;07/03/2018 10:45;Strada Urbana;VIA ERMANNO WOLF FERRARI;in prossimità;;del civico n.;228a;;Veicolo in marcia contro veicolo fermo;Rettilineo;Due carreggiate;Asciutto;Asfaltata;Assente;Nuvoloso;Scarso;Buona;Ore Diurne;0;0;0;3;12,37587;41,75087;-1;1;Autovettura privata;In marcia / fermata / arresto;Passeggero;F;Illeso;0;;Non accertato;Inesploso
3718533;13;07/03/2018 10:45;Strada Urbana;VIA ERMANNO WOLF FERRARI;in prossimità;;del civico n.;228a;;Veicolo in marcia contro veicolo fermo;Rettilineo;Due carreggiate;Asciutto;Asfaltata;Assente;Nuvoloso;Scarso;Buona;Ore Diurne;0;0;0;3;12,37587;41,75087;-1;2;Autovettura privata;In marcia / fermata / arresto;Conducente;F;Illeso;0;;;
3718548;1;07/03/2018 19:15;Strada Urbana;VIALE MARCO POLO;da specificare;;;;FRONTE VIA RONCINOTTO;Veicolo in marcia contro ostacolo accidentale;Rettilineo;Una carreggiata a senso unico di marcia;Asciutto;Asfaltata;Assente;Sereno;Intenso;Buona;Ore Diurne;0;0;0;2;12,48916;41,8729;-1;1;Autovettura privata;In marcia / fermata / arresto;Conducente;F;Illeso;0;;;
3718548;1;07/03/2018 19:15;Strada Urbana;VIALE MARCO POLO;da specificare;;;;FRONTE VIA RONCINOTTO;Veicolo in marcia contro ostacolo accidentale;Rettilineo;Una carreggiata a senso unico di marcia;Asciutto;Asfaltata;Assente;Sereno;Intenso;Buona;Ore Diurne;0;0;0;2;12,48916;41,8729;-1;1;Autovettura privata;In marcia / fermata / arresto;Passeggero;M;Illeso;0;;;
3718559;12;08/03/2018 08:20;Strada Urbana;VIALE DELL'UMANESIMO;all'intersezione con;PIAZZALE DELL'UMANESIMO;PIAZZALE DELL'UMANESIMO;;;Scontro frontale/laterale SX fra veicoli in marcia;Intersezione semaforizzata;Due carreggiate;Asciutto;Asfaltata;Verticale ed orizzontale;Sereno;Normale;Buona;Ore Diurne;1;0;0;1;12,47157;41,8225;-1;1;Autovettura privata;In marcia / fermata / arresto;Conducente;F;Illeso;0;;Non accertato;Inesploso
3718559;12;08/03/2018 08:20;Strada Urbana;VIALE DELL'UMANESIMO;all'intersezione con;PIAZZALE DELL'UMANESIMO;PIAZZALE DELL'UMANESIMO;;;Scontro frontale/laterale SX fra veicoli in marcia;Intersezione semaforizzata;Due carreggiate;Asciutto;Asfaltata;Verticale ed orizzontale;Sereno;Normale;Buona;Ore Diurne;1;0;0;1;12,47157;41,8225;-1;2;Motociclo a solo;In marcia / fermata / arresto;Conducente;M;Rimandato;0;NON DECEDUTO;Non accertato;
3718560;12;05/03/2018 17:31;Strada Urbana;VIA DI DECIMA;in corrispondenza;;del civico n.;100;;Veicolo in marcia contro ostacolo accidentale;Rettilineo;Una carreggiata a doppio senso;Bagnato (pioggia);Asfaltata;Verticale ed orizzontale;Pioggia in atto;Intenso;Sufficiente;Ore Diurne;0;0;0;1;12,45145;41,81589;-1;1;Autovettura privata;In marcia / fermata / arresto;Conducente;F;Illeso;0;;Non accertato;
3718563;2;05/03/2018 19:45;Strada Urbana;CIRCONVALLAZIONE SALARIA;da specificare;;;;tratto Valli/Salaria direz. Stadio;Veicolo in marcia contro ostacolo accidentale;Rettilineo;Due carreggiate;Asciutto;Con buche;Verticale ed orizzontale;Sereno;Normale;Buona;Sufficiente;0;0;0;1;12,52092;41,93437;-1;1;Autovettura privata;In marcia / fermata / arresto;Conducente;F;Illeso;0;;;
3718575;20;08/03/2018 08:15;Strada Urbana;VIA DELLA CAMILLUCCIA;in corrispondenza;;del civico n.;551;;Scontro frontale/laterale SX fra veicoli in marcia;Rettilineo;Una carreggiata a doppio senso;Bagnato (umidità in atto);Asfaltata;Verticale ed orizzontale;Sereno;Normale;Buona;Ore Diurne;1;0;0;1;12,44802;41,94256;-1;1;Motociclo a solo;In marcia / fermata / arresto;Conducente;M;Rimandato;0;NON DECEDUTO;Non accertato;
3718575;20;08/03/2018 08:15;Strada Urbana;VIA DELLA CAMILLUCCIA;in corrispondenza;;del civico n.;551;;Scontro frontale/laterale SX fra veicoli in marcia;Rettilineo;Una carreggiata a doppio senso;Bagnato (umidità in atto);Asfaltata;Verticale ed orizzontale;Sereno;Normale;Buona;Ore Diurne;1;0;0;1;12,44802;41,94256;-1;2;Autovettura privata;In marcia / fermata / arresto;Conducente;M;Illeso;0;;Non accertato;Inesploso
3718580;4;07/03/2018 07:45;Strada Urbana;VIA UGO OJETTI;all'intersezione semaforizzata con;PIAZZA PIER CARLO TALENTI;PIAZZA PIER CARLO TALENTI;;;Scontro frontale/laterale DX fra veicoli in marcia;Incrocio;Due carreggiate;Bagnato (umidità in atto);Asfaltata;Verticale ed orizzontale;Nuvoloso;Intenso;Buona;Ore Diurne;0;0;0;2;12,55481;41,94735;-1;1;Autovettura privata;In marcia / fermata / arresto;Conducente;M;Illeso;0;;Non accertato;Inesploso
3718580;4;07/03/2018 07:45;Strada Urbana;VIA UGO OJETTI;all'intersezione semaforizzata con;PIAZZA PIER CARLO TALENTI;PIAZZA PIER CARLO TALENTI;;;Scontro frontale/laterale DX fra veicoli in marcia;Incrocio;Due carreggiate;Bagnato (umidità in atto);Asfaltata;Verticale ed orizzontale;Nuvoloso;Intenso;Buona;Ore Diurne;0;0;0;2;12,55481;41,94735;-1;2;Autovettura privata;In marcia / fermata / arresto;Conducente;M;Illeso;0;;Non accertato;Inesploso
3718585;9;08/03/2018 07:20;Strada Urbana;VIA GALLIA;in prossimità;;del civico n.;156;;Veicolo in marcia contro ostacolo accidentale;Rettilineo;Una carreggiata a doppio senso;Asciutto;Strada pavimentata dissestata;Verticale ed orizzontale;Sereno;Intenso;Buona;Ore Diurne;1;0;0;0;12,50492;41,88084;-1;1;Motociclo a solo;In marcia / fermata / arresto;Conducente;M;Rimandato;0;NON DECEDUTO;Utilizzato;
3718587;12;05/03/2018 20:20;Strada Urbana;VIA LAURENTINA;da specificare;;;;KM. 9,800 ROTATORIA VALLERANO DIR ROMA;Veicolo in marcia contro ostacolo fisso;Rettilineo;Due carreggiate;Bagnato (pioggia);Asfaltata;Verticale ed orizzontale;Nuvoloso;Normale;Sufficiente;Sufficiente;0;0;0;1;12,48171;41,77506;-1;1;Autovettura privata;In marcia / fermata / arresto;Conducente;M;Illeso;0;;;
3718592;7;07/03/2018 08:00;Strada Urbana;VIALE PALMIRO TOGLIATTI;all'intersezione con;VIA PRENESTINA;VIA PRENESTINA;;;Veicolo in marcia contro ostacolo fisso;Intersezione semaforizzata;Una carreggiata a senso unico di marcia;Bagnato (pioggia);Asfaltata;Verticale ed orizzontale;Nuvoloso;Normale;Buona;Ore Diurne;0;0;0;1;12,57492;41,89471;-1;1;Autovettura privata;In marcia / fermata / arresto;Conducente;F;Illeso;0;;Non accertato;Inesploso
3718610;1;07/03/2018 19:15;Strada Urbana;CORSO VITTORIO EMANUELE II;in corrispondenza;;del civico n.;284;;Investimento di pedone;Rettilineo;Più di due carreggiate;Bagnato (umidità in atto);Asfaltata;Verticale ed orizzontale;Nuvoloso;Normale;Sufficiente;Sufficiente;1;0;0;1;;;0;;;;Pedone;F;Rimandato;0;NON DECEDUTO;;
3718610;1;07/03/2018 19:15;Strada Urbana;CORSO VITTORIO EMANUELE II;in corrispondenza;;del civico n.;284;;Investimento di pedone;Rettilineo;Più di due carreggiate;Bagnato (umidità in atto);Asfaltata;Verticale ed orizzontale;Nuvoloso;Normale;Sufficiente;Sufficiente;1;0;0;1;;;0;1;Autovettura pubblica;In marcia / fermata / arresto;Conducente;M;Illeso;0;;;