Protocollo;Gruppo;DataOraIncidente;Localizzazione1;STRADA1;Localizzazione2;STRADA2;Strada02;Chilometrica;DaSpecificare;NaturaIncidente;particolaritastrade;TipoStrada;FondoStradale;Pavimentazione;Segnaletica;CondizioneAtmosferica;Traffico;Visibilita;Illuminazione;NUM_FERITI;NUM_RISERVATA;NUM_MORTI;NUM_ILLESI;Longitudine;Latitudine;Confermato;Progressivo;TipoVeicolo;StatoVeicolo;TipoPersona;Sesso;Tipolesione;Deceduto;DecedutoDopo;CinturaCascoUtilizzato;Airbag
3719959;5;08/03/2018 15:00;Strada Urbana;VIA DI PORTONACCIO;all'intersezione con;LARGO GIOVANNI PITTALUGA;LARGO GIOVANNI PITTALUGA;;;Scontro frontale/laterale SX fra veicoli in marcia;Incrocio;Due carreggiate;Asciutto;Asfaltata;Verticale ed orizzontale;Sereno;Normale;Buona;Ore Diurne;1;0;0;1;12,53764;41,89909;-1;2;Autovettura privata;In marcia / fermata / arresto;Conducente;F;Illeso;0;;Non accertato;
3719962;15;08/03/2018 18:30;Strada Urbana;VIA DELLE IDROVORE DELLA MAGLIANA;in corrispondenza;;del civico n.;25;;Veicolo in marcia contro ostacolo accidentale;Rettilineo;Una carreggiata a doppio senso;Asciutto;Con buche;Assente;Nuvoloso;Normale;Sufficiente;Sufficiente;0;0;0;1;12,44823;41,83427;-1;1;Autovettura privata;In marcia / fermata / arresto;Conducente;M;Illeso;0;;Non accertato;Inesploso
3719969;5;08/03/2018 15:20;Strada Urbana;VIA TIBURTINA;da specificare;;;;direzione GRA altezza ponte di Portonaccio;Scontro laterale fra veicoli in marcia;Rettilineo;Una carreggiata a doppio senso;Asciutto;Asfaltata;Verticale ed orizzontale;Nuvoloso;Intenso;Buona;Ore Diurne;0;0;0;3;12,53398;41,9082;-1;1;Autovettura privata;In marcia / fermata / arresto;Conducente;F;Illeso;0;;Non accertato;Inesploso
3719969;5;08/03/2018 15:20;Strada Urbana;VIA TIBURTINA;da specificare;;;;direzione GRA altezza ponte di Portonaccio;Scontro laterale fra veicoli in marcia;Rettilineo;Una carreggiata a doppio senso;Asciutto;Asfaltata;Verticale ed orizzontale;Nuvoloso;Intenso;Buona;Ore Diurne;0;0;0;3;12,53398;41,9082;-1;2;Autovettura privata;In marcia / fermata / arresto;Conducente;F;Illeso;0;;Non accertato;Inesploso
3719969;5;08/03/2018 15:20;Strada Urbana;VIA TIBURTINA;da specificare;;;;direzione GRA altezza ponte di Portonaccio;Scontro laterale fra veicoli in marcia;Rettilineo;Una carreggiata a doppio senso;Asciutto;Asfaltata;Verticale ed orizzontale;Nuvoloso;Intenso;Buona;Ore Diurne;0;0;0;3;12,53398;41,9082;-1;2;Autovettura privata;In marcia / fermata / arresto;Passeggero;M;Illeso;0;;Non accertato;Inesploso
3719970;17;08/03/2018 16:30;Strada Urbana;VIA VIRGILIO;in corrispondenza;;del civico n.;2;;Scontro laterale fra veicoli in marcia;Rettilineo;Una carreggiata a senso unico di marcia;Asciutto;Asfaltata;Verticale ed orizzontale;Sereno;Normale;Buona;Ore Diurne;0;0;0;2;12,46513;41,90781;-1;1;Autovettura privata;In marcia / fermata / arresto;Conducente;M;Illeso;0;;;
3719970;17;08/03/2018 16:30;Strada Urbana;VIA VIRGILIO;in corrispondenza;;del civico n.;2;;Scontro laterale fra veicoli in marcia;Rettilineo;Una carreggiata a senso unico di marcia;Asciutto;Asfaltata;Verticale ed orizzontale;Sereno;Normale;Buona;Ore Diurne;0;0;0;2;12,46513;41,90781;-1;2;Motociclo a solo;In marcia / fermata / arresto;Conducente;M;Illeso;0;;;
3719986;5;08/03/2018 17:50;Strada Urbana;VIALE PALMIRO TOGLIATTI;in corrispondenza;;del civico n.;1562;;Scontro laterale fra veicoli in marcia;Rettilineo;Due carreggiate;Asciutto;Asfaltata;Verticale ed orizzontale;Sereno;Normale;Sufficiente;Sufficiente;0;0;0;3;12,57148;41,91246;-1;1;Autovettura privata;In marcia / fermata / arresto;Conducente;F;Illeso;0;;Non accertato;Inesploso
3719986;5;08/03/2018 17:50;Strada Urbana;VIALE PALMIRO TOGLIATTI;in corrispondenza;;del civico n.;1562;;Scontro laterale fra veicoli in marcia;Rettilineo;Due carreggiate;Asciutto;Asfaltata;Verticale ed orizzontale;Sereno;Normale;Sufficiente;Sufficiente;0;0;0;3;12,57148;41,91246;-1;1;Autovettura privata;In marcia / fermata / arresto;Passeggero;M;Illeso;0;;Non accertato;Inesploso
3719986;5;08/03/2018 17:50;Strada Urbana;VIALE PALMIRO TOGLIATTI;in corrispondenza;;del civico n.;1562;;Scontro laterale fra veicoli in marcia;Rettilineo;Due carreggiate;Asciutto;Asfaltata;Verticale ed orizzontale;Sereno;Normale;Sufficiente;Sufficiente;0;0;0;3;12,57148;41,91246;-1;2;Autovettura privata;In marcia / fermata / arresto;Conducente;M;Illeso;0;;Non accertato;Inesploso
3720028;19;08/03/2018 10:15;Strada Urbana;VIA ALFREDO DURANTE;da specificare;;;;50 metri prima dell'intersezione con via Massimi.;Veicolo in marcia contro ostacolo accidentale;Rettilineo;Una carreggiata a doppio senso;Asciutto;Con buche;Assente;Sereno;Normale;Buona;Ore Diurne;0;0;0;2;12,44357;41,92918;-1;1;Autovettura privata;In marcia / fermata / arresto;Conducente;F;Illeso;0;;;
3720028;19;08/03/2018 10:15;Strada Urbana;VIA ALFREDO DURANTE;da specificare;;;;50 metri prima dell'intersezione con via Massimi.;Veicolo in marcia contro ostacolo accidentale;Rettilineo;Una carreggiata a doppio senso;Asciutto;Con buche;Assente;Sereno;Normale;Buona;Ore Diurne;0;0;0;2;12,44357;41,92918;-1;1;Autovettura privata;In marcia / fermata / arresto;Passeggero;M;Illeso;0;;;
3720034;19;08/03/2018 09:45;Strada Urbana;VIA DI TORREVECCHIA;in corrispondenza;;del civico n.;635;;Veicolo in marcia contro veicolo in sosta;Rettilineo;Una carreggiata a doppio senso;Asciutto;Asfaltata;Verticale;Sereno;Normale;Buona;Ore Diurne;0;0;0;1;12,41087;41,92144;-1;2;Autobus di linea;In marcia / fermata / arresto;Conducente;M;Illeso;0;;;
3720379;11;08/03/2018 08:30;Strada Urbana;VIA ARDEATINA;all'intersezione con;VIA ANDREA MILLEVOI;VIA ANDREA MILLEVOI;;;Scontro frontale/laterale DX fra veicoli in marcia;Intersezione stradale segnalata;Una carreggiata a doppio senso;Asciutto;Asfaltata;Verticale ed orizzontale;Sereno;Intenso;Buona;Ore Diurne;1;0;0;1;12,51918;41,82236;-1;1;Autovettura privata;In marcia / fermata / arresto;Conducente;M;Illeso;0;;Non accertato;
3720379;11;08/03/2018 08:30;Strada Urbana;VIA ARDEATINA;all'intersezione con;VIA ANDREA MILLEVOI;VIA ANDREA MILLEVOI;;;Scontro frontale/laterale DX fra veicoli in marcia;Intersezione stradale segnalata;Una carreggiata a doppio senso;Asciutto;Asfaltata;Verticale ed orizzontale;Sereno;Intenso;Buona;Ore Diurne;1;0;0;1;12,51918;41,82236;-1;2;Motociclo a solo;In marcia / fermata / arresto;Conducente;M;Rimandato;0;NON DECEDUTO;;
3720384;9;09/03/2018 01:50;Strada Urbana;VIA DI CASAL MORENA;in corrispondenza;;del civico n.;92;;Veicolo in marcia contro ostacolo fisso;Rettilineo;Una carreggiata a doppio senso;Asciutto;Asfaltata;Assente;Sereno;Scarso;Sufficiente;Sufficiente;0;0;0;1;12,61701;41,82279;0;1;Autovettura privata;In marcia / fermata / arresto;Conducente;M;Illeso;0;;Non accertato;Inesploso
3720387;13;08/03/2018 19:45;Strada Urbana;VIA EUGENIO CECCONI;in corrispondenza;;del civico n.;21;;Veicolo in marcia contro ostacolo accidentale;Rettilineo;Una carreggiata a doppio senso;Asciutto;Con buche;Assente;Sereno;Normale;Buona;Sufficiente;0;0;0;1;12,33842;41,77037;-1;1;Autovettura privata;In marcia / fermata / arresto;Conducente;M;Illeso;0;;Non accertato;Inesploso
3720388;13;08/03/2018 12:00;Strada Urbana;VIA SARACENA;in corrispondenza;;del civico n.;35;;Veicolo in marcia contro ostacolo accidentale;Rettilineo;Una carreggiata a doppio senso;Asciutto;Con buche;Verticale;Nuvoloso;Scarso;Buona;Ore Diurne;0;0;0;1;12,37599;41,79476;-1;1;Autovettura privata;In marcia / fermata / arresto;Conducente;M;Illeso;0;;Non accertato;Inesploso
3720391;13;08/03/2018 09:15;Strada Urbana;VIA LITORANEA;da specificare;;;;prossimità Via U. Ferrandi (200 mt);Veicolo in marcia contro ostacolo accidentale;Rettilineo;Una carreggiata a doppio senso;Asciutto;Asfaltata;Assente;Sereno;Scarso;Buona;Ore Diurne;0;0;0;1;12,33827;41,70706;-1;1;Autovettura privata;In marcia / fermata / arresto;Conducente;M;Illeso;0;;Non accertato;Inesploso
3720392;13;08/03/2018 08:20;Strada Urbana;VIA LITORANEA;da specificare;;;;200 m circa Via Ferrandi, dir. Torvajanica;Veicolo in marcia contro ostacolo accidentale;Rettilineo;Una carreggiata a doppio senso;Asciutto;Asfaltata;Assente;Sereno;Normale;Buona;Ore Diurne;0;0;0;1;12,37343;41,6877;-1;1;Autovettura privata;In marcia / fermata / arresto;Conducente;M;Illeso;0;;;
3720397;13;08/03/2018 09:38;Strada Urbana;VIA CRISTOFORO COLOMBO;all'intersezione con;VIA DEL MARTIN PESCATORE;VIA DEL MARTIN PESCATORE;;;Scontro laterale fra veicoli in marcia;Incrocio;Una carreggiata a senso unico di marcia;Asciutto;Asfaltata;Verticale ed orizzontale;Sereno;Normale;Buona;Ore Diurne;0;0;0;2;12,33817;41,73025;-1;1;Autovettura privata;In marcia / fermata / arresto;Conducente;M;Illeso;0;;Non accertato;Inesploso
3720397;13;08/03/2018 09:38;Strada Urbana;VIA CRISTOFORO COLOMBO;all'intersezione con;VIA DEL MARTIN PESCATORE;VIA DEL MARTIN PESCATORE;;;Scontro laterale fra veicoli in marcia;Incrocio;Una carreggiata a senso unico di marcia;Asciutto;Asfaltata;Verticale ed orizzontale;Sereno;Normale;Buona;Ore Diurne;0;0;0;2;12,33817;41,73025;-1;2;Autovettura privata;In marcia / fermata / arresto;Conducente;M;Illeso;0;;Non accertato;Inesploso
3720406;9;09/03/2018 01:55;Strada Urbana;VIA DI CASAL MORENA;in corrispondenza;;del civico n.;92;;Veicolo in marcia contro ostacolo fisso;Rettilineo;Una carreggiata a doppio senso;Asciutto;Asfaltata;Assente;Sereno;Scarso;Sufficiente;Sufficiente;0;0;0;1;12,61701;41,82279;-1;1;Autovettura privata;In marcia / fermata / arresto;Conducente;M;Illeso;0;;Non accertato;Inesploso
3720407;13;05/03/2018 21:40;Strada Urbana;VIA DELLA MACCHIARELLA;da specificare;;;;200 m prima del civ. 107 - prov. Via Dei Romagnoli;Veicolo in marcia contro ostacolo accidentale;Rettilineo;Una carreggiata a doppio senso;Bagnato (pioggia);Asfaltata;Assente;Pioggia in atto;Scarso;Insufficiente;Inesistente;0;0;0;1;12,30424;41,78109;-1;1;Autovettura privata;In marcia / fermata / arresto;Conducente;M;Illeso;0;;;
3720409;11;08/03/2018 09:45;Strada Urbana;VIA FONTE BUONO;da specificare;;;;altezza civico 26;Scontro laterale fra veicoli in marcia;Rettilineo;Una carreggiata a senso unico di marcia;Asciutto;Asfaltata;Verticale ed orizzontale;Sereno;Normale;Buona;Ore Diurne;0;0;0;2;12,4839;41,84621;-1;1;Autovettura privata;In marcia / fermata / arresto;Conducente;M;Illeso;0;;;
3720409;11;08/03/2018 09:45;Strada Urbana;VIA FONTE BUONO;da specificare;;;;altezza civico 26;Scontro laterale fra veicoli in marcia;Rettilineo;Una carreggiata a senso unico di marcia;Asciutto;Asfaltata;Verticale ed orizzontale;Sereno;Normale;Buona;Ore Diurne;0;0;0;2;12,4839;41,84621;-1;2;Autovettura privata;In marcia / fermata / arresto;Conducente;M;Illeso;0;;;
3720412;7;08/03/2018 06:30;Strada Urbana;VIA FEDERICO DELPINO;in prossimità;;del civico n.;148;;Veicolo in marcia contro veicolo in sosta;Rettilineo;Due carreggiate;Asciutto;Asfaltata;Assente;Sereno;Normale;Buona;Ore Diurne;0;0;0;1;12,56545;41,89149;-1;1;Autovettura privata;In marcia / fermata / arresto;Conducente;M;Illeso;0;;Non accertato;Inesploso
3720415;13;08/03/2018 14:05;;VIA DI CASAL PALOCCO;in corrispondenza;;del civico n.;130;;Veicolo in marcia contro ostacolo accidentale;;;;;;;;;;0;0;0;1;;;0;1;Autovettura privata;In marcia / fermata / arresto;Conducente;M;Illeso;0;;;
3720416;13;08/03/2018 11:30;Strada Urbana;VIA CRISTOFORO COLOMBO;all'intersezione semaforizzata con;VIALE DELLA VILLA DI PLINIO;VIALE DELLA VILLA DI PLINIO;;;Scontro laterale fra veicoli in marcia;Incrocio;Due carreggiate;Asciutto;Asfaltata;Verticale ed orizzontale;Sereno;Intenso;Buona;Ore Diurne;0;0;0;2;12,32817;41,72274;-1;1;Autovettura privata;In marcia / fermata / arresto;Conducente;M;Illeso;0;;Non accertato;Inesploso
3720416;13;08/03/2018 11:30;Strada Urbana;VIA CRISTOFORO COLOMBO;all'intersezione semaforizzata con;VIALE DELLA VILLA DI PLINIO;VIALE DELLA VILLA DI PLINIO;;;Scontro laterale fra veicoli in marcia;Incrocio;Due carreggiate;Asciutto;Asfaltata;Verticale ed orizzontale;Sereno;Intenso;Buona;Ore Diurne;0;0;0;2;12,32817;41,72274;-1;2;Autovettura privata;In marcia / fermata / arresto;Conducente;M;Illeso;0;;Non accertato;Inesploso
3720427;5;08/03/2018 15:00;Strada Urbana;VIA DEL CASALE DI S. BASILIO;in prossimità;;del civico n.;68B;;Veicolo in marcia contro ostacolo accidentale;Rettilineo;Una carreggiata a doppio senso;Asciutto;Con buche;Orizzontale;Nuvoloso;Normale;Buona;Ore Diurne;0;0;0;1;12,57184;41,94263;-1;1;Autovettura privata;In marcia / fermata / arresto;Conducente;F;Illeso;0;;Non accertato;
3720432;5;08/03/2018 19:30;Strada Urbana;VIA CASAL TIDEI;in prossimità;;del civico n.;18;;Scontro laterale fra veicoli in marcia;Rettilineo;Una carreggiata a doppio senso;Asciutto;Asfaltata;Orizzontale;Sereno;Normale;Sufficiente;Sufficiente;0;0;0;3;12,57869;41,94162;-1;1;Autovettura privata;In marcia / fermata / arresto;Conducente;F;Illeso;0;;Non accertato;
3720432;5;08/03/2018 19:30;Strada Urbana;VIA CASAL TIDEI;in prossimità;;del civico n.;18;;Scontro laterale fra veicoli in marcia;Rettilineo;Una carreggiata a doppio senso;Asciutto;Asfaltata;Orizzontale;Sereno;Normale;Sufficiente;Sufficiente;0;0;0;3;12,57869;41,94162;-1;2;Autovettura privata;In marcia / fermata / arresto;Conducente;F;Illeso;0;;Non accertato;
3720432;5;08/03/2018 19:30;Strada Urbana;VIA CASAL TIDEI;in prossimità;;del civico n.;18;;Scontro laterale fra veicoli in marcia;Rettilineo;Una carreggiata a doppio senso;Asciutto;Asfaltata;Orizzontale;Sereno;Normale;Sufficiente;Sufficiente;0;0;0;3;12,57869;41,94162;-1;2;Autovettura privata;In marcia / fermata / arresto;Passeggero;F;Illeso;0;;Non accertato;
3720440;20;08/03/2018 13:20;Strada Urbana;VIA FLAMINIA NUOVA;in corrispondenza;;della chilometrica;8.9;;Tamponamento;Rettilineo;Due carreggiate;Asciutto;Asfaltata;Verticale ed orizzontale;Sereno;Normale;Buona;Ore Diurne;1;0;0;1;12,47917;41,96087;-1;1;Autovettura privata;In marcia / fermata / arresto;Conducente;M;Illeso;0;;Non accertato;
3720440;20;08/03/2018 13:20;Strada Urbana;VIA FLAMINIA NUOVA;in corrispondenza;;della chilometrica;8.9;;Tamponamento;Rettilineo;Due carreggiate;Asciutto;Asfaltata;Verticale ed orizzontale;Sereno;Normale;Buona;Ore Diurne;1;0;0;1;12,47917;41,96087;-1;2;Autovettura privata;In marcia / fermata / arresto;Conducente;F;Rimandato;0;NON DECEDUTO;Non utilizzato;Inesploso
3720442;19;08/03/2018 15:00;Strada Urbana;VIA ALFONSO GALLO;da specificare;;;;fronte civ. 26 (uscita parcheggio supermerc. IN'S);Veicolo in marcia contro ostacolo fisso;Rettilineo;Una carreggiata a doppio senso;Asciutto;Asfaltata;Assente;Sereno;Normale;Buona;Ore Diurne;0;0;0;1;12,40393;41,95891;-1;1;Autovettura privata;In marcia / fermata / arresto;Conducente;F;Illeso;0;;Non accertato;Inesploso
3720445;9;08/03/2018 21:00;Strada Urbana;VIA NOCERA UMBRA;all'intersezione con;VIA GUALDO TADINO;VIA GUALDO TADINO;;;Scontro laterale fra veicoli in marcia;Intersezione stradale segnalata;Due carreggiate;Asciutto;Asfaltata;Orizzontale;Sereno;Scarso;Sufficiente;Sufficiente;0;0;0;2;12,52717;41,87755;-1;1;Autovettura privata;In marcia / fermata / arresto;Conducente;M;Illeso;0;;Non accertato;Inesploso
3720445;9;08/03/2018 21:00;Strada Urbana;VIA NOCERA UMBRA;all'intersezione con;VIA GUALDO TADINO;VIA GUALDO TADINO;;;Scontro laterale fra veicoli in marcia;Intersezione stradale segnalata;Due carreggiate;Asciutto;Asfaltata;Orizzontale;Sereno;Scarso;Sufficiente;Sufficiente;0;0;0;2;12,52717;41,87755;-1;2;Autovettura privata;In marcia / fermata / arresto;Conducente;M;Illeso;0;;Non accertato;Inesploso
3720447;5;08/03/2018 20:40;Strada Urbana;VIA TIBURTINA;in corrispondenza;;del civico n.;1210;;Scontro laterale fra veicoli in marcia;Rettilineo;Una carreggiata a senso unico di marcia;Asciutto;Asfaltata;Verticale;Sereno;Normale;Sufficiente;Sufficiente;0;0;0;2;12,60345;41,93357;-1;1;Autovettura privata;In marcia / fermata / arresto;Conducente;F;Illeso;0;;Non accertato;Inesploso
3720447;5;08/03/2018 20:40;Strada Urbana;VIA TIBURTINA;in corrispondenza;;del civico n.;1210;;Scontro laterale fra veicoli in marcia;Rettilineo;Una carreggiata a senso unico di marcia;Asciutto;Asfaltata;Verticale;Sereno;Normale;Sufficiente;Sufficiente;0;0;0;2;12,60345;41,93357;-1;2;Autovettura privata;In marcia / fermata / arresto;Conducente;M;Illeso;0;;Non accertato;Inesploso
3720451;19;08/03/2018 13:20;Strada Urbana;VIA INZAGO;all'intersezione con;VIA CUSANO MILANINO;VIA CUSANO MILANINO;;;Scontro laterale fra veicoli in marcia;Incrocio;Una carreggiata a doppio senso;Asciutto;Asfaltata;Verticale ed orizzontale;Sereno;Normale;Buona;Ore Diurne;0;0;0;3;12,38859;41,94705;-1;1;Autovettura privata;In marcia / fermata / arresto;Conducente;M;Illeso;0;;;
3720451;19;08/03/2018 13:20;Strada Urbana;VIA INZAGO;all'intersezione con;VIA CUSANO MILANINO;VIA CUSANO MILANINO;;;Scontro laterale fra veicoli in marcia;Incrocio;Una carreggiata a doppio senso;Asciutto;Asfaltata;Verticale ed orizzontale;Sereno;Normale;Buona;Ore Diurne;0;0;0;3;12,38859;41,94705;-1;2;Autocarro inferiore 35 q.;In marcia / fermata / arresto;Conducente;M;Illeso;0;;;
3720451;19;08/03/2018 13:20;Strada Urbana;VIA INZAGO;all'intersezione con;VIA CUSANO MILANINO;VIA CUSANO MILANINO;;;Scontro laterale fra veicoli in marcia;Incrocio;Una carreggiata a doppio senso;Asciutto;Asfaltata;Verticale ed orizzontale;Sereno;Normale;Buona;Ore Diurne;0;0;0;3;12,38859;41,94705;-1;2;Autocarro inferiore 35 q.;In marcia / fermata / arresto;Passeggero;M;Illeso;0;;;
3720458;10;08/03/2018 08:35;Strada Urbana;VIA TUSCOLANA;in corrispondenza;;del civico n.;1261/A;;Scontro laterale fra veicoli in marcia;Rettilineo;Una carreggiata a senso unico di marcia;Asciutto;Asfaltata;Verticale ed orizzontale;Sereno;Normale;Buona;Ore Diurne;0;0;0;2;12,60408;41,83572;-1;1;Autovettura privata;In marcia / fermata / arresto;Conducente;F;Illeso;0;;Non accertato;Inesploso
3720458;10;08/03/2018 08:35;Strada Urbana;VIA TUSCOLANA;in corrispondenza;;del civico n.;1261/A;;Scontro laterale fra veicoli in marcia;Rettilineo;Una carreggiata a senso unico di marcia;Asciutto;Asfaltata;Verticale ed orizzontale;Sereno;Normale;Buona;Ore Diurne;0;0;0;2;12,60408;41,83572;-1;2;Trattore stradale;In marcia / fermata / arresto;Conducente;M;Illeso;0;;Non accertato;Inesploso
3720470;20;08/03/2018 13:45;Statale entro l'abitato;VIADOTTO GIUBILEO DEL 2000;in corrispondenza;;della chilometrica;13.3;;Veicolo in marcia contro ostacolo fisso;Rettilineo;Due carreggiate;Asciutto;Asfaltata;Verticale ed orizzontale;Sereno;Normale;Buona;Ore Diurne;1;0;0;0;12,49539;41,98901;-1;1;Autovettura privata;In marcia / fermata / arresto;Conducente;M;Rimandato;0;NON DECEDUTO;Non accertato;
3720484;20;08/03/2018 17:20;Regionale entro l'abitato;VIA CASSIA;in corrispondenza;;del civico n.;927M;;Scontro laterale fra veicoli in marcia;Rettilineo;Una carreggiata a doppio senso;Asciutto;Asfaltata;Verticale ed orizzontale;Sereno;Normale;Buona;Ore Diurne;0;0;0;3;12,43349;41,97135;-1;1;Motociclo a solo;In marcia / fermata / arresto;Conducente;M;Illeso;0;;Non accertato;
3720484;20;08/03/2018 17:20;Regionale entro l'abitato;VIA CASSIA;in corrispondenza;;del civico n.;927M;;Scontro laterale fra veicoli in marcia;Rettilineo;Una carreggiata a doppio senso;Asciutto;Asfaltata;Verticale ed orizzontale;Sereno;Normale;Buona;Ore Diurne;0;0;0;3;12,43349;41,97135;-1;2;Autovettura privata;In marcia / fermata / arresto;Conducente;M;Illeso;0;;Non accertato;Inesploso
3720484;20;08/03/2018 17:20;Regionale entro l'abitato;VIA CASSIA;in corrispondenza;;del civico n.;927M;;Scontro laterale fra veicoli in marcia;Rettilineo;Una carreggiata a doppio senso;Asciutto;Asfaltata;Verticale ed orizzontale;Sereno;Normale;Buona;Ore Diurne;0;0;0;3;12,43349;41,97135;-1;2;Autovettura privata;In marcia / fermata / arresto;Passeggero;F;Illeso;0;;Non accertato;
3720497;19;08/03/2018 17:40;Strada Urbana;VIA DELLA BALDUINA;all'intersezione con;VIA MASSIMI;VIA MASSIMI;;;Scontro frontale/laterale DX fra veicoli in marcia;Incrocio;Una carreggiata a doppio senso;Asciutto;Asfaltata;Verticale ed orizzontale;Sereno;Normale;Buona;Sufficiente;0;0;0;3;12,44035;41,92067;-1;1;Autovettura privata;In marcia / fermata / arresto;Conducente;F;Illeso;0;;;
3720497;19;08/03/2018 17:40;Strada Urbana;VIA DELLA BALDUINA;all'intersezione con;VIA MASSIMI;VIA MASSIMI;;;Scontro frontale/laterale DX fra veicoli in marcia;Incrocio;Una carreggiata a doppio senso;Asciutto;Asfaltata;Verticale ed orizzontale;Sereno;Normale;Buona;Sufficiente;0;0;0;3;12,44035;41,92067;-1;1;Autovettura privata;In marcia / fermata / arresto;Passeggero;M;Illeso;0;;;
3720497;19;08/03/2018 17:40;Strada Urbana;VIA DELLA BALDUINA;all'intersezione con;VIA MASSIMI;VIA MASSIMI;;;Scontro frontale/laterale DX fra veicoli in marcia;Incrocio;Una carreggiata a doppio senso;Asciutto;Asfaltata;Verticale ed orizzontale;Sereno;Normale;Buona;Sufficiente;0;0;0;3;12,44035;41,92067;-1;2;Autovettura privata;In marcia / fermata / arresto;Conducente;F;Illeso;0;;;
3720502;20;08/03/2018 19:10;Provinciale;VIA TIBERINA;da specificare;;;;direzione Riano prossimità via Settefrati;Veicolo in marcia contro ostacolo accidentale;Rettilineo;Una carreggiata a doppio senso;Asciutto;Asfaltata;Orizzontale;Sereno;Normale;Buona;Insufficiente;0;0;0;1;12,50498;42,02581;-1;1;Autovettura privata;In marcia / fermata / arresto;Conducente;F;Illeso;0;;Non accertato;
3720507;18;08/03/2018 22:45;Strada Urbana;VIA DI CASALOTTI;in prossimità;;del civico n.;197;;Veicolo in marcia contro ostacolo fisso;Rettilineo;Una carreggiata a doppio senso;Asciutto;Asfaltata;Verticale ed orizzontale;Sereno;Scarso;Sufficiente;Sufficiente;1;0;0;0;12,36718;41,91522;-1;1;Autovettura privata;In marcia / fermata / arresto;Conducente;F;Ricoverato;0;NON DECEDUTO;Non accertato;
3720513;11;09/03/2018 02:10;Strada Urbana;VIA CRISTOFORO COLOMBO;da specificare;;;;carreggiata laterale 100 mt prima di VIA OROPA;Scontro laterale fra veicoli in marcia;Rettilineo;Più di due carreggiate;Asciutto;Asfaltata;Verticale ed orizzontale;Sereno;Scarso;Sufficiente;Sufficiente;0;0;0;3;12,4813;41,84799;-1;1;Autovettura privata;In marcia / fermata / arresto;Conducente;M;Illeso;0;;Non accertato;
3720513;11;09/03/2018 02:10;Strada Urbana;VIA CRISTOFORO COLOMBO;da specificare;;;;carreggiata laterale 100 mt prima di VIA OROPA;Scontro laterale fra veicoli in marcia;Rettilineo;Più di due carreggiate;Asciutto;Asfaltata;Verticale ed orizzontale;Sereno;Scarso;Sufficiente;Sufficiente;0;0;0;3;12,4813;41,84799;-1;1;Autovettura privata;In marcia / fermata / arresto;Passeggero;M;Illeso;0;;Utilizzato;Inesploso
3720513;11;09/03/2018 02:10;Strada Urbana;VIA CRISTOFORO COLOMBO;da specificare;;;;carreggiata laterale 100 mt prima di VIA OROPA;Scontro laterale fra veicoli in marcia;Rettilineo;Più di due carreggiate;Asciutto;Asfaltata;Verticale ed orizzontale;Sereno;Scarso;Sufficiente;Sufficiente;0;0;0;3;12,4813;41,84799;-1;2;Autovettura privata;In marcia / fermata / arresto;Conducente;M;Illeso;0;;Non accertato;
3720521;10;08/03/2018 09:45;Strada Urbana;VIA ANAGNINA;in corrispondenza;;del civico n.;488;;Veicolo in marcia contro ostacolo accidentale;Rettilineo;Due carreggiate;Asciutto;Asfaltata;Verticale ed orizzontale;Sereno;Normale;Buona;Ore Diurne;0;0;0;1;12,62684;41,80941;-1;1;Autovettura privata;In marcia / fermata / arresto;Conducente;M;Illeso;0;;Non accertato;Inesploso
3720543;20;08/03/2018 20:30;Regionale entro l'abitato;VIA CASSIA;in corrispondenza;;del civico n.;f.c. 1171;;Tamponamento Multiplo;Rettilineo;Una carreggiata a doppio senso;Asciutto;Asfaltata;Verticale ed orizzontale;Nuvoloso;Intenso;Sufficiente;Sufficiente;0;0;0;4;12,41694;41,98013;-1;1;Autovettura privata;In marcia / fermata / arresto;Conducente;M;Illeso;0;;Non accertato;
3720543;20;08/03/2018 20:30;Regionale entro l'abitato;VIA CASSIA;in corrispondenza;;del civico n.;f.c. 1171;;Tamponamento Multiplo;Rettilineo;Una carreggiata a doppio senso;Asciutto;Asfaltata;Verticale ed orizzontale;Nuvoloso;Intenso;Sufficiente;Sufficiente;0;0;0;4;12,41694;41,98013;-1;2;Autovettura privata;In marcia / fermata / arresto;Conducente;M;Illeso;0;;Non accertato;Inesploso
3720543;20;08/03/2018 20:30;Regionale entro l'abitato;VIA CASSIA;in corrispondenza;;del civico n.;f.c. 1171;;Tamponamento Multiplo;Rettilineo;Una carreggiata a doppio senso;Asciutto;Asfaltata;Verticale ed orizzontale;Nuvoloso;Intenso;Sufficiente;Sufficiente;0;0;0;4;12,41694;41,98013;-1;3;Autovettura privata;In marcia / fermata / arresto;Conducente;M;Illeso;0;;Non accertato;Inesploso