Protocollo;Gruppo;DataOraIncidente;Localizzazione1;STRADA1;Localizzazione2;STRADA2;Strada02;Chilometrica;DaSpecificare;NaturaIncidente;particolaritastrade;TipoStrada;FondoStradale;Pavimentazione;Segnaletica;CondizioneAtmosferica;Traffico;Visibilita;Illuminazione;NUM_FERITI;NUM_RISERVATA;NUM_MORTI;NUM_ILLESI;Longitudine;Latitudine;Confermato;Progressivo;TipoVeicolo;StatoVeicolo;TipoPersona;Sesso;Tipolesione;Deceduto;DecedutoDopo;CinturaCascoUtilizzato;Airbag
3720786;23;08/03/2018 21:05;Strada Urbana;VIA LAURENTINA;all'intersezione semaforizzata con;VIALE DELL'UMANESIMO;VIALE DELL'UMANESIMO;;;Scontro laterale fra veicoli in marcia;Intersezione semaforizzata;Due carreggiate;Asciutto;Asfaltata;Verticale ed orizzontale;Sereno;Normale;Sufficiente;Sufficiente;0;0;0;4;12,50918;41,72716;-1;2;Autovettura privata;In marcia / fermata / arresto;Conducente;F;Illeso;0;;Non accertato;Inesploso
3720787;2;06/03/2018 22:00;Strada Urbana;VIA DEL FORO ITALICO;da specificare;;;;dir. S. Giovanni alt. Q8;Veicolo in marcia contro ostacolo accidentale;Rettilineo;Due carreggiate;Asciutto;Asfaltata;Verticale ed orizzontale;Sereno;Normale;Buona;Sufficiente;0;0;0;1;12,48695;41,93948;-1;1;Autovettura privata;In marcia / fermata / arresto;Conducente;M;Illeso;0;;Non accertato;Inesploso
3720808;2;05/03/2018 21:00;Strada Urbana;VIA DEL FORO ITALICO;da specificare;;;;RAMPA IMMISSIONE DA VIA SALARIA;Veicolo in marcia contro ostacolo accidentale;Rettilineo;Due carreggiate;Bagnato (pioggia);Asfaltata;Verticale ed orizzontale;Nuvoloso;Normale;Buona;Sufficiente;1;0;0;0;12,48375;41,93991;-1;1;Motociclo a solo;In marcia / fermata / arresto;Conducente;M;Rifiuta cure immediate;0;NON DECEDUTO;Non accertato;
3720848;16;08/03/2018 15:20;Strada Urbana;VIALE DI TRASTEVERE;in prossimità;;del civico n.;229;;Infortunio per caduta del veicolo;Rettilineo;Più di due carreggiate;Asciutto;Asfaltata;Orizzontale;Nebbia;Normale;Buona;Ore Diurne;1;0;0;0;12,46588;41,87759;-1;2;Velocipede;In marcia / fermata / arresto;Conducente;M;Rimandato;0;NON DECEDUTO;Esente;
3720853;4;08/03/2018 07:40;Strada Urbana;VIA SALARIA;in prossimità;;del civico n.;825;;Veicolo in marcia contro ostacolo fisso;Rettilineo;Due carreggiate;Asciutto;Con buche;Verticale ed orizzontale;Sereno;Intenso;Buona;Ore Diurne;1;0;0;0;12,50559;41,95446;-1;1;Motociclo a solo;In marcia / fermata / arresto;Conducente;M;Rimandato;0;NON DECEDUTO;Non accertato;
3720854;2;08/03/2018 10:50;Strada Urbana;VIA SALARIA;da specificare;;;;dir.Prati Fiscali sv.Foro Italico dir.S.Giovanni;Infortunio per sola frenata improvvisa;Curva a visuale libera;Una carreggiata a senso unico di marcia;Asciutto;Asfaltata;Orizzontale;Sereno;Normale;Buona;Ore Diurne;0;0;0;1;12,50904;41,93951;-1;1;Motociclo a solo;In marcia / fermata / arresto;Conducente;M;Illeso;0;;Non accertato;
3720861;2;09/03/2018 01:00;Strada Urbana;CORSO DI FRANCIA;in corrispondenza;;del civico n.;206;;Scontro frontale/laterale SX fra veicoli in marcia;Rettilineo;Una carreggiata a doppio senso;Asciutto;Asfaltata;Verticale ed orizzontale;Sereno;Scarso;Buona;Sufficiente;2;0;0;1;12,46947;41,94457;-1;1;Autovettura privata;In marcia / fermata / arresto;Conducente;M;Rimandato;0;NON DECEDUTO;Non accertato;Esploso
3720861;2;09/03/2018 01:00;Strada Urbana;CORSO DI FRANCIA;in corrispondenza;;del civico n.;206;;Scontro frontale/laterale SX fra veicoli in marcia;Rettilineo;Una carreggiata a doppio senso;Asciutto;Asfaltata;Verticale ed orizzontale;Sereno;Scarso;Buona;Sufficiente;2;0;0;1;12,46947;41,94457;-1;1;Autovettura privata;In marcia / fermata / arresto;Passeggero;F;Rifiuta cure immediate;0;NON DECEDUTO;Non accertato;Esploso
3720861;2;09/03/2018 01:00;Strada Urbana;CORSO DI FRANCIA;in corrispondenza;;del civico n.;206;;Scontro frontale/laterale SX fra veicoli in marcia;Rettilineo;Una carreggiata a doppio senso;Asciutto;Asfaltata;Verticale ed orizzontale;Sereno;Scarso;Buona;Sufficiente;2;0;0;1;12,46947;41,94457;-1;2;Autobus urbano;In marcia / fermata / arresto;Conducente;M;Illeso;0;;Non accertato;Inesploso
3720862;4;08/03/2018 16:50;Strada Urbana;VIA VAL SENIO;all'intersezione con;VIA VALLE DI CORIO;VIA VALLE DI CORIO;;;Scontro frontale/laterale DX fra veicoli in marcia;Incrocio;Due carreggiate;Asciutto;Asfaltata;Verticale ed orizzontale;Sereno;Normale;Buona;Sufficiente;0;0;0;3;12,52727;41,94019;-1;1;Autovettura privata;In marcia / fermata / arresto;Conducente;M;Illeso;0;;;
3720862;4;08/03/2018 16:50;Strada Urbana;VIA VAL SENIO;all'intersezione con;VIA VALLE DI CORIO;VIA VALLE DI CORIO;;;Scontro frontale/laterale DX fra veicoli in marcia;Incrocio;Due carreggiate;Asciutto;Asfaltata;Verticale ed orizzontale;Sereno;Normale;Buona;Sufficiente;0;0;0;3;12,52727;41,94019;-1;2;Autovettura privata;In marcia / fermata / arresto;Conducente;F;Illeso;0;;;
3720862;4;08/03/2018 16:50;Strada Urbana;VIA VAL SENIO;all'intersezione con;VIA VALLE DI CORIO;VIA VALLE DI CORIO;;;Scontro frontale/laterale DX fra veicoli in marcia;Incrocio;Due carreggiate;Asciutto;Asfaltata;Verticale ed orizzontale;Sereno;Normale;Buona;Sufficiente;0;0;0;3;12,52727;41,94019;-1;2;Autovettura privata;In marcia / fermata / arresto;Passeggero;M;Illeso;0;;;
3720868;9;06/03/2018 16:30;Strada Urbana;VIA TUSCOLANA;da specificare;;;;fr.civ 710;Veicolo in marcia contro ostacolo accidentale;Rettilineo;Una carreggiata a senso unico di marcia;Asciutto;Asfaltata;Verticale ed orizzontale;Sereno;Normale;Buona;Ore Diurne;0;0;0;1;12,57891;41,84636;-1;1;Autovettura privata;In marcia / fermata / arresto;Conducente;M;Illeso;0;;;
3720899;7;08/03/2018 21:35;Strada Urbana;VIA COLLATINA;da specificare;;;;pros. p.l. 52 dir. Tor Sapienza;Veicolo in marcia contro ostacolo accidentale;Rettilineo;Una carreggiata a doppio senso;Asciutto;Con buche;Verticale ed orizzontale;Sereno;Normale;Buona;Sufficiente;0;0;0;2;12,57512;41,90306;-1;1;Autovettura privata;In marcia / fermata / arresto;Conducente;M;Illeso;0;;;
3720899;7;08/03/2018 21:35;Strada Urbana;VIA COLLATINA;da specificare;;;;pros. p.l. 52 dir. Tor Sapienza;Veicolo in marcia contro ostacolo accidentale;Rettilineo;Una carreggiata a doppio senso;Asciutto;Con buche;Verticale ed orizzontale;Sereno;Normale;Buona;Sufficiente;0;0;0;2;12,57512;41,90306;-1;1;Autovettura privata;In marcia / fermata / arresto;Passeggero;M;Illeso;0;;Non accertato;Inesploso
3720905;4;08/03/2018 18:15;Statale entro l'abitato;VIA SALARIA;da specificare;;;;pross. via Montevarchi dir. Monterotondo;Tamponamento Multiplo;Rettilineo;Due carreggiate;Bagnato (umidità in atto);Asfaltata;Verticale ed orizzontale;Sereno;Normale;Sufficiente;Sufficiente;2;0;0;3;12,51783;41,98705;-1;1;Autovettura privata;In marcia / fermata / arresto;Conducente;M;Illeso;0;;Non accertato;
3720905;4;08/03/2018 18:15;Statale entro l'abitato;VIA SALARIA;da specificare;;;;pross. via Montevarchi dir. Monterotondo;Tamponamento Multiplo;Rettilineo;Due carreggiate;Bagnato (umidità in atto);Asfaltata;Verticale ed orizzontale;Sereno;Normale;Sufficiente;Sufficiente;2;0;0;3;12,51783;41,98705;-1;2;Motociclo a solo;In marcia / fermata / arresto;Conducente;M;Illeso;0;;Non accertato;
3720905;4;08/03/2018 18:15;Statale entro l'abitato;VIA SALARIA;da specificare;;;;pross. via Montevarchi dir. Monterotondo;Tamponamento Multiplo;Rettilineo;Due carreggiate;Bagnato (umidità in atto);Asfaltata;Verticale ed orizzontale;Sereno;Normale;Sufficiente;Sufficiente;2;0;0;3;12,51783;41,98705;-1;3;Autovettura privata;In marcia / fermata / arresto;Conducente;M;Rimandato;0;NON DECEDUTO;Non accertato;
3720905;4;08/03/2018 18:15;Statale entro l'abitato;VIA SALARIA;da specificare;;;;pross. via Montevarchi dir. Monterotondo;Tamponamento Multiplo;Rettilineo;Due carreggiate;Bagnato (umidità in atto);Asfaltata;Verticale ed orizzontale;Sereno;Normale;Sufficiente;Sufficiente;2;0;0;3;12,51783;41,98705;-1;3;Autovettura privata;In marcia / fermata / arresto;Passeggero;M;Rifiuta cure immediate;0;NON DECEDUTO;Non accertato;
3720905;4;08/03/2018 18:15;Statale entro l'abitato;VIA SALARIA;da specificare;;;;pross. via Montevarchi dir. Monterotondo;Tamponamento Multiplo;Rettilineo;Due carreggiate;Bagnato (umidità in atto);Asfaltata;Verticale ed orizzontale;Sereno;Normale;Sufficiente;Sufficiente;2;0;0;3;12,51783;41,98705;-1;4;Autocarro inferiore 35 q.;In marcia / fermata / arresto;Conducente;M;Illeso;0;;Non accertato;
3720913;18;09/03/2018 10:25;Strada Urbana;VIA GREGORIO VII;in corrispondenza;;del civico n.;500;;Scontro frontale/laterale DX fra veicoli in marcia;Pendenza;Una carreggiata a doppio senso;Asciutto;Asfaltata;Verticale ed orizzontale;Nuvoloso;Normale;Buona;Ore Diurne;0;0;0;2;12,43112;41,89442;-1;1;Autobus turistico;In marcia / fermata / arresto;Conducente;M;Illeso;0;;Non accertato;Inesploso
3720913;18;09/03/2018 10:25;Strada Urbana;VIA GREGORIO VII;in corrispondenza;;del civico n.;500;;Scontro frontale/laterale DX fra veicoli in marcia;Pendenza;Una carreggiata a doppio senso;Asciutto;Asfaltata;Verticale ed orizzontale;Nuvoloso;Normale;Buona;Ore Diurne;0;0;0;2;12,43112;41,89442;-1;2;Autovettura pubblica;In marcia / fermata / arresto;Conducente;M;Illeso;0;;Non accertato;Inesploso
3720936;7;08/03/2018 20:00;Strada Urbana;VIA COLLATINA;in corrispondenza;;del palo luce n.;49/52;;Veicolo in marcia contro ostacolo accidentale;Rettilineo;Una carreggiata a doppio senso;Asciutto;Con buche;Verticale ed orizzontale;Sereno;Normale;Sufficiente;Ore Diurne;0;0;0;1;12,57519;41,9031;-1;1;Autovettura privata;In marcia / fermata / arresto;Conducente;M;Illeso;0;;;
3720937;4;08/03/2018 16:30;Strada Urbana;PIAZZA MONTE GENNARO;in prossimità;;del civico n.;49;;Investimento di pedone;Rettilineo;Una carreggiata a senso unico di marcia;Asciutto;Asfaltata;Verticale ed orizzontale;Sereno;Normale;Buona;Ore Diurne;1;0;0;5;12,53792;41,94458;-1;;;;Pedone;M;Ricoverato;0;NON DECEDUTO;;
3720937;4;08/03/2018 16:30;Strada Urbana;PIAZZA MONTE GENNARO;in prossimità;;del civico n.;49;;Investimento di pedone;Rettilineo;Una carreggiata a senso unico di marcia;Asciutto;Asfaltata;Verticale ed orizzontale;Sereno;Normale;Buona;Ore Diurne;1;0;0;5;12,53792;41,94458;-1;1;Autovettura privata;In marcia / fermata / arresto;Conducente;M;Illeso;0;;Non accertato;
3720937;4;08/03/2018 16:30;Strada Urbana;PIAZZA MONTE GENNARO;in prossimità;;del civico n.;49;;Investimento di pedone;Rettilineo;Una carreggiata a senso unico di marcia;Asciutto;Asfaltata;Verticale ed orizzontale;Sereno;Normale;Buona;Ore Diurne;1;0;0;5;12,53792;41,94458;-1;1;Autovettura privata;In marcia / fermata / arresto;Passeggero;F;Illeso;0;;Non accertato;
3720937;4;08/03/2018 16:30;Strada Urbana;PIAZZA MONTE GENNARO;in prossimità;;del civico n.;49;;Investimento di pedone;Rettilineo;Una carreggiata a senso unico di marcia;Asciutto;Asfaltata;Verticale ed orizzontale;Sereno;Normale;Buona;Ore Diurne;1;0;0;5;12,53792;41,94458;-1;1;Autovettura privata;In marcia / fermata / arresto;Passeggero;F;Illeso;0;;Non accertato;
3720937;4;08/03/2018 16:30;Strada Urbana;PIAZZA MONTE GENNARO;in prossimità;;del civico n.;49;;Investimento di pedone;Rettilineo;Una carreggiata a senso unico di marcia;Asciutto;Asfaltata;Verticale ed orizzontale;Sereno;Normale;Buona;Ore Diurne;1;0;0;5;12,53792;41,94458;-1;2;Autovettura privata;In marcia / fermata / arresto;Conducente;M;Illeso;0;;Non accertato;
3720937;4;08/03/2018 16:30;Strada Urbana;PIAZZA MONTE GENNARO;in prossimità;;del civico n.;49;;Investimento di pedone;Rettilineo;Una carreggiata a senso unico di marcia;Asciutto;Asfaltata;Verticale ed orizzontale;Sereno;Normale;Buona;Ore Diurne;1;0;0;5;12,53792;41,94458;-1;2;Autovettura privata;In marcia / fermata / arresto;Passeggero;M;Illeso;0;;Non accertato;
3720948;9;05/03/2018 01:00;Strada Urbana;VIA DELL'ARCO DI TRAVERTINO;da specificare;;;;pross. capolinea autobus;Veicolo in marcia contro ostacolo accidentale;Rettilineo;Una carreggiata a senso unico di marcia;Asciutto;Asfaltata;Verticale ed orizzontale;Sereno;Normale;Sufficiente;Sufficiente;0;0;0;1;12,53621;41,86737;-1;1;Autovettura privata;In marcia / fermata / arresto;Conducente;M;Illeso;0;;;
3720964;7;08/03/2018 19:45;Strada Urbana;VIA COLLATINA;in corrispondenza;;del palo luce n.;49/52;;Veicolo in marcia contro ostacolo accidentale;Rettilineo;Una carreggiata a doppio senso;Asciutto;Con buche;Verticale ed orizzontale;Sereno;Normale;Buona;Sufficiente;0;0;0;2;12,58342;41,90338;-1;1;Autovettura privata;In marcia / fermata / arresto;Conducente;M;Illeso;0;;Non accertato;Inesploso
3720964;7;08/03/2018 19:45;Strada Urbana;VIA COLLATINA;in corrispondenza;;del palo luce n.;49/52;;Veicolo in marcia contro ostacolo accidentale;Rettilineo;Una carreggiata a doppio senso;Asciutto;Con buche;Verticale ed orizzontale;Sereno;Normale;Buona;Sufficiente;0;0;0;2;12,58342;41,90338;-1;1;Autovettura privata;In marcia / fermata / arresto;Passeggero;F;Illeso;0;;Non accertato;Inesploso
3720965;4;08/03/2018 06:50;Strada Urbana;VIA CAMERATA PICENA;in prossimità;;del civico n.;305;;Veicolo in marcia contro ostacolo accidentale;Rettilineo;Una carreggiata a doppio senso;Bagnato (umidità in atto);Asfaltata;Verticale ed orizzontale;Sereno;Normale;Sufficiente;Sufficiente;1;0;0;0;12,51382;41,98673;-1;1;Motociclo a solo;In marcia / fermata / arresto;Conducente;M;Rimandato;0;NON DECEDUTO;;
3721000;9;08/03/2018 11:10;Strada Urbana;VIALE CASTRENSE;da specificare;;;;circa mt 100 prima degli archi - direz. S.Giovanni;Tamponamento;Rettilineo;Due carreggiate;Asciutto;Asfaltata;Verticale ed orizzontale;Nuvoloso;Intenso;Buona;Ore Diurne;0;0;0;2;12,51896;41,88897;-1;1;Autovettura privata;In marcia / fermata / arresto;Conducente;M;Illeso;0;;Non accertato;
3721000;9;08/03/2018 11:10;Strada Urbana;VIALE CASTRENSE;da specificare;;;;circa mt 100 prima degli archi - direz. S.Giovanni;Tamponamento;Rettilineo;Due carreggiate;Asciutto;Asfaltata;Verticale ed orizzontale;Nuvoloso;Intenso;Buona;Ore Diurne;0;0;0;2;12,51896;41,88897;-1;2;Autovettura privata;In marcia / fermata / arresto;Conducente;M;Illeso;0;;;
3721004;7;08/03/2018 19:35;Strada Urbana;VIA COLLATINA;in corrispondenza;;del palo luce n.;49/52;;Veicolo in marcia contro ostacolo accidentale;Rettilineo;Una carreggiata a doppio senso;Asciutto;Con buche;Verticale ed orizzontale;Sereno;Normale;Buona;Sufficiente;0;0;0;2;12,58436;41,90357;-1;1;Autovettura privata;In marcia / fermata / arresto;Conducente;F;Illeso;0;;;
3721004;7;08/03/2018 19:35;Strada Urbana;VIA COLLATINA;in corrispondenza;;del palo luce n.;49/52;;Veicolo in marcia contro ostacolo accidentale;Rettilineo;Una carreggiata a doppio senso;Asciutto;Con buche;Verticale ed orizzontale;Sereno;Normale;Buona;Sufficiente;0;0;0;2;12,58436;41,90357;-1;1;Autovettura privata;In marcia / fermata / arresto;Passeggero;F;Illeso;0;;Non accertato;Inesploso
3721015;3;08/03/2018 10:10;Strada Urbana;VIA TIBURTINA;in corrispondenza;;del civico n.;220;;Veicolo in marcia contro ostacolo accidentale;Rettilineo;Una carreggiata a doppio senso;Asciutto;Asfaltata;Verticale ed orizzontale;Sereno;Normale;Buona;Ore Diurne;0;0;0;2;12,51695;41,89966;-1;1;Motociclo a solo;In marcia / fermata / arresto;Conducente;M;Illeso;0;;;
3721015;3;08/03/2018 10:10;Strada Urbana;VIA TIBURTINA;in corrispondenza;;del civico n.;220;;Veicolo in marcia contro ostacolo accidentale;Rettilineo;Una carreggiata a doppio senso;Asciutto;Asfaltata;Verticale ed orizzontale;Sereno;Normale;Buona;Ore Diurne;0;0;0;2;12,51695;41,89966;-1;2;Autovettura privata;In marcia / fermata / arresto;Conducente;M;Illeso;0;;Non accertato;
3721027;12;07/03/2018 09:55;Regionale entro l'abitato;VIA PONTINA;da specificare;;;;direzione Pomezia sotto GRA;Veicolo in marcia contro ostacolo accidentale;Rettilineo;Due carreggiate;Asciutto;Asfaltata;Verticale ed orizzontale;Nuvoloso;Intenso;Buona;Ore Diurne;0;0;0;1;12,4536;41,80063;-1;1;Autovettura privata;In marcia / fermata / arresto;Conducente;M;Illeso;0;;;Inesploso
3721033;3;09/03/2018 08:00;Strada Urbana;VIA CATANIA;da specificare;;;;Fronte civico 89;Scontro frontale/laterale SX fra veicoli in marcia;Rettilineo;Una carreggiata a doppio senso;Asciutto;Asfaltata;Verticale ed orizzontale;Sereno;Normale;Buona;Ore Diurne;0;0;0;3;12,51864;41,91006;-1;1;Autocarro superiore 35 q.;In marcia / fermata / arresto;Conducente;M;Illeso;0;;Non accertato;Inesploso
3721033;3;09/03/2018 08:00;Strada Urbana;VIA CATANIA;da specificare;;;;Fronte civico 89;Scontro frontale/laterale SX fra veicoli in marcia;Rettilineo;Una carreggiata a doppio senso;Asciutto;Asfaltata;Verticale ed orizzontale;Sereno;Normale;Buona;Ore Diurne;0;0;0;3;12,51864;41,91006;-1;1;Autocarro superiore 35 q.;In marcia / fermata / arresto;Passeggero;M;Illeso;0;;Non accertato;Inesploso
3721033;3;09/03/2018 08:00;Strada Urbana;VIA CATANIA;da specificare;;;;Fronte civico 89;Scontro frontale/laterale SX fra veicoli in marcia;Rettilineo;Una carreggiata a doppio senso;Asciutto;Asfaltata;Verticale ed orizzontale;Sereno;Normale;Buona;Ore Diurne;0;0;0;3;12,51864;41,91006;-1;2;Motociclo a solo;In marcia / fermata / arresto;Conducente;M;Illeso;0;;Non accertato;
3721054;10;09/03/2018 11:30;Statale entro l'abitato;VIA APPIA NUOVA;in prossimità;;della chilometrica;16.9;;Tamponamento;Rettilineo;Più di due carreggiate;Asciutto;Asfaltata;Verticale ed orizzontale;Sereno;Normale;Buona;Ore Diurne;2;0;0;0;12,55986;41,82638;-1;1;Autovettura privata;In marcia / fermata / arresto;Conducente;M;Rimandato;0;NON DECEDUTO;Non accertato;Esploso
3721054;10;09/03/2018 11:30;Statale entro l'abitato;VIA APPIA NUOVA;in prossimità;;della chilometrica;16.9;;Tamponamento;Rettilineo;Più di due carreggiate;Asciutto;Asfaltata;Verticale ed orizzontale;Sereno;Normale;Buona;Ore Diurne;2;0;0;0;12,55986;41,82638;-1;2;Autovettura privata;In marcia / fermata / arresto;Conducente;M;Rimandato;0;NON DECEDUTO;Non accertato;Inesploso
3721095;12;07/03/2018 09:50;Regionale entro l'abitato;VIA PONTINA;da specificare;;;;direzione Pomezia sotto GRA;Veicolo in marcia contro ostacolo accidentale;Rettilineo;Due carreggiate;Asciutto;Asfaltata;Verticale ed orizzontale;Nuvoloso;Intenso;Buona;Ore Diurne;0;0;0;1;12,45385;41,80094;-1;1;Autovettura privata;In marcia / fermata / arresto;Conducente;M;Illeso;0;;Utilizzato;Inesploso
3721099;1;08/03/2018 18:00;Provinciale entro l'abitato;VIA DEL CIRCO MASSIMO;da specificare;;;;centro carreggiata f. scalette circo massimo;Veicolo in marcia contro ostacolo accidentale;Dosso;Due carreggiate;Bagnato (pioggia);Strada pavimentata dissestata;Assente;Nebbia;Scarso;Sufficiente;Ore Diurne;0;0;0;1;12,48515;41,88536;-1;1;Motociclo a solo;In marcia / fermata / arresto;Conducente;M;Illeso;0;;;
3721107;7;08/03/2018 20:40;Strada Urbana;VIALE PALMIRO TOGLIATTI;da specificare;;;;altezza rampa discesa direzione Via Perlasca;Veicolo in marcia contro ostacolo accidentale;Rettilineo;Due carreggiate;Asciutto;Strada pavimentata dissestata;Assente;Sereno;Scarso;Insufficiente;Insufficiente;0;0;0;1;12,5741;41,90147;-1;1;Autovettura privata;In marcia / fermata / arresto;Conducente;M;Illeso;0;;;
3721117;18;09/03/2018 09:15;Strada Urbana;VIA DI BOCCEA;all'intersezione con;VIA FEDERICO GALEOTTI;VIA FEDERICO GALEOTTI;;;Scontro frontale/laterale DX fra veicoli in marcia;Intersezione stradale segnalata;Una carreggiata a doppio senso;Asciutto;Asfaltata;Verticale ed orizzontale;Sereno;Normale;Buona;Ore Diurne;1;0;0;1;12,37296;41,92203;-1;1;Autovettura privata;In marcia / fermata / arresto;Conducente;M;Illeso;0;;;
3721117;18;09/03/2018 09:15;Strada Urbana;VIA DI BOCCEA;all'intersezione con;VIA FEDERICO GALEOTTI;VIA FEDERICO GALEOTTI;;;Scontro frontale/laterale DX fra veicoli in marcia;Intersezione stradale segnalata;Una carreggiata a doppio senso;Asciutto;Asfaltata;Verticale ed orizzontale;Sereno;Normale;Buona;Ore Diurne;1;0;0;1;12,37296;41,92203;-1;2;Motociclo a solo;In marcia / fermata / arresto;Conducente;M;Rimandato;0;NON DECEDUTO;;
3721132;12;07/03/2018 22:00;Strada Urbana;VIA DELLA PISANA;da specificare;;;;fronte civ. 427;Veicolo in marcia contro ostacolo accidentale;Rettilineo;Una carreggiata a doppio senso;Bagnato (pioggia);Asfaltata;Verticale;Nuvoloso;Scarso;Sufficiente;Sufficiente;0;0;0;1;12,38897;41,85768;-1;1;Autovettura privata;In marcia / fermata / arresto;Conducente;M;Illeso;0;;Utilizzato;Inesploso
3721135;17;08/03/2018 10:30;Strada Urbana;VIA ANASTASIO II;in prossimità;;del civico n.;329;;Tamponamento;Rettilineo;Due carreggiate;Asciutto;Asfaltata;Verticale ed orizzontale;Sereno;Normale;Buona;Ore Diurne;1;0;0;1;12,44368;41,90457;-1;1;Autovettura privata;In marcia / fermata / arresto;Conducente;F;Rifiuta cure immediate;0;NON DECEDUTO;Non accertato;Inesploso
3721135;17;08/03/2018 10:30;Strada Urbana;VIA ANASTASIO II;in prossimità;;del civico n.;329;;Tamponamento;Rettilineo;Due carreggiate;Asciutto;Asfaltata;Verticale ed orizzontale;Sereno;Normale;Buona;Ore Diurne;1;0;0;1;12,44368;41,90457;-1;2;Autovettura privata;In marcia / fermata / arresto;Conducente;F;Illeso;0;;Non accertato;Inesploso
3721138;7;08/03/2018 20:00;Strada Urbana;VIALE PALMIRO TOGLIATTI;da specificare;;;;altezza rampa discesa cavalcavia roma-aquila;Veicolo in marcia contro ostacolo accidentale;Rettilineo;Due carreggiate;Asciutto;Asfaltata;Verticale ed orizzontale;Sereno;Normale;Buona;Insufficiente;0;0;0;2;12,57408;41,90134;-1;1;Autovettura privata;In marcia / fermata / arresto;Conducente;F;Illeso;0;;;
3721138;7;08/03/2018 20:00;Strada Urbana;VIALE PALMIRO TOGLIATTI;da specificare;;;;altezza rampa discesa cavalcavia roma-aquila;Veicolo in marcia contro ostacolo accidentale;Rettilineo;Due carreggiate;Asciutto;Asfaltata;Verticale ed orizzontale;Sereno;Normale;Buona;Insufficiente;0;0;0;2;12,57408;41,90134;-1;1;Autovettura privata;In marcia / fermata / arresto;Passeggero;M;Illeso;0;;Non accertato;Inesploso
3721163;12;07/03/2018 20:30;Strada Urbana;VIALE DELL'OCEANO INDIANO;da specificare;;;;prossimità civ. 35;Veicolo in marcia contro ostacolo accidentale;Rettilineo;Una carreggiata a doppio senso;Asciutto;Con buche;Verticale ed orizzontale;Nuvoloso;Scarso;Sufficiente;Sufficiente;0;0;0;1;12,45107;41,8262;-1;1;Autovettura privata;In marcia / fermata / arresto;Conducente;M;Illeso;0;;Utilizzato;Inesploso
3721174;12;08/03/2018 01:30;Strada Urbana;VIA DELLA MAGLIANA;da specificare;;;;fronte civ. 313;Veicolo in marcia contro ostacolo accidentale;Curva a visuale libera;Una carreggiata a senso unico di marcia;Bagnato (umidità in atto);Con buche;Verticale ed orizzontale;Nuvoloso;Scarso;Insufficiente;Inesistente;0;0;0;1;12,4243;41,83404;-1;1;Autovettura privata;In marcia / fermata / arresto;Conducente;M;Illeso;0;;Utilizzato;Inesploso
3721209;17;08/03/2018 22:00;Strada Urbana;VIA DELLA MAGLIANELLA;in prossimità;;del civico n.;203;;Veicolo in marcia contro ostacolo accidentale;Rettilineo;Una carreggiata a doppio senso;Asciutto;Asfaltata;Verticale ed orizzontale;Sereno;Scarso;Sufficiente;Insufficiente;0;0;0;1;12,38217;41,9041;0;1;Autobus di linea;In marcia / fermata / arresto;Conducente;M;Illeso;0;;;
3721217;16;08/03/2018 12:20;Strada Urbana;VIALE ISACCO NEWTON;in corrispondenza;;del civico n.;42A;;Veicolo in marcia contro veicoli in sosta;Curva a visuale libera;Due carreggiate;Asciutto;Asfaltata;Orizzontale;Sereno;Normale;Buona;Ore Diurne;0;0;0;1;12,44217;41,85903;-1;1;Autovettura privata;In marcia / fermata / arresto;Conducente;M;Illeso;0;;Non accertato;Inesploso
3721276;12;08/03/2018 00:05;Strada Urbana;VIA DELLA MAGLIANA;da specificare;;;;fronte civ. 313;Veicolo in marcia contro ostacolo accidentale;Curva a visuale libera;Una carreggiata a senso unico di marcia;Bagnato (umidità in atto);Con buche;Verticale ed orizzontale;Nuvoloso;Scarso;Insufficiente;Inesistente;0;0;0;1;12,4243;41,83404;-1;1;Autovettura privata;In marcia / fermata / arresto;Conducente;M;Illeso;0;;Utilizzato;Inesploso
3721294;12;07/03/2018 16:15;Strada Urbana;VIALE STEFANO GRADI;da specificare;;;;in corrispondenza del civ. 124;Veicolo in marcia contro veicoli in sosta;Rettilineo;Due carreggiate;Bagnato (pioggia);Asfaltata;Verticale ed orizzontale;Nuvoloso;Normale;Buona;Ore Diurne;0;0;0;1;12,50489;41,82497;-1;3;Autovettura privata;In marcia / fermata / arresto;Conducente;F;Illeso;0;;Utilizzato;Inesploso
3721336;1;08/03/2018 15:20;Strada Urbana;VIA LUIGI PETROSELLI;in prossimità;;del civico n.;52;;Investimento di pedone;Rettilineo;Una carreggiata a doppio senso;Asciutto;In cubetti di porfido;Verticale ed orizzontale;Nuvoloso;Normale;Buona;Ore Diurne;1;0;0;1;12,48087;41,88994;-1;;;;Pedone;F;Rimandato;0;NON DECEDUTO;;