Protocollo;Gruppo;DataOraIncidente;Localizzazione1;STRADA1;Localizzazione2;STRADA2;Strada02;Chilometrica;DaSpecificare;NaturaIncidente;particolaritastrade;TipoStrada;FondoStradale;Pavimentazione;Segnaletica;CondizioneAtmosferica;Traffico;Visibilita;Illuminazione;NUM_FERITI;NUM_RISERVATA;NUM_MORTI;NUM_ILLESI;Longitudine;Latitudine;Confermato;Progressivo;TipoVeicolo;StatoVeicolo;TipoPersona;Sesso;Tipolesione;Deceduto;DecedutoDopo;CinturaCascoUtilizzato;Airbag
3724235;20;11/03/2018 18:30;Strada Urbana;VIA DELLA GIUSTINIANA;da specificare;;;;prossimità via Prato della Corte;Veicolo in marcia contro ostacolo accidentale;Curva senza visuale libera;Una carreggiata a doppio senso;Bagnato (pioggia);Con buche;Verticale ed orizzontale;Pioggia in atto;Scarso;Sufficiente;Sufficiente;0;0;0;1;12,45466;41,99925;-1;1;Autovettura privata;In marcia / fermata / arresto;Conducente;M;Illeso;0;;Non accertato;Inesploso
3724257;6;11/03/2018 15:45;Strada Urbana;VIA DI TOR TRE TESTE;in prossimità;;del civico n.;182;;Veicolo in marcia contro ostacolo accidentale;Rettilineo;Una carreggiata a doppio senso;Bagnato (pioggia);Strada pavimentata dissestata;Orizzontale;Nuvoloso;Normale;Sufficiente;Ore Diurne;0;0;0;1;12,59065;41,88684;-1;1;Autovettura privata;In marcia / fermata / arresto;Conducente;F;Illeso;0;;Non accertato;Inesploso
3724264;10;11/03/2018 11:30;Strada Urbana;VIA TUSCOLANA;da specificare;;;;direzione Roma Centro alt. svincolo Anagnina;Veicolo in marcia contro ostacolo accidentale;Rettilineo;Una carreggiata a senso unico di marcia;Bagnato (pioggia);Asfaltata;Verticale ed orizzontale;Pioggia in atto;Normale;Sufficiente;Ore Diurne;0;0;0;1;12,59228;41,83964;-1;1;Autovettura privata;In marcia / fermata / arresto;Conducente;M;Illeso;0;;Non accertato;Inesploso
3724596;9;09/03/2018 08:10;Strada Urbana;PIAZZALE LABICANO;da specificare;;;;prox VIA CASILINA;Scontro laterale fra veicoli in marcia;Rettilineo;Più di due carreggiate;Asciutto;Asfaltata;Verticale ed orizzontale;Sereno;Intenso;Buona;Ore Diurne;1;0;0;1;12,5156;41,89125;-1;1;Autovettura privata;In marcia / fermata / arresto;Conducente;F;Illeso;0;;Non accertato;
3724596;9;09/03/2018 08:10;Strada Urbana;PIAZZALE LABICANO;da specificare;;;;prox VIA CASILINA;Scontro laterale fra veicoli in marcia;Rettilineo;Più di due carreggiate;Asciutto;Asfaltata;Verticale ed orizzontale;Sereno;Intenso;Buona;Ore Diurne;1;0;0;1;12,5156;41,89125;-1;2;Autovettura privata;In marcia / fermata / arresto;Conducente;F;Rimandato;0;NON DECEDUTO;Non accertato;
3724603;9;09/03/2018 08:40;Strada Urbana;PIAZZA CASALMAGGIORE;in prossimità;;del civico n.;20;;Investimento di pedone;Rotatoria;Una carreggiata a doppio senso;Asciutto;Asfaltata;Verticale ed orizzontale;Sereno;Normale;Buona;Ore Diurne;1;0;0;2;12,51669;41,88342;-1;;;;Pedone;F;Rimandato;0;NON DECEDUTO;;
3724603;9;09/03/2018 08:40;Strada Urbana;PIAZZA CASALMAGGIORE;in prossimità;;del civico n.;20;;Investimento di pedone;Rotatoria;Una carreggiata a doppio senso;Asciutto;Asfaltata;Verticale ed orizzontale;Sereno;Normale;Buona;Ore Diurne;1;0;0;2;12,51669;41,88342;-1;1;Motociclo con passeggero;In marcia / fermata / arresto;Conducente;M;Illeso;0;;Non accertato;
3724603;9;09/03/2018 08:40;Strada Urbana;PIAZZA CASALMAGGIORE;in prossimità;;del civico n.;20;;Investimento di pedone;Rotatoria;Una carreggiata a doppio senso;Asciutto;Asfaltata;Verticale ed orizzontale;Sereno;Normale;Buona;Ore Diurne;1;0;0;2;12,51669;41,88342;-1;1;Motociclo con passeggero;In marcia / fermata / arresto;Passeggero;F;Illeso;0;;Non accertato;
3724608;9;09/03/2018 18:30;Strada Urbana;VIA EURIALO;in prossimità;;del civico n.;34;;Veicolo in marcia contro ostacolo accidentale;Rettilineo;Una carreggiata a senso unico di marcia;Asciutto;Con buche;Verticale ed orizzontale;Sereno;Scarso;Sufficiente;Sufficiente;0;0;0;1;12,52577;41,87373;-1;1;Motociclo a solo;In marcia / fermata / arresto;Conducente;M;Illeso;0;;Non accertato;
3724613;8;11/03/2018 00:05;Strada Urbana;VIA CASILINA;all'intersezione con;VIA SILICELLA;VIA SILICELLA;;;Veicolo in marcia contro ostacolo accidentale;Intersezione stradale segnalata;Due carreggiate;Asciutto;Asfaltata;Verticale ed orizzontale;Nuvoloso;Scarso;Sufficiente;Sufficiente;0;0;0;1;12,6517;41,8638;-1;1;Autovettura privata;In marcia / fermata / arresto;Conducente;M;Illeso;0;;Non accertato;Inesploso
3724617;8;11/03/2018 01:00;;VIA CASILINA;all'intersezione con;VIA SILICELLA;VIA SILICELLA;;;Veicolo in marcia contro ostacolo accidentale;;;;;;;;;;0;0;0;1;12,6517;41,8638;0;1;Autovettura privata;In marcia / fermata / arresto;Conducente;M;Illeso;0;;Non accertato;Inesploso
3724618;9;09/03/2018 18:45;;VIA DEL QUADRARO;da specificare;;;;PROX PALO LUCE 35;Veicolo in marcia contro ostacolo accidentale;;;;;;;;;;0;0;0;1;;;0;1;Autovettura privata;In marcia / fermata / arresto;Conducente;M;Illeso;0;;;
3724620;8;12/03/2018 01:00;;VIA CASILINA;in prossimità;;del civico n.;1108;;Veicolo in marcia contro ostacolo accidentale;;;;;;;;;;0;0;0;1;12,59566;41,8663;0;1;Autovettura privata;In marcia / fermata / arresto;Conducente;M;Illeso;0;;Non accertato;Inesploso
3724622;8;11/03/2018 13:30;;VIA DEL FONTANILE DI CARCARICOLA;da specificare;;;;lato facoltà SSMMFF prossimtà via STANFORD;Veicolo in marcia contro ostacolo accidentale;;;;;;;;;;0;0;0;2;12,60771;41,85247;0;1;Autovettura privata;In marcia / fermata / arresto;Conducente;M;Illeso;0;;Non accertato;Inesploso
3724622;8;11/03/2018 13:30;;VIA DEL FONTANILE DI CARCARICOLA;da specificare;;;;lato facoltà SSMMFF prossimtà via STANFORD;Veicolo in marcia contro ostacolo accidentale;;;;;;;;;;0;0;0;2;12,60771;41,85247;0;1;Autovettura privata;In marcia / fermata / arresto;Passeggero;M;Illeso;0;;Non accertato;Inesploso
3724625;8;11/03/2018 20:15;Statale entro l'abitato;VIA DI TOR BELLA MONACA;in corrispondenza;;del civico n.;1611;;Veicolo in marcia contro ostacolo accidentale;Rettilineo;Una carreggiata a senso unico di marcia;Bagnato (umidità in atto);Con buche;Orizzontale;Nuvoloso;Scarso;Sufficiente;Sufficiente;0;0;0;1;12,62375;41,87848;-1;1;Autovettura privata;In marcia / fermata / arresto;Conducente;M;Illeso;0;;Non accertato;Inesploso
3724629;15;10/03/2018 18:40;Strada Urbana;VIA DELLA MAGLIANA;all'intersezione semaforizzata con;PIAZZA ANTONIO MEUCCI;PIAZZA ANTONIO MEUCCI;;;Scontro laterale fra veicoli in marcia;Incrocio;Due carreggiate;Asciutto;Asfaltata;Orizzontale;Nuvoloso;Normale;Buona;Sufficiente;0;0;0;3;12,41962;41,83172;-1;1;Autovettura privata;In marcia / fermata / arresto;Passeggero;F;Illeso;0;;;
3724629;15;10/03/2018 18:40;Strada Urbana;VIA DELLA MAGLIANA;all'intersezione semaforizzata con;PIAZZA ANTONIO MEUCCI;PIAZZA ANTONIO MEUCCI;;;Scontro laterale fra veicoli in marcia;Incrocio;Due carreggiate;Asciutto;Asfaltata;Orizzontale;Nuvoloso;Normale;Buona;Sufficiente;0;0;0;3;12,41962;41,83172;-1;1;Autovettura privata;In marcia / fermata / arresto;Conducente;M;Illeso;0;;Non accertato;Inesploso
3724629;15;10/03/2018 18:40;Strada Urbana;VIA DELLA MAGLIANA;all'intersezione semaforizzata con;PIAZZA ANTONIO MEUCCI;PIAZZA ANTONIO MEUCCI;;;Scontro laterale fra veicoli in marcia;Incrocio;Due carreggiate;Asciutto;Asfaltata;Orizzontale;Nuvoloso;Normale;Buona;Sufficiente;0;0;0;3;12,41962;41,83172;-1;2;Autovettura privata;In marcia / fermata / arresto;Conducente;M;Illeso;0;;Non accertato;Inesploso
3724630;8;11/03/2018 21:45;;VIA DI TOR BELLA MONACA;da specificare;;;;ALTEZZA PARCHEGGIO PARCHEGGIO PEWEX;Veicolo in marcia contro ostacolo accidentale;;;;;;;;;;0;0;0;4;12,62375;41,87848;0;1;Autovettura privata;In marcia / fermata / arresto;Passeggero;M;Illeso;0;;Non accertato;Inesploso
3724630;8;11/03/2018 21:45;;VIA DI TOR BELLA MONACA;da specificare;;;;ALTEZZA PARCHEGGIO PARCHEGGIO PEWEX;Veicolo in marcia contro ostacolo accidentale;;;;;;;;;;0;0;0;4;12,62375;41,87848;0;1;Autovettura privata;In marcia / fermata / arresto;Conducente;M;Illeso;0;;Non accertato;Inesploso
3724630;8;11/03/2018 21:45;;VIA DI TOR BELLA MONACA;da specificare;;;;ALTEZZA PARCHEGGIO PARCHEGGIO PEWEX;Veicolo in marcia contro ostacolo accidentale;;;;;;;;;;0;0;0;4;12,62375;41,87848;0;1;Autovettura privata;In marcia / fermata / arresto;Passeggero;F;Illeso;0;;Non accertato;Inesploso
3724631;6;11/03/2018 19:00;Strada Urbana;VIALE FILARETE;da specificare;;;;pross. f.c. 21;Scontro laterale fra veicoli in marcia;Rettilineo;Due carreggiate;Asciutto;Asfaltata;Verticale ed orizzontale;Nuvoloso;Normale;Buona;Sufficiente;0;0;0;2;12,53864;41,87891;-1;1;Autovettura privata;In marcia / fermata / arresto;Conducente;F;Illeso;0;;;
3724631;6;11/03/2018 19:00;Strada Urbana;VIALE FILARETE;da specificare;;;;pross. f.c. 21;Scontro laterale fra veicoli in marcia;Rettilineo;Due carreggiate;Asciutto;Asfaltata;Verticale ed orizzontale;Nuvoloso;Normale;Buona;Sufficiente;0;0;0;2;12,53864;41,87891;-1;2;Autovettura privata;In marcia / fermata / arresto;Conducente;M;Illeso;0;;;
3724632;8;11/03/2018 18:45;;VIA DI TOR BELLA MONACA;in corrispondenza;;del palo luce n.;87;;Veicolo in marcia contro ostacolo accidentale;;;;;;;;;;0;0;0;3;;;0;1;Autovettura privata;In marcia / fermata / arresto;Passeggero;F;Illeso;0;;Non accertato;Inesploso
3724632;8;11/03/2018 18:45;;VIA DI TOR BELLA MONACA;in corrispondenza;;del palo luce n.;87;;Veicolo in marcia contro ostacolo accidentale;;;;;;;;;;0;0;0;3;;;0;1;Autovettura privata;In marcia / fermata / arresto;Conducente;F;Illeso;0;;Non accertato;Inesploso
3724632;8;11/03/2018 18:45;;VIA DI TOR BELLA MONACA;in corrispondenza;;del palo luce n.;87;;Veicolo in marcia contro ostacolo accidentale;;;;;;;;;;0;0;0;3;;;0;1;Autovettura privata;In marcia / fermata / arresto;Passeggero;F;Illeso;0;;Non accertato;Inesploso
3724634;7;11/03/2018 15:25;Strada Urbana;VIALE PALMIRO TOGLIATTI;in corrispondenza;;del civico n.;488;;Veicolo in marcia contro ostacolo accidentale;Rettilineo;Due carreggiate;Bagnato (pioggia);Strada pavimentata dissestata;Orizzontale;Pioggia in atto;Normale;Buona;Ore Diurne;1;0;0;1;12,56938;41,87309;-1;1;Autobus di linea;In marcia / fermata / arresto;Conducente;M;Illeso;0;;Non accertato;Inesploso
3724634;7;11/03/2018 15:25;Strada Urbana;VIALE PALMIRO TOGLIATTI;in corrispondenza;;del civico n.;488;;Veicolo in marcia contro ostacolo accidentale;Rettilineo;Due carreggiate;Bagnato (pioggia);Strada pavimentata dissestata;Orizzontale;Pioggia in atto;Normale;Buona;Ore Diurne;1;0;0;1;12,56938;41,87309;-1;1;Autobus di linea;In marcia / fermata / arresto;Passeggero;M;Rimandato;0;NON DECEDUTO;Esente;Inesistente
3724636;9;10/03/2018 20:30;Strada Urbana;VIA TUSCOLANA;all'intersezione con;VIA DI PORTA FURBA;VIA DI PORTA FURBA;;;Veicolo in marcia contro ostacolo accidentale;Intersezione semaforizzata;Due carreggiate;Asciutto;Con buche;Verticale ed orizzontale;Sereno;Scarso;Insufficiente;Insufficiente;1;0;0;0;12,538;41,869;-1;1;Motociclo a solo;In marcia / fermata / arresto;Conducente;M;Rimandato;0;NON DECEDUTO;Non accertato;
3724637;9;09/03/2018 21:00;Strada Urbana;VIA DEL QUADRARO;da specificare;;;;prossimità palo luce 35;Veicolo in marcia contro ostacolo accidentale;Rettilineo;Una carreggiata a doppio senso;Asciutto;Asfaltata;Assente;Sereno;Scarso;Sufficiente;Sufficiente;0;0;0;1;12,55252;41,8553;-1;1;Autovettura privata;In marcia / fermata / arresto;Conducente;M;Illeso;0;;Non accertato;Inesploso
3724640;15;10/03/2018 18:10;Strada Urbana;VIA DELLA MAGLIANA;da specificare;;;;fronte civico 1096;Veicolo in marcia contro ostacolo accidentale;Rettilineo;Una carreggiata a doppio senso;Asciutto;Asfaltata;Assente;Sereno;Normale;Sufficiente;Ore Diurne;0;0;0;1;12,41962;41,83172;-1;1;Autobus urbano;In marcia / fermata / arresto;Conducente;M;Illeso;0;;Non accertato;Inesploso
3724644;8;11/03/2018 19:00;;VIA DI TOR BELLA MONACA;in corrispondenza;;del palo luce n.;87;;Veicolo in marcia contro ostacolo accidentale;;;;;;;;;;0;0;0;3;12,62375;41,87848;0;1;Autovettura privata;In marcia / fermata / arresto;Conducente;M;Illeso;0;;Non accertato;Inesploso
3724644;8;11/03/2018 19:00;;VIA DI TOR BELLA MONACA;in corrispondenza;;del palo luce n.;87;;Veicolo in marcia contro ostacolo accidentale;;;;;;;;;;0;0;0;3;12,62375;41,87848;0;1;Autovettura privata;In marcia / fermata / arresto;Passeggero;M;Illeso;0;;Non accertato;Inesploso
3724644;8;11/03/2018 19:00;;VIA DI TOR BELLA MONACA;in corrispondenza;;del palo luce n.;87;;Veicolo in marcia contro ostacolo accidentale;;;;;;;;;;0;0;0;3;12,62375;41,87848;0;1;Autovettura privata;In marcia / fermata / arresto;Passeggero;F;Illeso;0;;Non accertato;Inesploso
3724645;9;09/03/2018 21:50;;VIA GENZANO;in prossimità;;del civico n.;194;;Veicolo in marcia contro veicolo in sosta;;;;;;;;;;0;0;0;0;;;0;1;Autovettura privata;In marcia / fermata / arresto;Conducente;;Illeso;0;;;
3724649;15;09/03/2018 18:40;Strada Urbana;VIA DELLA MAGLIANA;all'intersezione con;VIA DI VALLE LUPARA;VIA DI VALLE LUPARA;;;Scontro laterale fra veicoli in marcia;Incrocio;Una carreggiata a doppio senso;Asciutto;Asfaltata;Verticale ed orizzontale;Sereno;Normale;Buona;Sufficiente;2;0;0;2;12,41962;41,83172;-1;1;Ciclomotore con passeggero;In marcia / fermata / arresto;Conducente;F;Rimandato;0;NON DECEDUTO;;
3724649;15;09/03/2018 18:40;Strada Urbana;VIA DELLA MAGLIANA;all'intersezione con;VIA DI VALLE LUPARA;VIA DI VALLE LUPARA;;;Scontro laterale fra veicoli in marcia;Incrocio;Una carreggiata a doppio senso;Asciutto;Asfaltata;Verticale ed orizzontale;Sereno;Normale;Buona;Sufficiente;2;0;0;2;12,41962;41,83172;-1;1;Ciclomotore con passeggero;In marcia / fermata / arresto;Passeggero;F;Rimandato;0;NON DECEDUTO;;
3724649;15;09/03/2018 18:40;Strada Urbana;VIA DELLA MAGLIANA;all'intersezione con;VIA DI VALLE LUPARA;VIA DI VALLE LUPARA;;;Scontro laterale fra veicoli in marcia;Incrocio;Una carreggiata a doppio senso;Asciutto;Asfaltata;Verticale ed orizzontale;Sereno;Normale;Buona;Sufficiente;2;0;0;2;12,41962;41,83172;-1;2;Autovettura privata;In marcia / fermata / arresto;Conducente;M;Illeso;0;;;
3724649;15;09/03/2018 18:40;Strada Urbana;VIA DELLA MAGLIANA;all'intersezione con;VIA DI VALLE LUPARA;VIA DI VALLE LUPARA;;;Scontro laterale fra veicoli in marcia;Incrocio;Una carreggiata a doppio senso;Asciutto;Asfaltata;Verticale ed orizzontale;Sereno;Normale;Buona;Sufficiente;2;0;0;2;12,41962;41,83172;-1;2;Autovettura privata;In marcia / fermata / arresto;Passeggero;M;Illeso;0;;;
3724651;9;11/03/2018 05:00;Strada Urbana;VIA APPIA NUOVA;in corrispondenza;;del civico n.;566/a;;Veicolo in marcia contro veicoli in sosta;Rettilineo;Due carreggiate;Asciutto;Asfaltata;Verticale ed orizzontale;Sereno;Scarso;Buona;Sufficiente;0;0;0;2;12,52742;41,87086;-1;3;Autovettura privata;In marcia / fermata / arresto;Conducente;M;Illeso;0;;;
3724651;9;11/03/2018 05:00;Strada Urbana;VIA APPIA NUOVA;in corrispondenza;;del civico n.;566/a;;Veicolo in marcia contro veicoli in sosta;Rettilineo;Due carreggiate;Asciutto;Asfaltata;Verticale ed orizzontale;Sereno;Scarso;Buona;Sufficiente;0;0;0;2;12,52742;41,87086;-1;3;Autovettura privata;In marcia / fermata / arresto;Passeggero;M;Illeso;0;;Non accertato;Inesploso
3724654;9;10/03/2018 19:20;Strada Urbana;VIA APPIA NUOVA;all'intersezione con;VIA DEMETRIADE;VIA DEMETRIADE;;;Tamponamento;Intersezione semaforizzata;Due carreggiate;Asciutto;Asfaltata;Verticale ed orizzontale;Sereno;Scarso;Sufficiente;Sufficiente;1;0;0;2;12,53399;41,86106;0;1;Autovettura privata;In marcia / fermata / arresto;Conducente;M;Illeso;0;;Non accertato;Inesploso
3724654;9;10/03/2018 19:20;Strada Urbana;VIA APPIA NUOVA;all'intersezione con;VIA DEMETRIADE;VIA DEMETRIADE;;;Tamponamento;Intersezione semaforizzata;Due carreggiate;Asciutto;Asfaltata;Verticale ed orizzontale;Sereno;Scarso;Sufficiente;Sufficiente;1;0;0;2;12,53399;41,86106;0;1;Autovettura privata;In marcia / fermata / arresto;Passeggero;M;Illeso;0;;Non accertato;Inesploso
3724654;9;10/03/2018 19:20;Strada Urbana;VIA APPIA NUOVA;all'intersezione con;VIA DEMETRIADE;VIA DEMETRIADE;;;Tamponamento;Intersezione semaforizzata;Due carreggiate;Asciutto;Asfaltata;Verticale ed orizzontale;Sereno;Scarso;Sufficiente;Sufficiente;1;0;0;2;12,53399;41,86106;0;2;Motociclo a solo;In marcia / fermata / arresto;Conducente;M;Rimandato;0;NON DECEDUTO;Non accertato;
3724655;8;11/03/2018 19:22;;VIA DI TOR BELLA MONACA;in corrispondenza;;del palo luce n.;87;;Veicolo in marcia contro ostacolo accidentale;;;;;;;;;;0;0;0;3;12,62375;41,87848;0;1;Autovettura privata;In marcia / fermata / arresto;Conducente;M;Illeso;0;;Non accertato;Inesploso
3724655;8;11/03/2018 19:22;;VIA DI TOR BELLA MONACA;in corrispondenza;;del palo luce n.;87;;Veicolo in marcia contro ostacolo accidentale;;;;;;;;;;0;0;0;3;12,62375;41,87848;0;1;Autovettura privata;In marcia / fermata / arresto;Passeggero;F;Illeso;0;;Non accertato;Inesploso
3724655;8;11/03/2018 19:22;;VIA DI TOR BELLA MONACA;in corrispondenza;;del palo luce n.;87;;Veicolo in marcia contro ostacolo accidentale;;;;;;;;;;0;0;0;3;12,62375;41,87848;0;1;Autovettura privata;In marcia / fermata / arresto;Passeggero;F;Illeso;0;;Non accertato;Inesploso
3724661;8;11/03/2018 18:30;;VIA DI TOR BELLA MONACA;in corrispondenza;;del palo luce n.;87;;Veicolo in marcia contro ostacolo accidentale;;;;;;;;;;0;0;0;1;12,62375;41,87848;0;1;Autovettura privata;In marcia / fermata / arresto;Conducente;M;Illeso;0;;Non accertato;Inesploso
3724670;8;11/03/2018 19:20;;VIA DI TOR BELLA MONACA;in corrispondenza;;del palo luce n.;87;;Veicolo in marcia contro ostacolo accidentale;;;;;;;;;;0;0;0;4;12,62375;41,87848;0;1;Autovettura privata;In marcia / fermata / arresto;Conducente;M;Illeso;0;;Non accertato;Inesploso
3724670;8;11/03/2018 19:20;;VIA DI TOR BELLA MONACA;in corrispondenza;;del palo luce n.;87;;Veicolo in marcia contro ostacolo accidentale;;;;;;;;;;0;0;0;4;12,62375;41,87848;0;1;Autovettura privata;In marcia / fermata / arresto;Passeggero;M;Illeso;0;;Non accertato;Inesploso
3724670;8;11/03/2018 19:20;;VIA DI TOR BELLA MONACA;in corrispondenza;;del palo luce n.;87;;Veicolo in marcia contro ostacolo accidentale;;;;;;;;;;0;0;0;4;12,62375;41,87848;0;1;Autovettura privata;In marcia / fermata / arresto;Passeggero;M;Illeso;0;;Non accertato;Inesploso
3724670;8;11/03/2018 19:20;;VIA DI TOR BELLA MONACA;in corrispondenza;;del palo luce n.;87;;Veicolo in marcia contro ostacolo accidentale;;;;;;;;;;0;0;0;4;12,62375;41,87848;0;1;Autovettura privata;In marcia / fermata / arresto;Passeggero;M;Illeso;0;;Non accertato;Inesploso
3724672;8;11/03/2018 19:25;;VIA DI TOR BELLA MONACA;in corrispondenza;;del palo luce n.;87;;Veicolo in marcia contro ostacolo accidentale;;;;;;;;;;0;0;0;1;12,62375;41,87848;0;1;Autovettura privata;In marcia / fermata / arresto;Conducente;M;Illeso;0;;Non accertato;Inesploso
3724675;8;11/03/2018 18:50;;VIA DI TOR BELLA MONACA;in corrispondenza;;del palo luce n.;87;;Veicolo in marcia contro ostacolo accidentale;;;;;;;;;;0;0;0;1;12,62375;41,87848;0;1;Autovettura privata;In marcia / fermata / arresto;Conducente;M;Illeso;0;;Non accertato;Inesploso
3724682;8;09/03/2018 19:00;Statale entro l'abitato;VIA CASILINA;in corrispondenza;;del civico n.;1110;;Veicolo in marcia contro ostacolo accidentale;Rettilineo;Una carreggiata a doppio senso;Asciutto;Con buche;Orizzontale;Nuvoloso;Normale;Sufficiente;Sufficiente;0;0;0;1;12,59685;41,8662;-1;1;Autovettura privata;In marcia / fermata / arresto;Conducente;M;Illeso;0;;Non accertato;Inesploso
3724689;6;11/03/2018 19:30;Strada Urbana;VIA CASILINA;all'intersezione con;VIA CARLO DELLA ROCCA;VIA CARLO DELLA ROCCA;;;Scontro frontale/laterale DX fra veicoli in marcia;Incrocio;Due carreggiate;Bagnato (pioggia);Asfaltata;Verticale;Nuvoloso;Normale;Sufficiente;Sufficiente;0;0;0;5;12,54411;41,8792;-1;1;Autovettura privata;In marcia / fermata / arresto;Conducente;M;Illeso;0;;Non accertato;Inesploso
3724689;6;11/03/2018 19:30;Strada Urbana;VIA CASILINA;all'intersezione con;VIA CARLO DELLA ROCCA;VIA CARLO DELLA ROCCA;;;Scontro frontale/laterale DX fra veicoli in marcia;Incrocio;Due carreggiate;Bagnato (pioggia);Asfaltata;Verticale;Nuvoloso;Normale;Sufficiente;Sufficiente;0;0;0;5;12,54411;41,8792;-1;1;Autovettura privata;In marcia / fermata / arresto;Passeggero;M;Illeso;0;;Non accertato;Inesploso
3724689;6;11/03/2018 19:30;Strada Urbana;VIA CASILINA;all'intersezione con;VIA CARLO DELLA ROCCA;VIA CARLO DELLA ROCCA;;;Scontro frontale/laterale DX fra veicoli in marcia;Incrocio;Due carreggiate;Bagnato (pioggia);Asfaltata;Verticale;Nuvoloso;Normale;Sufficiente;Sufficiente;0;0;0;5;12,54411;41,8792;-1;1;Autovettura privata;In marcia / fermata / arresto;Passeggero;F;Illeso;0;;Non accertato;Inesploso
3724689;6;11/03/2018 19:30;Strada Urbana;VIA CASILINA;all'intersezione con;VIA CARLO DELLA ROCCA;VIA CARLO DELLA ROCCA;;;Scontro frontale/laterale DX fra veicoli in marcia;Incrocio;Due carreggiate;Bagnato (pioggia);Asfaltata;Verticale;Nuvoloso;Normale;Sufficiente;Sufficiente;0;0;0;5;12,54411;41,8792;-1;1;Autovettura privata;In marcia / fermata / arresto;Passeggero;M;Illeso;0;;Non accertato;Inesploso
3724689;6;11/03/2018 19:30;Strada Urbana;VIA CASILINA;all'intersezione con;VIA CARLO DELLA ROCCA;VIA CARLO DELLA ROCCA;;;Scontro frontale/laterale DX fra veicoli in marcia;Incrocio;Due carreggiate;Bagnato (pioggia);Asfaltata;Verticale;Nuvoloso;Normale;Sufficiente;Sufficiente;0;0;0;5;12,54411;41,8792;-1;2;Autovettura privata;In marcia / fermata / arresto;Conducente;M;Illeso;0;;;
3724691;8;10/03/2018 05:00;;VIA COLLATINA;da specificare;;;;DIR. ROMA CENTREO 100 MT PRIMA CAVALCAVIA  A24;Veicolo in marcia contro ostacolo accidentale;;;;;;;;;;0;0;0;1;;;0;1;Autovettura privata;In marcia / fermata / arresto;Conducente;M;Illeso;0;;Non accertato;Inesploso
3724697;8;10/03/2018 05:30;Strada Urbana;VIA COLLATINA;da specificare;;;;100 MT PRIMA CAVALCAVIA A 24 DIR. ROMA ;Veicolo in marcia contro ostacolo accidentale;Rettilineo;Una carreggiata a doppio senso;Asciutto;Asfaltata;Verticale ed orizzontale;Nuvoloso;Normale;Insufficiente;Inesistente;0;0;0;1;12,65741;41,91977;-1;1;Autovettura privata;In marcia / fermata / arresto;Conducente;M;Illeso;0;;Non accertato;Inesploso
3724698;10;12/03/2018 06:50;Strada Urbana;VIALE S. GIOVANNI BOSCO;all'intersezione semaforizzata con;VIA CALPURNIO FIAMMA;VIA CALPURNIO FIAMMA;;;Scontro frontale/laterale SX fra veicoli in marcia;Intersezione semaforizzata;Una carreggiata a senso unico di marcia;Bagnato (umidità in atto);Asfaltata;Verticale ed orizzontale;Nuvoloso;Scarso;Buona;Ore Diurne;2;0;0;0;12,56103;41,86054;-1;1;Autocarro inferiore 35 q.;In marcia / fermata / arresto;Conducente;M;Rimandato;0;NON DECEDUTO;Non accertato;Esploso
3724698;10;12/03/2018 06:50;Strada Urbana;VIALE S. GIOVANNI BOSCO;all'intersezione semaforizzata con;VIA CALPURNIO FIAMMA;VIA CALPURNIO FIAMMA;;;Scontro frontale/laterale SX fra veicoli in marcia;Intersezione semaforizzata;Una carreggiata a senso unico di marcia;Bagnato (umidità in atto);Asfaltata;Verticale ed orizzontale;Nuvoloso;Scarso;Buona;Ore Diurne;2;0;0;0;12,56103;41,86054;-1;2;Autovettura privata;In marcia / fermata / arresto;Conducente;F;Rimandato;0;NON DECEDUTO;Non accertato;Inesploso
3724702;8;10/03/2018 07:40;;VIA COLLATINA;da specificare;;;;100 MT PRIMA CAVALCAVIA A24 DIR. ROMA CENTRO;Veicolo in marcia contro ostacolo accidentale;;;;;;;;;;0;0;0;1;;;0;1;Autocarro inferiore 35 q.;In marcia / fermata / arresto;Conducente;M;Illeso;0;;Non accertato;Inesploso
3724703;8;10/03/2018 10:45;Statale entro l'abitato;VIA CASILINA;in corrispondenza;;del civico n.;1100;;Veicolo in marcia contro ostacolo accidentale;Rettilineo;Una carreggiata a doppio senso;Asciutto;Con buche;Orizzontale;Nuvoloso;Normale;Buona;Ore Diurne;0;0;0;1;12,59563;41,86686;-1;1;Autovettura privata;In marcia / fermata / arresto;Conducente;M;Illeso;0;;Non accertato;Inesploso
3724708;8;10/03/2018 08:30;;VIA COLLATINA;da specificare;;;;DIR ROMA CENTRO 100 MT PRIMA CAVALCAVIA A24;Veicolo in marcia contro ostacolo accidentale;;;;;;;;;;0;0;0;1;;;0;1;Autovettura privata;In marcia / fermata / arresto;Conducente;F;Illeso;0;;Non accertato;Inesploso
3724711;8;10/03/2018 20:30;Provinciale;VIA PRENESTINA;da specificare;;;;200 m prima Via Rocca Cenica dir. fuori Roma;Veicolo in marcia contro ostacolo accidentale;Rettilineo;Una carreggiata a doppio senso;Asciutto;Asfaltata;Verticale ed orizzontale;Sereno;Scarso;Sufficiente;Sufficiente;0;0;0;1;;;0;1;Autovettura privata;In marcia / fermata / arresto;Conducente;F;Illeso;0;;Non accertato;Inesploso