Protocollo;Gruppo;DataOraIncidente;Localizzazione1;STRADA1;Localizzazione2;STRADA2;Strada02;Chilometrica;DaSpecificare;NaturaIncidente;particolaritastrade;TipoStrada;FondoStradale;Pavimentazione;Segnaletica;CondizioneAtmosferica;Traffico;Visibilita;Illuminazione;NUM_FERITI;NUM_RISERVATA;NUM_MORTI;NUM_ILLESI;Longitudine;Latitudine;Confermato;Progressivo;TipoVeicolo;StatoVeicolo;TipoPersona;Sesso;Tipolesione;Deceduto;DecedutoDopo;CinturaCascoUtilizzato;Airbag
3725261;17;11/03/2018 23:00;Strada Urbana;VIALE ANGELICO;da specificare;;;;ALTEZZA VIA MUGGIA ;Scontro frontale/laterale SX fra veicoli in marcia;Rettilineo;Più di due carreggiate;Bagnato (pioggia);Asfaltata;Verticale ed orizzontale;Pioggia in atto;Normale;Sufficiente;Sufficiente;1;0;0;1;12,45854;41,91889;0;2;Motociclo a solo;In marcia / fermata / arresto;Conducente;F;Rimandato;0;NON DECEDUTO;;
3725284;7;10/03/2018 10:30;Strada Urbana;VIA COLLATINA;in corrispondenza;;del civico n.;402/E;;Fuoriuscita dalla sede stradale;Rettilineo;Una carreggiata a doppio senso;Asciutto;Asfaltata;Verticale ed orizzontale;Sereno;Normale;Buona;Ore Diurne;0;0;0;6;12,60583;41,90484;-1;1;Autovettura privata;In marcia / fermata / arresto;Passeggero;F;Illeso;0;;Non accertato;Inesploso
3725284;7;10/03/2018 10:30;Strada Urbana;VIA COLLATINA;in corrispondenza;;del civico n.;402/E;;Fuoriuscita dalla sede stradale;Rettilineo;Una carreggiata a doppio senso;Asciutto;Asfaltata;Verticale ed orizzontale;Sereno;Normale;Buona;Ore Diurne;0;0;0;6;12,60583;41,90484;-1;1;Autovettura privata;In marcia / fermata / arresto;Passeggero;F;Illeso;0;;Non accertato;Inesploso
3725284;7;10/03/2018 10:30;Strada Urbana;VIA COLLATINA;in corrispondenza;;del civico n.;402/E;;Fuoriuscita dalla sede stradale;Rettilineo;Una carreggiata a doppio senso;Asciutto;Asfaltata;Verticale ed orizzontale;Sereno;Normale;Buona;Ore Diurne;0;0;0;6;12,60583;41,90484;-1;1;Autovettura privata;In marcia / fermata / arresto;Passeggero;F;Illeso;0;;Non accertato;Inesploso
3725284;7;10/03/2018 10:30;Strada Urbana;VIA COLLATINA;in corrispondenza;;del civico n.;402/E;;Fuoriuscita dalla sede stradale;Rettilineo;Una carreggiata a doppio senso;Asciutto;Asfaltata;Verticale ed orizzontale;Sereno;Normale;Buona;Ore Diurne;0;0;0;6;12,60583;41,90484;-1;1;Autovettura privata;In marcia / fermata / arresto;Passeggero;F;Illeso;0;;Non accertato;Inesploso
3725284;7;10/03/2018 10:30;Strada Urbana;VIA COLLATINA;in corrispondenza;;del civico n.;402/E;;Fuoriuscita dalla sede stradale;Rettilineo;Una carreggiata a doppio senso;Asciutto;Asfaltata;Verticale ed orizzontale;Sereno;Normale;Buona;Ore Diurne;0;0;0;6;12,60583;41,90484;-1;1;Autovettura privata;In marcia / fermata / arresto;Conducente;M;Illeso;0;;Non accertato;Inesploso
3725284;7;10/03/2018 10:30;Strada Urbana;VIA COLLATINA;in corrispondenza;;del civico n.;402/E;;Fuoriuscita dalla sede stradale;Rettilineo;Una carreggiata a doppio senso;Asciutto;Asfaltata;Verticale ed orizzontale;Sereno;Normale;Buona;Ore Diurne;0;0;0;6;12,60583;41,90484;-1;2;Autovettura privata;In marcia / fermata / arresto;Conducente;M;Illeso;0;;Non accertato;Inesploso
3725290;6;12/03/2018 09:00;Strada Urbana;VIALE DELLA STAZIONE PRENESTINA;all'intersezione con;VIA MARCO CORNELIO CETEGO;VIA MARCO CORNELIO CETEGO;;;Veicolo in marcia contro veicolo in sosta;Incrocio;Due carreggiate;Bagnato (pioggia);Asfaltata;Assente;Pioggia in atto;Intenso;Buona;Ore Diurne;2;0;0;1;12,54642;41,89455;-1;1;Autovettura privata;In marcia / fermata / arresto;Conducente;M;Illeso;0;;Non accertato;Inesploso
3725290;6;12/03/2018 09:00;Strada Urbana;VIALE DELLA STAZIONE PRENESTINA;all'intersezione con;VIA MARCO CORNELIO CETEGO;VIA MARCO CORNELIO CETEGO;;;Veicolo in marcia contro veicolo in sosta;Incrocio;Due carreggiate;Bagnato (pioggia);Asfaltata;Assente;Pioggia in atto;Intenso;Buona;Ore Diurne;2;0;0;1;12,54642;41,89455;-1;2;Autovettura privata;In marcia / fermata / arresto;Conducente;F;Rimandato;0;NON DECEDUTO;Non accertato;Inesploso
3725290;6;12/03/2018 09:00;Strada Urbana;VIALE DELLA STAZIONE PRENESTINA;all'intersezione con;VIA MARCO CORNELIO CETEGO;VIA MARCO CORNELIO CETEGO;;;Veicolo in marcia contro veicolo in sosta;Incrocio;Due carreggiate;Bagnato (pioggia);Asfaltata;Assente;Pioggia in atto;Intenso;Buona;Ore Diurne;2;0;0;1;12,54642;41,89455;-1;2;Autovettura privata;In marcia / fermata / arresto;Passeggero;M;Rimandato;0;NON DECEDUTO;Non accertato;Inesploso
3725325;7;12/03/2018 11:00;Strada Urbana;VIA DEI PIOPPI;all'intersezione con;VIA DELLE BEGONIE;VIA DELLE BEGONIE;;;Scontro frontale/laterale SX fra veicoli in marcia;Incrocio;Una carreggiata a senso unico di marcia;Asciutto;Asfaltata;Verticale ed orizzontale;Nuvoloso;Normale;Buona;Ore Diurne;0;0;0;2;12,56898;41,87748;-1;1;Autovettura privata;In marcia / fermata / arresto;Conducente;F;Illeso;0;;Non accertato;
3725325;7;12/03/2018 11:00;Strada Urbana;VIA DEI PIOPPI;all'intersezione con;VIA DELLE BEGONIE;VIA DELLE BEGONIE;;;Scontro frontale/laterale SX fra veicoli in marcia;Incrocio;Una carreggiata a senso unico di marcia;Asciutto;Asfaltata;Verticale ed orizzontale;Nuvoloso;Normale;Buona;Ore Diurne;0;0;0;2;12,56898;41,87748;-1;2;Autovettura privata;In marcia / fermata / arresto;Conducente;F;Illeso;0;;Non accertato;Inesploso
3725360;12;12/03/2018 12:30;Strada Urbana;VIA DELLA CECCHIGNOLA;all'intersezione con;VIA DI TOR PAGNOTTA;VIA DI TOR PAGNOTTA;;;Veicolo in marcia contro ostacolo accidentale;Rotatoria;Una carreggiata a senso unico di marcia;Asciutto;Strada pavimentata dissestata;Verticale ed orizzontale;Sereno;Normale;Buona;Ore Diurne;0;0;0;1;12,50615;41,80344;-1;1;Autovettura privata;In marcia / fermata / arresto;Conducente;M;Illeso;0;;Non accertato;Inesploso
3725381;6;12/03/2018 10:05;Strada Urbana;VIA PRENESTINA;all'intersezione semaforizzata con;VIA OLEVANO ROMANO;VIA OLEVANO ROMANO;;;Scontro frontale/laterale DX fra veicoli in marcia;Intersezione semaforizzata;Due carreggiate;Asciutto;Asfaltata;Verticale ed orizzontale;Sereno;Normale;Buona;Ore Diurne;3;0;0;0;12,55493;41,89426;-1;1;Autovettura privata;In marcia / fermata / arresto;Conducente;M;Rimandato;0;NON DECEDUTO;Non accertato;Esploso
3725381;6;12/03/2018 10:05;Strada Urbana;VIA PRENESTINA;all'intersezione semaforizzata con;VIA OLEVANO ROMANO;VIA OLEVANO ROMANO;;;Scontro frontale/laterale DX fra veicoli in marcia;Intersezione semaforizzata;Due carreggiate;Asciutto;Asfaltata;Verticale ed orizzontale;Sereno;Normale;Buona;Ore Diurne;3;0;0;0;12,55493;41,89426;-1;2;Autovettura privata;In marcia / fermata / arresto;Conducente;F;Rimandato;0;NON DECEDUTO;Non accertato;Esploso
3725381;6;12/03/2018 10:05;Strada Urbana;VIA PRENESTINA;all'intersezione semaforizzata con;VIA OLEVANO ROMANO;VIA OLEVANO ROMANO;;;Scontro frontale/laterale DX fra veicoli in marcia;Intersezione semaforizzata;Due carreggiate;Asciutto;Asfaltata;Verticale ed orizzontale;Sereno;Normale;Buona;Ore Diurne;3;0;0;0;12,55493;41,89426;-1;2;Autovettura privata;In marcia / fermata / arresto;Passeggero;M;Rimandato;0;NON DECEDUTO;Non accertato;Inesploso
3725385;13;09/03/2018 18:50;Statale;VIA OSTIENSE;da specificare;;;; - cofluenza rampa via del Mare dir. GRA;Scontro frontale/laterale SX fra veicoli in marcia;Rettilineo;Una carreggiata a senso unico di marcia;Asciutto;Asfaltata;Verticale ed orizzontale;Sereno;Intenso;Buona;Ore Diurne;0;0;0;2;12,41118;41,80896;-1;1;Autovettura privata;In marcia / fermata / arresto;Conducente;M;Illeso;0;;Non accertato;Inesploso
3725385;13;09/03/2018 18:50;Statale;VIA OSTIENSE;da specificare;;;; - cofluenza rampa via del Mare dir. GRA;Scontro frontale/laterale SX fra veicoli in marcia;Rettilineo;Una carreggiata a senso unico di marcia;Asciutto;Asfaltata;Verticale ed orizzontale;Sereno;Intenso;Buona;Ore Diurne;0;0;0;2;12,41118;41,80896;-1;2;Autovettura privata;In marcia / fermata / arresto;Conducente;M;Illeso;0;;Non accertato;Inesploso
3725413;12;10/03/2018 15:00;Strada Urbana;VIA DI PORTA MEDAGLIA;in prossimità;;del civico n.;150;;Veicolo in marcia contro ostacolo accidentale;Rettilineo;Una carreggiata a doppio senso;Asciutto;Con buche;Verticale;Nuvoloso;Scarso;Buona;Ore Diurne;0;0;0;1;12,52883;41,75721;-1;1;Autovettura privata;In marcia / fermata / arresto;Conducente;M;Illeso;0;;Utilizzato;Inesploso
3725425;12;11/03/2018 06:05;Provinciale;VIA DI CASTEL DI LEVA;da specificare;;;;100mt dopo Via Ardeatina dir. Divino Amore;Veicolo in marcia contro ostacolo fisso;Rettilineo;Una carreggiata a doppio senso;Bagnato (umidità in atto);Con buche;Orizzontale;Vento forte;Scarso;Sufficiente;Ore Diurne;0;0;0;1;12,51511;41,78693;-1;1;Autobus urbano;In marcia / fermata / arresto;Conducente;M;Illeso;0;;Utilizzato;Inesploso
3725445;16;09/03/2018 09:45;Strada Urbana;LUNGOTEVERE DEGLI INVENTORI;da specificare;;;;in corrispondenza fronte civico 24;Scontro frontale/laterale SX fra veicoli in marcia;Rettilineo;Una carreggiata a senso unico di marcia;Asciutto;Asfaltata;Verticale ed orizzontale;Sereno;Normale;Buona;Ore Diurne;0;0;0;2;12,46713;41,8611;-1;1;Autovettura privata;In marcia / fermata / arresto;Conducente;F;Illeso;0;;Non accertato;Inesploso
3725445;16;09/03/2018 09:45;Strada Urbana;LUNGOTEVERE DEGLI INVENTORI;da specificare;;;;in corrispondenza fronte civico 24;Scontro frontale/laterale SX fra veicoli in marcia;Rettilineo;Una carreggiata a senso unico di marcia;Asciutto;Asfaltata;Verticale ed orizzontale;Sereno;Normale;Buona;Ore Diurne;0;0;0;2;12,46713;41,8611;-1;2;Autovettura privata;In marcia / fermata / arresto;Conducente;F;Illeso;0;;Non accertato;Inesploso
3725453;16;08/03/2018 14:15;Strada Urbana;VIA AURELIA ANTICA;in prossimità;;del civico n.;437;;Scontro laterale fra veicoli in marcia;Rettilineo;Una carreggiata a doppio senso;Asciutto;Asfaltata;Verticale ed orizzontale;Sereno;Normale;Buona;Ore Diurne;0;0;0;2;12,4238;41,88898;-1;1;Autovettura privata;In marcia / fermata / arresto;Conducente;F;Illeso;0;;Non accertato;Inesploso
3725453;16;08/03/2018 14:15;Strada Urbana;VIA AURELIA ANTICA;in prossimità;;del civico n.;437;;Scontro laterale fra veicoli in marcia;Rettilineo;Una carreggiata a doppio senso;Asciutto;Asfaltata;Verticale ed orizzontale;Sereno;Normale;Buona;Ore Diurne;0;0;0;2;12,4238;41,88898;-1;2;Autoambulanza;In marcia / fermata / arresto;Conducente;M;Illeso;0;;Non accertato;Inesploso
3725491;12;11/03/2018 11:00;Strada Urbana;VIA DEL PIANETA TERRA;all'intersezione con;VIA DI DECIMA;VIA DI DECIMA;;;Infortunio per caduta del veicolo;Incrocio;Una carreggiata a senso unico di marcia;Asciutto;Asfaltata;Verticale ed orizzontale;Sereno;Normale;Buona;Ore Diurne;0;0;0;1;12,44544;41,8175;-1;1;Velocipede;In marcia / fermata / arresto;Conducente;M;Illeso;0;;Esente;
3725501;10;12/03/2018 11:35;Strada Urbana;VIALE BRUNO PELIZZI;all'intersezione semaforizzata con;VIALE ROLANDO VIGNALI;VIALE ROLANDO VIGNALI;;;Scontro frontale/laterale DX fra veicoli in marcia;Incrocio;Due carreggiate;Asciutto;Asfaltata;Verticale ed orizzontale;Nuvoloso;Normale;Buona;Ore Diurne;0;0;0;3;12,58147;41,85812;-1;1;Autovettura privata;In marcia / fermata / arresto;Conducente;M;Illeso;0;;Non accertato;Inesploso
3725501;10;12/03/2018 11:35;Strada Urbana;VIALE BRUNO PELIZZI;all'intersezione semaforizzata con;VIALE ROLANDO VIGNALI;VIALE ROLANDO VIGNALI;;;Scontro frontale/laterale DX fra veicoli in marcia;Incrocio;Due carreggiate;Asciutto;Asfaltata;Verticale ed orizzontale;Nuvoloso;Normale;Buona;Ore Diurne;0;0;0;3;12,58147;41,85812;-1;1;Autovettura privata;In marcia / fermata / arresto;Passeggero;M;Illeso;0;;Non accertato;Inesploso
3725501;10;12/03/2018 11:35;Strada Urbana;VIALE BRUNO PELIZZI;all'intersezione semaforizzata con;VIALE ROLANDO VIGNALI;VIALE ROLANDO VIGNALI;;;Scontro frontale/laterale DX fra veicoli in marcia;Incrocio;Due carreggiate;Asciutto;Asfaltata;Verticale ed orizzontale;Nuvoloso;Normale;Buona;Ore Diurne;0;0;0;3;12,58147;41,85812;-1;2;Autocarro inferiore 35 q.;In marcia / fermata / arresto;Conducente;M;Illeso;0;;Non accertato;Inesploso
3725507;11;12/03/2018 13:00;Strada Urbana;VIALE FERDINANDO BALDELLI;all'intersezione semaforizzata con;VIA TULLIO LEVI CIVITA;VIA TULLIO LEVI CIVITA;;;Tamponamento;Intersezione semaforizzata;Due carreggiate;Asciutto;Asfaltata;Verticale ed orizzontale;Sereno;Normale;Buona;Ore Diurne;0;0;0;2;12,47385;41,85713;-1;1;Autovettura privata;In marcia / fermata / arresto;Conducente;M;Illeso;0;;Non accertato;Inesploso
3725507;11;12/03/2018 13:00;Strada Urbana;VIALE FERDINANDO BALDELLI;all'intersezione semaforizzata con;VIA TULLIO LEVI CIVITA;VIA TULLIO LEVI CIVITA;;;Tamponamento;Intersezione semaforizzata;Due carreggiate;Asciutto;Asfaltata;Verticale ed orizzontale;Sereno;Normale;Buona;Ore Diurne;0;0;0;2;12,47385;41,85713;-1;2;Autovettura privata;In marcia / fermata / arresto;Conducente;M;Illeso;0;;Non accertato;Inesploso
3725598;12;11/03/2018 00:40;Provinciale;VIA OSTIENSE;da specificare;;;;altezza VIA DELLA STAZIONE OSTIA ANTICA;Investimento di pedone;Rettilineo;Una carreggiata a doppio senso;Asciutto;Asfaltata;Verticale ed orizzontale;Nuvoloso;Scarso;Buona;Sufficiente;1;0;0;3;;;0;;;;Pedone;M;Ricoverato;0;NON DECEDUTO;;
3725598;12;11/03/2018 00:40;Provinciale;VIA OSTIENSE;da specificare;;;;altezza VIA DELLA STAZIONE OSTIA ANTICA;Investimento di pedone;Rettilineo;Una carreggiata a doppio senso;Asciutto;Asfaltata;Verticale ed orizzontale;Nuvoloso;Scarso;Buona;Sufficiente;1;0;0;3;;;0;1;Autovettura privata;In marcia / fermata / arresto;Conducente;M;Illeso;0;;Non accertato;Inesploso
3725598;12;11/03/2018 00:40;Provinciale;VIA OSTIENSE;da specificare;;;;altezza VIA DELLA STAZIONE OSTIA ANTICA;Investimento di pedone;Rettilineo;Una carreggiata a doppio senso;Asciutto;Asfaltata;Verticale ed orizzontale;Nuvoloso;Scarso;Buona;Sufficiente;1;0;0;3;;;0;1;Autovettura privata;In marcia / fermata / arresto;Passeggero;M;Illeso;0;;Non accertato;Inesploso
3725599;10;12/03/2018 12:40;Strada Urbana;CIRCONVALLAZIONE ORIENTALE;da specificare;;;;intersez.rampa uscita GRA esterna Anagnina ;Scontro laterale fra veicoli in marcia;Rettilineo;Una carreggiata a senso unico di marcia;Asciutto;Asfaltata;Verticale ed orizzontale;Nuvoloso;Intenso;Buona;Ore Diurne;0;0;0;2;12,58891;41,83436;-1;1;Autovettura privata;In marcia / fermata / arresto;Conducente;M;Illeso;0;;Non accertato;Inesploso
3725599;10;12/03/2018 12:40;Strada Urbana;CIRCONVALLAZIONE ORIENTALE;da specificare;;;;intersez.rampa uscita GRA esterna Anagnina ;Scontro laterale fra veicoli in marcia;Rettilineo;Una carreggiata a senso unico di marcia;Asciutto;Asfaltata;Verticale ed orizzontale;Nuvoloso;Intenso;Buona;Ore Diurne;0;0;0;2;12,58891;41,83436;-1;2;Autovettura privata;In marcia / fermata / arresto;Conducente;M;Illeso;0;;Non accertato;Inesploso
3725609;16;09/03/2018 20:40;;VIA DELLA MAGLIANA;in prossimità;;del civico n.;1275;;Veicolo in marcia contro ostacolo accidentale;;;;;;;;;;0;0;0;1;12,35771;41,81756;0;1;Autobus di linea;In marcia / fermata / arresto;Conducente;M;Illeso;0;;Non accertato;
3725636;12;11/03/2018 21:30;Strada Urbana;VIA LAURENTINA;all'intersezione con;LARGO DELLA CECCHIGNOLA;LARGO DELLA CECCHIGNOLA;;;Scontro laterale fra veicoli in marcia;Incrocio;Una carreggiata a doppio senso;Bagnato (pioggia);Asfaltata;Verticale ed orizzontale;Pioggia in atto;Scarso;Buona;Sufficiente;1;0;0;3;12,50918;41,72716;-1;1;Autovettura privata;In marcia / fermata / arresto;Conducente;M;Illeso;0;;Utilizzato;Inesploso
3725636;12;11/03/2018 21:30;Strada Urbana;VIA LAURENTINA;all'intersezione con;LARGO DELLA CECCHIGNOLA;LARGO DELLA CECCHIGNOLA;;;Scontro laterale fra veicoli in marcia;Incrocio;Una carreggiata a doppio senso;Bagnato (pioggia);Asfaltata;Verticale ed orizzontale;Pioggia in atto;Scarso;Buona;Sufficiente;1;0;0;3;12,50918;41,72716;-1;1;Autovettura privata;In marcia / fermata / arresto;Passeggero;F;Illeso;0;;Utilizzato;Inesploso
3725636;12;11/03/2018 21:30;Strada Urbana;VIA LAURENTINA;all'intersezione con;LARGO DELLA CECCHIGNOLA;LARGO DELLA CECCHIGNOLA;;;Scontro laterale fra veicoli in marcia;Incrocio;Una carreggiata a doppio senso;Bagnato (pioggia);Asfaltata;Verticale ed orizzontale;Pioggia in atto;Scarso;Buona;Sufficiente;1;0;0;3;12,50918;41,72716;-1;2;Autovettura privata;In marcia / fermata / arresto;Conducente;M;Illeso;0;;Utilizzato;Inesploso
3725636;12;11/03/2018 21:30;Strada Urbana;VIA LAURENTINA;all'intersezione con;LARGO DELLA CECCHIGNOLA;LARGO DELLA CECCHIGNOLA;;;Scontro laterale fra veicoli in marcia;Incrocio;Una carreggiata a doppio senso;Bagnato (pioggia);Asfaltata;Verticale ed orizzontale;Pioggia in atto;Scarso;Buona;Sufficiente;1;0;0;3;12,50918;41,72716;-1;3;Autovettura privata;In marcia / fermata / arresto;Conducente;F;Rimandato;0;NON DECEDUTO;Utilizzato;Esploso
3725637;18;09/03/2018 17:00;Strada Urbana;VIA GREGORIO VII;all'intersezione semaforizzata con;VIA S. DAMASO;VIA S. DAMASO;;;Scontro frontale/laterale DX fra veicoli in marcia;Intersezione semaforizzata;Più di due carreggiate;Asciutto;Asfaltata;Verticale ed orizzontale;Sereno;Intenso;Buona;Ore Diurne;2;0;0;1;12,44075;41,89633;-1;1;Autovettura privata;In marcia / fermata / arresto;Conducente;M;Illeso;0;;;
3725637;18;09/03/2018 17:00;Strada Urbana;VIA GREGORIO VII;all'intersezione semaforizzata con;VIA S. DAMASO;VIA S. DAMASO;;;Scontro frontale/laterale DX fra veicoli in marcia;Intersezione semaforizzata;Più di due carreggiate;Asciutto;Asfaltata;Verticale ed orizzontale;Sereno;Intenso;Buona;Ore Diurne;2;0;0;1;12,44075;41,89633;-1;2;Motociclo a solo;In marcia / fermata / arresto;Conducente;M;Rimandato;0;NON DECEDUTO;;
3725637;18;09/03/2018 17:00;Strada Urbana;VIA GREGORIO VII;all'intersezione semaforizzata con;VIA S. DAMASO;VIA S. DAMASO;;;Scontro frontale/laterale DX fra veicoli in marcia;Intersezione semaforizzata;Più di due carreggiate;Asciutto;Asfaltata;Verticale ed orizzontale;Sereno;Intenso;Buona;Ore Diurne;2;0;0;1;12,44075;41,89633;-1;3;Motociclo a solo;In marcia / fermata / arresto;Conducente;M;Rimandato;0;NON DECEDUTO;;
3725640;16;10/03/2018 11:00;Strada Urbana;VIALE ISACCO NEWTON;da specificare;;;;PROSSIMITA' RAMPA ACCESSO VIA PORTUENSE;Veicolo in marcia contro ostacolo accidentale;Rettilineo;Due carreggiate;Asciutto;Asfaltata;Verticale ed orizzontale;Nuvoloso;Normale;Buona;Ore Diurne;0;0;0;1;12,44238;41,84875;-1;1;Autovettura privata;In marcia / fermata / arresto;Conducente;M;Illeso;0;;Non accertato;
3725645;18;10/03/2018 22:00;Strada Urbana;VIA LEONE XIII;in prossimità;;del civico n.;464;;Veicolo in marcia contro ostacolo accidentale;Rettilineo;Due carreggiate;Asciutto;Asfaltata;Verticale ed orizzontale;Sereno;Normale;Sufficiente;Sufficiente;0;0;0;2;12,43764;41,89347;-1;1;Autovettura privata;In marcia / fermata / arresto;Conducente;M;Illeso;0;;;
3725645;18;10/03/2018 22:00;Strada Urbana;VIA LEONE XIII;in prossimità;;del civico n.;464;;Veicolo in marcia contro ostacolo accidentale;Rettilineo;Due carreggiate;Asciutto;Asfaltata;Verticale ed orizzontale;Sereno;Normale;Sufficiente;Sufficiente;0;0;0;2;12,43764;41,89347;-1;1;Autovettura privata;In marcia / fermata / arresto;Passeggero;F;Illeso;0;;;
3725650;16;10/03/2018 16:30;Strada Urbana;VIA DELLA MASSIMILLA;in corrispondenza;;del civico n.;FC.8;;Scontro laterale fra veicoli in marcia;Rettilineo;Una carreggiata a doppio senso;Asciutto;Asfaltata;Assente;Sereno;Normale;Buona;Ore Diurne;0;0;0;3;12,34981;41,88071;-1;1;Motociclo con passeggero;In marcia / fermata / arresto;Conducente;M;Illeso;0;;Non accertato;
3725650;16;10/03/2018 16:30;Strada Urbana;VIA DELLA MASSIMILLA;in corrispondenza;;del civico n.;FC.8;;Scontro laterale fra veicoli in marcia;Rettilineo;Una carreggiata a doppio senso;Asciutto;Asfaltata;Assente;Sereno;Normale;Buona;Ore Diurne;0;0;0;3;12,34981;41,88071;-1;1;Motociclo con passeggero;In marcia / fermata / arresto;Passeggero;M;Illeso;0;;Non accertato;
3725650;16;10/03/2018 16:30;Strada Urbana;VIA DELLA MASSIMILLA;in corrispondenza;;del civico n.;FC.8;;Scontro laterale fra veicoli in marcia;Rettilineo;Una carreggiata a doppio senso;Asciutto;Asfaltata;Assente;Sereno;Normale;Buona;Ore Diurne;0;0;0;3;12,34981;41,88071;-1;2;Autovettura privata;In marcia / fermata / arresto;Conducente;M;Illeso;0;;Non accertato;Inesploso
3725656;18;10/03/2018 18:40;Statale entro l'abitato;VIA AURELIA;in prossimità;;del civico n.;699;;Veicolo in marcia contro ostacolo accidentale;Rettilineo;Una carreggiata a doppio senso;Asciutto;Con buche;Verticale ed orizzontale;Nuvoloso;Intenso;Sufficiente;Sufficiente;0;0;0;2;12,41484;41,89263;-1;1;Autovettura privata;In marcia / fermata / arresto;Conducente;M;Illeso;0;;;
3725656;18;10/03/2018 18:40;Statale entro l'abitato;VIA AURELIA;in prossimità;;del civico n.;699;;Veicolo in marcia contro ostacolo accidentale;Rettilineo;Una carreggiata a doppio senso;Asciutto;Con buche;Verticale ed orizzontale;Nuvoloso;Intenso;Sufficiente;Sufficiente;0;0;0;2;12,41484;41,89263;-1;1;Autovettura privata;In marcia / fermata / arresto;Passeggero;F;Illeso;0;;;
3725668;18;10/03/2018 15:40;Statale entro l'abitato;VIA AURELIA;in prossimità;;della chilometrica;8.9;;Veicolo in marcia contro ostacolo accidentale;Curva a visuale libera;Due carreggiate;Asciutto;Con buche;Verticale ed orizzontale;Nuvoloso;Normale;Buona;Ore Diurne;0;0;0;2;12,38873;41,88752;-1;1;Autovettura privata;In marcia / fermata / arresto;Conducente;M;Illeso;0;;;
3725668;18;10/03/2018 15:40;Statale entro l'abitato;VIA AURELIA;in prossimità;;della chilometrica;8.9;;Veicolo in marcia contro ostacolo accidentale;Curva a visuale libera;Due carreggiate;Asciutto;Con buche;Verticale ed orizzontale;Nuvoloso;Normale;Buona;Ore Diurne;0;0;0;2;12,38873;41,88752;-1;1;Autovettura privata;In marcia / fermata / arresto;Passeggero;M;Illeso;0;;;
3725675;18;11/03/2018 12:50;Strada Urbana;VIA DI CASAL DEL MARMO;in prossimità;;del civico n.;706;;Veicolo in marcia contro ostacolo accidentale;Curva senza visuale libera;Una carreggiata a doppio senso;Asciutto;Con buche;Assente;Nuvoloso;Normale;Buona;Ore Diurne;0;0;0;1;12,38257;41,91988;-1;1;Autovettura privata;In marcia / fermata / arresto;Conducente;M;Illeso;0;;;
3725676;16;10/03/2018 20:35;Strada Urbana;VIA DEGLI STRADIVARI;in prossimità;;del civico n.;1;;Investimento di pedone;Rettilineo;Una carreggiata a doppio senso;Asciutto;Asfaltata;Verticale ed orizzontale;Sereno;Normale;Buona;Sufficiente;1;0;0;2;12,46841;41,87457;-1;;;;Pedone;M;Rimandato;0;NON DECEDUTO;;
3725676;16;10/03/2018 20:35;Strada Urbana;VIA DEGLI STRADIVARI;in prossimità;;del civico n.;1;;Investimento di pedone;Rettilineo;Una carreggiata a doppio senso;Asciutto;Asfaltata;Verticale ed orizzontale;Sereno;Normale;Buona;Sufficiente;1;0;0;2;12,46841;41,87457;-1;1;Autovettura privata;In marcia / fermata / arresto;Conducente;M;Illeso;0;;Non accertato;Inesploso
3725676;16;10/03/2018 20:35;Strada Urbana;VIA DEGLI STRADIVARI;in prossimità;;del civico n.;1;;Investimento di pedone;Rettilineo;Una carreggiata a doppio senso;Asciutto;Asfaltata;Verticale ed orizzontale;Sereno;Normale;Buona;Sufficiente;1;0;0;2;12,46841;41,87457;-1;1;Autovettura privata;In marcia / fermata / arresto;Passeggero;F;Illeso;0;;Non accertato;Inesploso
3725698;12;12/03/2018 02:10;Strada Urbana;VIA PONTINA  (CARREGGIATA COMPLANARE);da specificare;;;;prossimità VIA TUMIATI;Veicolo in marcia contro ostacolo accidentale;Rettilineo;Una carreggiata a doppio senso;Bagnato (umidità in atto);Asfaltata;Verticale ed orizzontale;Sereno;Scarso;Sufficiente;Sufficiente;0;0;0;3;12,45269;41,79601;-1;1;Autovettura privata;In marcia / fermata / arresto;Passeggero;M;Illeso;0;;Non accertato;
3725698;12;12/03/2018 02:10;Strada Urbana;VIA PONTINA  (CARREGGIATA COMPLANARE);da specificare;;;;prossimità VIA TUMIATI;Veicolo in marcia contro ostacolo accidentale;Rettilineo;Una carreggiata a doppio senso;Bagnato (umidità in atto);Asfaltata;Verticale ed orizzontale;Sereno;Scarso;Sufficiente;Sufficiente;0;0;0;3;12,45269;41,79601;-1;1;Autovettura privata;In marcia / fermata / arresto;Conducente;M;Illeso;0;;Non accertato;Inesploso
3725698;12;12/03/2018 02:10;Strada Urbana;VIA PONTINA  (CARREGGIATA COMPLANARE);da specificare;;;;prossimità VIA TUMIATI;Veicolo in marcia contro ostacolo accidentale;Rettilineo;Una carreggiata a doppio senso;Bagnato (umidità in atto);Asfaltata;Verticale ed orizzontale;Sereno;Scarso;Sufficiente;Sufficiente;0;0;0;3;12,45269;41,79601;-1;1;Autovettura privata;In marcia / fermata / arresto;Passeggero;M;Illeso;0;;Non accertato;