Protocollo;Gruppo;DataOraIncidente;Localizzazione1;STRADA1;Localizzazione2;STRADA2;Strada02;Chilometrica;DaSpecificare;NaturaIncidente;particolaritastrade;TipoStrada;FondoStradale;Pavimentazione;Segnaletica;CondizioneAtmosferica;Traffico;Visibilita;Illuminazione;NUM_FERITI;NUM_RISERVATA;NUM_MORTI;NUM_ILLESI;Longitudine;Latitudine;Confermato;Progressivo;TipoVeicolo;StatoVeicolo;TipoPersona;Sesso;Tipolesione;Deceduto;DecedutoDopo;CinturaCascoUtilizzato;Airbag
3728640;8;13/03/2018 10:15;;VIA AMICO ASPERTINI;in corrispondenza;;del civico n.;510;;Veicolo in marcia contro ostacolo accidentale;;;;;;;;;;0;0;0;2;12,6376;41,86489;0;1;Autovettura privata;In marcia / fermata / arresto;Passeggero;F;Illeso;0;;Non accertato;Inesploso
3728642;18;09/03/2018 10:10;Strada Urbana;VIA DI BOCCEA;all'intersezione con;VIA DI TORREVECCHIA;VIA DI TORREVECCHIA;;;Veicolo in marcia contro ostacolo accidentale;Incrocio;Due carreggiate;Asciutto;Asfaltata;Verticale ed orizzontale;Sereno;Normale;Buona;Ore Diurne;0;0;0;2;12,39893;41,91093;-1;1;Autovettura privata;In marcia / fermata / arresto;Conducente;M;Illeso;0;;;
3728642;18;09/03/2018 10:10;Strada Urbana;VIA DI BOCCEA;all'intersezione con;VIA DI TORREVECCHIA;VIA DI TORREVECCHIA;;;Veicolo in marcia contro ostacolo accidentale;Incrocio;Due carreggiate;Asciutto;Asfaltata;Verticale ed orizzontale;Sereno;Normale;Buona;Ore Diurne;0;0;0;2;12,39893;41,91093;-1;1;Autovettura privata;In marcia / fermata / arresto;Passeggero;M;Illeso;0;;;
3728645;3;09/03/2018 20:46;Strada Urbana;PIAZZALE DI PORTA PIA;all'intersezione semaforizzata con;VIA NOMENTANA;VIA NOMENTANA;;;Scontro frontale/laterale DX fra veicoli in marcia;Intersezione semaforizzata;Una carreggiata a doppio senso;Asciutto;Asfaltata;Verticale ed orizzontale;Sereno;Scarso;Sufficiente;Insufficiente;2;0;0;1;12,50159;41,90968;-1;1;Autovettura privata;In marcia / fermata / arresto;Conducente;M;Illeso;0;;Non accertato;Inesploso
3728645;3;09/03/2018 20:46;Strada Urbana;PIAZZALE DI PORTA PIA;all'intersezione semaforizzata con;VIA NOMENTANA;VIA NOMENTANA;;;Scontro frontale/laterale DX fra veicoli in marcia;Intersezione semaforizzata;Una carreggiata a doppio senso;Asciutto;Asfaltata;Verticale ed orizzontale;Sereno;Scarso;Sufficiente;Insufficiente;2;0;0;1;12,50159;41,90968;-1;2;Quadriciclo leggero;In marcia / fermata / arresto;Conducente;F;Rimandato;0;NON DECEDUTO;Non accertato;Inesploso
3728645;3;09/03/2018 20:46;Strada Urbana;PIAZZALE DI PORTA PIA;all'intersezione semaforizzata con;VIA NOMENTANA;VIA NOMENTANA;;;Scontro frontale/laterale DX fra veicoli in marcia;Intersezione semaforizzata;Una carreggiata a doppio senso;Asciutto;Asfaltata;Verticale ed orizzontale;Sereno;Scarso;Sufficiente;Insufficiente;2;0;0;1;12,50159;41,90968;-1;2;Quadriciclo leggero;In marcia / fermata / arresto;Passeggero;F;Rimandato;0;NON DECEDUTO;Non accertato;Inesploso
3728658;13;13/03/2018 13:15;;LUNGOMARE DUILIO;all'intersezione semaforizzata con;VIA DELLE PRORE;VIA DELLE PRORE;;;Tamponamento;;;;;;;;;;0;0;0;3;;;0;1;Motociclo con passeggero;In marcia / fermata / arresto;Conducente;M;Illeso;0;;Non accertato;
3728658;13;13/03/2018 13:15;;LUNGOMARE DUILIO;all'intersezione semaforizzata con;VIA DELLE PRORE;VIA DELLE PRORE;;;Tamponamento;;;;;;;;;;0;0;0;3;;;0;1;Motociclo con passeggero;In marcia / fermata / arresto;Passeggero;F;Illeso;0;;;
3728658;13;13/03/2018 13:15;;LUNGOMARE DUILIO;all'intersezione semaforizzata con;VIA DELLE PRORE;VIA DELLE PRORE;;;Tamponamento;;;;;;;;;;0;0;0;3;;;0;2;Autovettura privata;In marcia / fermata / arresto;Conducente;F;Illeso;0;;Non accertato;Inesploso
3728659;8;13/03/2018 17:30;Strada Urbana;VIA DELLE RUPICOLE;in corrispondenza;;del civico n.;6;;Veicolo in marcia contro ostacolo accidentale;Curva senza visuale libera;Una carreggiata a doppio senso;Asciutto;Asfaltata;Assente;Sereno;Normale;Buona;Ore Diurne;0;0;0;1;12,59603;41,85888;-1;1;Autocarro inferiore 35 q.;In marcia / fermata / arresto;Conducente;M;Illeso;0;;Non accertato;Inesploso
3728662;17;13/03/2018 16:00;Strada Urbana;VIALE VATICANO;in corrispondenza;;del civico n.;78;;Veicolo in marcia contro veicoli in sosta;Rettilineo;Una carreggiata a doppio senso;Asciutto;Asfaltata;Assente;Sereno;Normale;Sufficiente;Ore Diurne;1;0;0;0;12,45003;41,90605;-1;1;Autovettura privata;In marcia / fermata / arresto;Conducente;F;Rimandato;0;NON DECEDUTO;Utilizzato;Esploso
3728663;3;10/03/2018 11:20;Strada Urbana;VIA CREMONA;da specificare;;;;fronte civ. 71;Veicolo in marcia contro veicoli in arresto;Rettilineo;Una carreggiata a senso unico di marcia;Asciutto;Asfaltata;Verticale ed orizzontale;Sereno;Scarso;Buona;Ore Diurne;0;0;0;2;12,51971;41,91153;-1;1;Autocarro inferiore 35 q.;In marcia / fermata / arresto;Conducente;M;Illeso;0;;Non accertato;Inesploso
3728663;3;10/03/2018 11:20;Strada Urbana;VIA CREMONA;da specificare;;;;fronte civ. 71;Veicolo in marcia contro veicoli in arresto;Rettilineo;Una carreggiata a senso unico di marcia;Asciutto;Asfaltata;Verticale ed orizzontale;Sereno;Scarso;Buona;Ore Diurne;0;0;0;2;12,51971;41,91153;-1;2;Autovettura privata;In marcia / fermata / arresto;Conducente;M;Illeso;0;;Non accertato;Inesploso
3728665;8;14/03/2018 02:10;Strada Urbana;VIA DEL PONTE DI NONA;in prossimità;;del palo luce n.;46;;Veicolo in marcia contro ostacolo accidentale;Rettilineo;Una carreggiata a doppio senso;Asciutto;Con buche;Orizzontale;Sereno;Scarso;Buona;Sufficiente;0;0;0;1;12,66118;41,89939;-1;1;Autovettura privata;In marcia / fermata / arresto;Conducente;M;Illeso;0;;Non accertato;Inesploso
3728681;4;13/03/2018 17:20;Strada Urbana;VIA ARTURO GRAF;in corrispondenza;;del civico n.;11;;Scontro laterale fra veicoli in marcia;Rettilineo;Due carreggiate;Asciutto;Asfaltata;Orizzontale;Sereno;Normale;Buona;Ore Diurne;0;0;0;3;12,55238;41,9416;-1;1;Autovettura privata;In marcia / fermata / arresto;Conducente;M;Illeso;0;;;
3728681;4;13/03/2018 17:20;Strada Urbana;VIA ARTURO GRAF;in corrispondenza;;del civico n.;11;;Scontro laterale fra veicoli in marcia;Rettilineo;Due carreggiate;Asciutto;Asfaltata;Orizzontale;Sereno;Normale;Buona;Ore Diurne;0;0;0;3;12,55238;41,9416;-1;1;Autovettura privata;In marcia / fermata / arresto;Passeggero;F;Illeso;0;;;
3728681;4;13/03/2018 17:20;Strada Urbana;VIA ARTURO GRAF;in corrispondenza;;del civico n.;11;;Scontro laterale fra veicoli in marcia;Rettilineo;Due carreggiate;Asciutto;Asfaltata;Orizzontale;Sereno;Normale;Buona;Ore Diurne;0;0;0;3;12,55238;41,9416;-1;2;Motociclo a solo;In marcia / fermata / arresto;Conducente;M;Illeso;0;;;
3728688;18;13/03/2018 14:15;Strada Urbana;PIAZZA S. GIOVANNI BATTISTA DE LA SALLE;all'intersezione con;VIA AURELIA;VIA AURELIA;;;Scontro frontale/laterale SX fra veicoli in marcia;Intersezione semaforizzata;Due carreggiate;Asciutto;Asfaltata;Verticale ed orizzontale;Sereno;Normale;Buona;Ore Diurne;0;0;0;2;12,42743;41,89859;-1;1;Autovettura privata;In marcia / fermata / arresto;Conducente;F;Illeso;0;;;
3728688;18;13/03/2018 14:15;Strada Urbana;PIAZZA S. GIOVANNI BATTISTA DE LA SALLE;all'intersezione con;VIA AURELIA;VIA AURELIA;;;Scontro frontale/laterale SX fra veicoli in marcia;Intersezione semaforizzata;Due carreggiate;Asciutto;Asfaltata;Verticale ed orizzontale;Sereno;Normale;Buona;Ore Diurne;0;0;0;2;12,42743;41,89859;-1;2;Motociclo a solo;In marcia / fermata / arresto;Conducente;M;Illeso;0;;;
3728690;8;13/03/2018 20:00;Strada Urbana;VIA CASILINA;all'intersezione con;VIA DI GROTTE CELONI;VIA DI GROTTE CELONI;;;Veicolo in marcia contro ostacolo accidentale;Incrocio;Due carreggiate;Asciutto;Asfaltata;Verticale ed orizzontale;Sereno;Normale;Sufficiente;Sufficiente;0;0;0;2;12,6517;41,8638;-1;1;Autovettura privata;In marcia / fermata / arresto;Conducente;M;Illeso;0;;Non accertato;Inesploso
3728690;8;13/03/2018 20:00;Strada Urbana;VIA CASILINA;all'intersezione con;VIA DI GROTTE CELONI;VIA DI GROTTE CELONI;;;Veicolo in marcia contro ostacolo accidentale;Incrocio;Due carreggiate;Asciutto;Asfaltata;Verticale ed orizzontale;Sereno;Normale;Sufficiente;Sufficiente;0;0;0;2;12,6517;41,8638;-1;1;Autovettura privata;In marcia / fermata / arresto;Passeggero;F;Illeso;0;;Non accertato;
3728693;3;10/03/2018 00:50;Strada Urbana;VIALE DELLO SCALO S. LORENZO;all'intersezione con;VIA DEI SARDI;VIA DEI SARDI;;;Scontro frontale/laterale DX fra veicoli in marcia;Incrocio;Una carreggiata a senso unico di marcia;Asciutto;Asfaltata;Verticale ed orizzontale;Sereno;Normale;Sufficiente;Sufficiente;0;0;0;3;12,5204;41,89671;0;1;Autovettura privata;In marcia / fermata / arresto;Conducente;F;Illeso;0;;;
3728693;3;10/03/2018 00:50;Strada Urbana;VIALE DELLO SCALO S. LORENZO;all'intersezione con;VIA DEI SARDI;VIA DEI SARDI;;;Scontro frontale/laterale DX fra veicoli in marcia;Incrocio;Una carreggiata a senso unico di marcia;Asciutto;Asfaltata;Verticale ed orizzontale;Sereno;Normale;Sufficiente;Sufficiente;0;0;0;3;12,5204;41,89671;0;1;Autovettura privata;In marcia / fermata / arresto;Passeggero;F;Illeso;0;;;
3728693;3;10/03/2018 00:50;Strada Urbana;VIALE DELLO SCALO S. LORENZO;all'intersezione con;VIA DEI SARDI;VIA DEI SARDI;;;Scontro frontale/laterale DX fra veicoli in marcia;Incrocio;Una carreggiata a senso unico di marcia;Asciutto;Asfaltata;Verticale ed orizzontale;Sereno;Normale;Sufficiente;Sufficiente;0;0;0;3;12,5204;41,89671;0;2;Autovettura privata;In marcia / fermata / arresto;Conducente;M;Illeso;0;;;
3728695;1;12/03/2018 15:00;Strada Urbana;VIA NAPOLEONE III;all'intersezione semaforizzata con;VIA RATTAZZI;VIA RATTAZZI;;;Investimento di pedone;Intersezione semaforizzata;Più di due carreggiate;Bagnato (pioggia);Asfaltata;Verticale ed orizzontale;Pioggia in atto;Normale;Buona;Ore Diurne;1;0;0;1;12,50234;41,89665;-1;;;;Pedone;F;Rimandato;0;NON DECEDUTO;;
3728695;1;12/03/2018 15:00;Strada Urbana;VIA NAPOLEONE III;all'intersezione semaforizzata con;VIA RATTAZZI;VIA RATTAZZI;;;Investimento di pedone;Intersezione semaforizzata;Più di due carreggiate;Bagnato (pioggia);Asfaltata;Verticale ed orizzontale;Pioggia in atto;Normale;Buona;Ore Diurne;1;0;0;1;12,50234;41,89665;-1;1;Autovettura privata;In marcia / fermata / arresto;Conducente;M;Illeso;0;;Non accertato;Inesploso
3728697;7;14/03/2018 06:30;Strada Urbana;VIALE PALMIRO TOGLIATTI;all'intersezione semaforizzata con;VIA PRENESTINA;VIA PRENESTINA;;;Veicolo in marcia contro ostacolo fisso;Intersezione semaforizzata;Due carreggiate;Asciutto;Asfaltata;Verticale ed orizzontale;Nuvoloso;Intenso;Buona;Ore Diurne;0;0;0;1;12,57467;41,89469;-1;1;Autobus urbano;In marcia / fermata / arresto;Conducente;M;Illeso;0;;Non accertato;Inesploso
3728706;3;12/03/2018 21:50;Strada Urbana;VIALE REGINA ELENA;all'intersezione semaforizzata con;VIALE DELL'UNIVERSITA';VIALE DELL'UNIVERSITA';;;Investimento di pedone;Intersezione semaforizzata;Una carreggiata a doppio senso;Asciutto;Asfaltata;Verticale ed orizzontale;Nuvoloso;Scarso;Sufficiente;Sufficiente;1;0;0;1;;;0;;;;Pedone;M;Ricoverato;0;NON DECEDUTO;;
3728706;3;12/03/2018 21:50;Strada Urbana;VIALE REGINA ELENA;all'intersezione semaforizzata con;VIALE DELL'UNIVERSITA';VIALE DELL'UNIVERSITA';;;Investimento di pedone;Intersezione semaforizzata;Una carreggiata a doppio senso;Asciutto;Asfaltata;Verticale ed orizzontale;Nuvoloso;Scarso;Sufficiente;Sufficiente;1;0;0;1;;;0;1;Autovettura privata;In marcia / fermata / arresto;Conducente;M;Illeso;0;;Non accertato;Inesploso
3728723;20;13/03/2018 22:30;Strada Urbana;VIALE REGINA MARGHERITA;all'intersezione con;VIA BASENTO;VIA BASENTO;;;Scontro laterale fra veicoli in marcia;Intersezione semaforizzata;Una carreggiata a doppio senso;Asciutto;Asfaltata;Verticale ed orizzontale;Sereno;Normale;Buona;Sufficiente;0;0;0;2;12,50071;41,91757;-1;1;Autovettura privata;In marcia / fermata / arresto;Conducente;F;Illeso;0;;;
3728723;20;13/03/2018 22:30;Strada Urbana;VIALE REGINA MARGHERITA;all'intersezione con;VIA BASENTO;VIA BASENTO;;;Scontro laterale fra veicoli in marcia;Intersezione semaforizzata;Una carreggiata a doppio senso;Asciutto;Asfaltata;Verticale ed orizzontale;Sereno;Normale;Buona;Sufficiente;0;0;0;2;12,50071;41,91757;-1;2;Autovettura privata;In marcia / fermata / arresto;Conducente;F;Illeso;0;;;
3728739;2;11/03/2018 01:30;Strada Urbana;VIA NOMENTANA;da specificare;;;;nei pressi svincolo di immissione v. etiopia;Veicolo in marcia contro ostacolo accidentale;Rettilineo;Una carreggiata a doppio senso;Asciutto;Asfaltata;Verticale ed orizzontale;Sereno;Normale;Buona;Ore Diurne;0;0;0;2;12,52641;41,92973;-1;1;Autovettura privata;In marcia / fermata / arresto;Conducente;M;Illeso;0;;;
3728739;2;11/03/2018 01:30;Strada Urbana;VIA NOMENTANA;da specificare;;;;nei pressi svincolo di immissione v. etiopia;Veicolo in marcia contro ostacolo accidentale;Rettilineo;Una carreggiata a doppio senso;Asciutto;Asfaltata;Verticale ed orizzontale;Sereno;Normale;Buona;Ore Diurne;0;0;0;2;12,52641;41,92973;-1;1;Autovettura privata;In marcia / fermata / arresto;Passeggero;F;Illeso;0;;;
3728748;1;12/03/2018 19:00;Strada Urbana;VIA CAVOUR;in prossimità;;del civico n.;65;;Investimento di pedone;Rettilineo;Una carreggiata a doppio senso;Asciutto;Asfaltata;Verticale ed orizzontale;Nuvoloso;Intenso;Sufficiente;Sufficiente;1;0;0;1;12,49789;41,8992;-1;;;;Pedone;M;Rimandato;0;NON DECEDUTO;;
3728748;1;12/03/2018 19:00;Strada Urbana;VIA CAVOUR;in prossimità;;del civico n.;65;;Investimento di pedone;Rettilineo;Una carreggiata a doppio senso;Asciutto;Asfaltata;Verticale ed orizzontale;Nuvoloso;Intenso;Sufficiente;Sufficiente;1;0;0;1;12,49789;41,8992;-1;1;Motociclo a solo;In marcia / fermata / arresto;Conducente;M;Illeso;0;;;
3728750;5;13/03/2018 07:50;Strada Urbana;VIA DI PORTONACCIO;da specificare;;;;IN PROSSIMITA' VIA LATINO SILVIO;Scontro laterale fra veicoli in marcia;Rettilineo;Due carreggiate;Asciutto;Asfaltata;Assente;Sereno;Intenso;Buona;Ore Diurne;0;0;0;2;12,54135;41,89625;-1;1;Autovettura privata;In marcia / fermata / arresto;Conducente;M;Illeso;0;;Non accertato;Inesploso
3728750;5;13/03/2018 07:50;Strada Urbana;VIA DI PORTONACCIO;da specificare;;;;IN PROSSIMITA' VIA LATINO SILVIO;Scontro laterale fra veicoli in marcia;Rettilineo;Due carreggiate;Asciutto;Asfaltata;Assente;Sereno;Intenso;Buona;Ore Diurne;0;0;0;2;12,54135;41,89625;-1;2;Autocarro inferiore 35 q.;In marcia / fermata / arresto;Conducente;M;Illeso;0;;Non accertato;Inesploso
3728756;2;07/03/2018 07:15;Strada Urbana;CIRCONVALLAZIONE SALARIA;da specificare;;;;dir. S. GIOVANNI ALT. USCITA VIA LIBIA;Veicolo in marcia contro ostacolo fisso;Rettilineo;Due carreggiate;Asciutto;Asfaltata;Verticale ed orizzontale;Sereno;Intenso;Buona;Ore Diurne;0;0;0;1;12,52092;41,93437;-1;1;Autovettura privata;In marcia / fermata / arresto;Conducente;M;Illeso;0;;Non accertato;Inesploso
3728761;2;13/03/2018 14:30;Strada Urbana;VIA FRANCESCO SIACCI;all'intersezione semaforizzata con;PIAZZA PITAGORA;PIAZZA PITAGORA;;;Scontro laterale fra veicoli in marcia;Intersezione semaforizzata;Una carreggiata a doppio senso;Asciutto;Asfaltata;Verticale ed orizzontale;Sereno;Normale;Buona;Ore Diurne;1;0;0;1;12,49039;41,92211;-1;1;Autovettura privata;In marcia / fermata / arresto;Conducente;M;Illeso;0;;Non accertato;
3728761;2;13/03/2018 14:30;Strada Urbana;VIA FRANCESCO SIACCI;all'intersezione semaforizzata con;PIAZZA PITAGORA;PIAZZA PITAGORA;;;Scontro laterale fra veicoli in marcia;Intersezione semaforizzata;Una carreggiata a doppio senso;Asciutto;Asfaltata;Verticale ed orizzontale;Sereno;Normale;Buona;Ore Diurne;1;0;0;1;12,49039;41,92211;-1;2;Ciclomotore;In marcia / fermata / arresto;Conducente;F;Rimandato;0;NON DECEDUTO;;
3728766;23;13/03/2018 08:45;Strada Urbana;VIA UMBERTO GIORDANO;in corrispondenza;;del civico n.;24;;Veicolo in marcia contro ostacolo accidentale;Rettilineo;Una carreggiata a doppio senso;Asciutto;Con buche;Verticale ed orizzontale;Nuvoloso;Scarso;Buona;Ore Diurne;0;0;0;1;12,36467;41,73816;-1;1;Motociclo a solo;In marcia / fermata / arresto;Conducente;M;Illeso;0;;Utilizzato;
3728775;7;14/03/2018 07:20;Strada Urbana;VIALE PALMIRO TOGLIATTI;da specificare;;;;altezza svincolo Piazza PINO PASCALI;Veicolo in marcia contro ostacolo fisso;Curva a visuale libera;Due carreggiate;Asciutto;Asfaltata;Verticale ed orizzontale;Nuvoloso;Scarso;Buona;Ore Diurne;0;0;0;1;12,57462;41,89722;-1;1;Autovettura privata;In marcia / fermata / arresto;Conducente;M;Illeso;0;;Non accertato;Inesploso
3728776;20;13/03/2018 07:00;Regionale;VIA FLAMINIA;in prossimità;;del civico n.;1937;;Tamponamento Multiplo;Rettilineo;Una carreggiata a doppio senso;Asciutto;Asfaltata;Verticale ed orizzontale;Sereno;Intenso;Buona;Ore Diurne;2;0;0;2;12,48744;42,056;-1;1;Autovettura privata;In marcia / fermata / arresto;Conducente;M;Rimandato;0;NON DECEDUTO;;
3728776;20;13/03/2018 07:00;Regionale;VIA FLAMINIA;in prossimità;;del civico n.;1937;;Tamponamento Multiplo;Rettilineo;Una carreggiata a doppio senso;Asciutto;Asfaltata;Verticale ed orizzontale;Sereno;Intenso;Buona;Ore Diurne;2;0;0;2;12,48744;42,056;-1;2;Autovettura privata;In marcia / fermata / arresto;Conducente;M;Rimandato;0;NON DECEDUTO;;
3728776;20;13/03/2018 07:00;Regionale;VIA FLAMINIA;in prossimità;;del civico n.;1937;;Tamponamento Multiplo;Rettilineo;Una carreggiata a doppio senso;Asciutto;Asfaltata;Verticale ed orizzontale;Sereno;Intenso;Buona;Ore Diurne;2;0;0;2;12,48744;42,056;-1;2;Autovettura privata;In marcia / fermata / arresto;Passeggero;M;Illeso;0;;;
3728776;20;13/03/2018 07:00;Regionale;VIA FLAMINIA;in prossimità;;del civico n.;1937;;Tamponamento Multiplo;Rettilineo;Una carreggiata a doppio senso;Asciutto;Asfaltata;Verticale ed orizzontale;Sereno;Intenso;Buona;Ore Diurne;2;0;0;2;12,48744;42,056;-1;3;Autocarro superiore 35 q.;In marcia / fermata / arresto;Conducente;M;Illeso;0;;Non accertato;
3728781;2;13/03/2018 09:40;Strada Urbana;LARGO BANGLADESH;da specificare;;;;PROSS. VIA PANAMA;Scontro laterale fra veicoli in marcia;Rotatoria;Una carreggiata a doppio senso;Asciutto;Asfaltata;Verticale ed orizzontale;Sereno;Intenso;Buona;Ore Diurne;1;0;0;3;12,49802;41,92479;-1;1;Motociclo a solo;In marcia / fermata / arresto;Conducente;M;Ricoverato;0;NON DECEDUTO;Non accertato;
3728781;2;13/03/2018 09:40;Strada Urbana;LARGO BANGLADESH;da specificare;;;;PROSS. VIA PANAMA;Scontro laterale fra veicoli in marcia;Rotatoria;Una carreggiata a doppio senso;Asciutto;Asfaltata;Verticale ed orizzontale;Sereno;Intenso;Buona;Ore Diurne;1;0;0;3;12,49802;41,92479;-1;2;Autovettura privata;In marcia / fermata / arresto;Conducente;M;Illeso;0;;Non accertato;Inesploso
3728781;2;13/03/2018 09:40;Strada Urbana;LARGO BANGLADESH;da specificare;;;;PROSS. VIA PANAMA;Scontro laterale fra veicoli in marcia;Rotatoria;Una carreggiata a doppio senso;Asciutto;Asfaltata;Verticale ed orizzontale;Sereno;Intenso;Buona;Ore Diurne;1;0;0;3;12,49802;41,92479;-1;2;Autovettura privata;In marcia / fermata / arresto;Passeggero;F;Illeso;0;;Non accertato;Inesploso
3728781;2;13/03/2018 09:40;Strada Urbana;LARGO BANGLADESH;da specificare;;;;PROSS. VIA PANAMA;Scontro laterale fra veicoli in marcia;Rotatoria;Una carreggiata a doppio senso;Asciutto;Asfaltata;Verticale ed orizzontale;Sereno;Intenso;Buona;Ore Diurne;1;0;0;3;12,49802;41,92479;-1;2;Autovettura privata;In marcia / fermata / arresto;Passeggero;F;Illeso;0;;Non accertato;Inesploso
3728790;23;13/03/2018 09:00;Strada Urbana;PIAZZA DELLA ROVERE;all'intersezione con;VIA DELLA LUNGARA;VIA DELLA LUNGARA;;;Veicolo in marcia contro ostacolo fisso;Intersezione stradale segnalata;Una carreggiata a senso unico di marcia;Asciutto;Asfaltata;Verticale ed orizzontale;Sereno;Intenso;Buona;Ore Diurne;0;0;0;1;12,46229;41,89815;0;1;Autobus turistico;In marcia / fermata / arresto;Conducente;M;Illeso;0;;Utilizzato;Inesploso
3728793;20;13/03/2018 10:50;Strada Urbana;VIALE CORTINA D'AMPEZZO;all'intersezione con;VIA MISURINA;VIA MISURINA;;;Scontro frontale/laterale SX fra veicoli in marcia;Intersezione stradale segnalata;Una carreggiata a doppio senso;Asciutto;Asfaltata;Verticale ed orizzontale;Sereno;Normale;Buona;Ore Diurne;1;0;0;2;12,44368;41,94779;-1;1;Autovettura privata;In marcia / fermata / arresto;Conducente;F;Illeso;0;;;
3728793;20;13/03/2018 10:50;Strada Urbana;VIALE CORTINA D'AMPEZZO;all'intersezione con;VIA MISURINA;VIA MISURINA;;;Scontro frontale/laterale SX fra veicoli in marcia;Intersezione stradale segnalata;Una carreggiata a doppio senso;Asciutto;Asfaltata;Verticale ed orizzontale;Sereno;Normale;Buona;Ore Diurne;1;0;0;2;12,44368;41,94779;-1;1;Autovettura privata;In marcia / fermata / arresto;Passeggero;M;Illeso;0;;;
3728793;20;13/03/2018 10:50;Strada Urbana;VIALE CORTINA D'AMPEZZO;all'intersezione con;VIA MISURINA;VIA MISURINA;;;Scontro frontale/laterale SX fra veicoli in marcia;Intersezione stradale segnalata;Una carreggiata a doppio senso;Asciutto;Asfaltata;Verticale ed orizzontale;Sereno;Normale;Buona;Ore Diurne;1;0;0;2;12,44368;41,94779;-1;2;Motociclo a solo;In marcia / fermata / arresto;Conducente;F;Rimandato;0;NON DECEDUTO;;
3728795;2;13/03/2018 11:05;Strada Urbana;VIALE ETIOPIA;all'intersezione con;VIA ENDERTA';VIA ENDERTA';;;Scontro frontale/laterale DX fra veicoli in marcia;Intersezione stradale segnalata;Una carreggiata a doppio senso;Asciutto;Asfaltata;Verticale ed orizzontale;Sereno;Intenso;Buona;Ore Diurne;1;0;0;1;12,52397;41,93117;-1;1;Motociclo a solo;In marcia / fermata / arresto;Conducente;M;Rimandato;0;NON DECEDUTO;Non accertato;
3728795;2;13/03/2018 11:05;Strada Urbana;VIALE ETIOPIA;all'intersezione con;VIA ENDERTA';VIA ENDERTA';;;Scontro frontale/laterale DX fra veicoli in marcia;Intersezione stradale segnalata;Una carreggiata a doppio senso;Asciutto;Asfaltata;Verticale ed orizzontale;Sereno;Intenso;Buona;Ore Diurne;1;0;0;1;12,52397;41,93117;-1;2;Autovettura privata;In marcia / fermata / arresto;Conducente;M;Illeso;0;;Non accertato;Inesploso
3728808;1;13/03/2018 08:25;Strada Urbana;VIA DEL TRAFORO;all'intersezione semaforizzata con;LARGO DEL TRITONE;LARGO DEL TRITONE;;;Scontro laterale fra veicoli in marcia;Intersezione semaforizzata;Una carreggiata a doppio senso;Asciutto;Asfaltata;Verticale ed orizzontale;Sereno;Intenso;Buona;Ore Diurne;0;0;0;3;12,4861;41,90242;-1;1;Autovettura privata;In marcia / fermata / arresto;Conducente;M;Illeso;0;;Non accertato;Inesploso
3728808;1;13/03/2018 08:25;Strada Urbana;VIA DEL TRAFORO;all'intersezione semaforizzata con;LARGO DEL TRITONE;LARGO DEL TRITONE;;;Scontro laterale fra veicoli in marcia;Intersezione semaforizzata;Una carreggiata a doppio senso;Asciutto;Asfaltata;Verticale ed orizzontale;Sereno;Intenso;Buona;Ore Diurne;0;0;0;3;12,4861;41,90242;-1;1;Autovettura privata;In marcia / fermata / arresto;Passeggero;M;Illeso;0;;Non accertato;Inesploso
3728808;1;13/03/2018 08:25;Strada Urbana;VIA DEL TRAFORO;all'intersezione semaforizzata con;LARGO DEL TRITONE;LARGO DEL TRITONE;;;Scontro laterale fra veicoli in marcia;Intersezione semaforizzata;Una carreggiata a doppio senso;Asciutto;Asfaltata;Verticale ed orizzontale;Sereno;Intenso;Buona;Ore Diurne;0;0;0;3;12,4861;41,90242;-1;2;Autovettura privata;In marcia / fermata / arresto;Conducente;M;Illeso;0;;Non accertato;Inesploso
3728810;1;13/03/2018 16:25;Strada Urbana;PIAZZA D'ARACOELI;in prossimità;;del civico n.;3;;Scontro laterale fra veicoli in marcia;Pendenza;Una carreggiata a senso unico di marcia;Asciutto;In cubetti di porfido;Verticale ed orizzontale;Sereno;Normale;Buona;Ore Diurne;1;0;0;1;12,48134;41,8942;0;1;Autovettura privata;In marcia / fermata / arresto;Conducente;M;Illeso;0;;Non accertato;
3728810;1;13/03/2018 16:25;Strada Urbana;PIAZZA D'ARACOELI;in prossimità;;del civico n.;3;;Scontro laterale fra veicoli in marcia;Pendenza;Una carreggiata a senso unico di marcia;Asciutto;In cubetti di porfido;Verticale ed orizzontale;Sereno;Normale;Buona;Ore Diurne;1;0;0;1;12,48134;41,8942;0;2;Motociclo a solo;In marcia / fermata / arresto;Conducente;M;Rimandato;0;NON DECEDUTO;Non accertato;
3728811;5;13/03/2018 10:30;;VIA COLLEDIMACINE;in prossimità;;del civico n.;55;;Veicolo in marcia contro ostacolo accidentale;;;;;;;;;;0;0;0;1;12,64953;41,93881;0;1;Autovettura privata;In marcia / fermata / arresto;Conducente;F;Illeso;0;;;
3728815;16;13/03/2018 23:00;Strada Urbana;LUNGOTEVERE DEGLI INVENTORI;all'intersezione semaforizzata con;VIALE GUGLIELMO MARCONI;VIALE GUGLIELMO MARCONI;;;Scontro frontale/laterale DX fra veicoli in marcia;Intersezione semaforizzata;Una carreggiata a doppio senso;Asciutto;Asfaltata;Verticale ed orizzontale;Sereno;Normale;Sufficiente;Sufficiente;1;0;0;1;12,46713;41,8611;-1;1;Autovettura privata;In marcia / fermata / arresto;Conducente;M;Illeso;0;;Non accertato;Esploso