Protocollo;Gruppo;DataOraIncidente;Localizzazione1;STRADA1;Localizzazione2;STRADA2;Strada02;Chilometrica;DaSpecificare;NaturaIncidente;particolaritastrade;TipoStrada;FondoStradale;Pavimentazione;Segnaletica;CondizioneAtmosferica;Traffico;Visibilita;Illuminazione;NUM_FERITI;NUM_RISERVATA;NUM_MORTI;NUM_ILLESI;Longitudine;Latitudine;Confermato;Progressivo;TipoVeicolo;StatoVeicolo;TipoPersona;Sesso;Tipolesione;Deceduto;DecedutoDopo;CinturaCascoUtilizzato;Airbag
3729191;12;14/03/2018 12:00;Strada Urbana;VIALE DELL'OCEANO INDIANO;in prossimità;;del civico n.;182;;Investimento di pedone;Rettilineo;Una carreggiata a doppio senso;Asciutto;Asfaltata;Verticale ed orizzontale;Sereno;Normale;Buona;Ore Diurne;1;0;0;1;12,44377;41,82102;-1;;;;Pedone;M;Rimandato;0;NON DECEDUTO;;
3729191;12;14/03/2018 12:00;Strada Urbana;VIALE DELL'OCEANO INDIANO;in prossimità;;del civico n.;182;;Investimento di pedone;Rettilineo;Una carreggiata a doppio senso;Asciutto;Asfaltata;Verticale ed orizzontale;Sereno;Normale;Buona;Ore Diurne;1;0;0;1;12,44377;41,82102;-1;1;Autovettura privata;In marcia / fermata / arresto;Conducente;M;Illeso;0;;Non accertato;Inesploso
3729196;12;14/03/2018 08:45;Provinciale;VIA ARDEATINA;in prossimità;;della chilometrica;18.3;;Veicolo in marcia contro ostacolo accidentale;Curva a visuale libera;Una carreggiata a doppio senso;Asciutto;Con buche;Verticale ed orizzontale;Sereno;Normale;Buona;Ore Diurne;0;0;0;1;12,56072;41,74837;-1;1;Autovettura privata;In marcia / fermata / arresto;Conducente;F;Illeso;0;;Utilizzato;Inesploso
3729360;18;14/03/2018 10:30;Strada Urbana;VIA DI BOCCEA;da specificare;;;;al fronte civico 472 direzione Roma Centro;Veicolo in marcia contro ostacolo accidentale;Rettilineo;Due carreggiate;Asciutto;Asfaltata;Verticale ed orizzontale;Sereno;Scarso;Buona;Ore Diurne;0;0;0;1;12,4013;41,90995;-1;1;Autovettura privata;In marcia / fermata / arresto;Conducente;F;Illeso;0;;;
3729428;6;14/03/2018 15:00;Strada Urbana;VIALE DELLA VENEZIA GIULIA;in corrispondenza;;del civico n.;24;;Scontro laterale fra veicoli in marcia;Rettilineo;Una carreggiata a doppio senso;Asciutto;Asfaltata;Verticale ed orizzontale;Sereno;Scarso;Buona;Ore Diurne;0;0;0;4;12,54872;41,89581;-1;1;Autovettura di polizia;In marcia / fermata / arresto;Conducente;M;Illeso;0;;;Inesploso
3729428;6;14/03/2018 15:00;Strada Urbana;VIALE DELLA VENEZIA GIULIA;in corrispondenza;;del civico n.;24;;Scontro laterale fra veicoli in marcia;Rettilineo;Una carreggiata a doppio senso;Asciutto;Asfaltata;Verticale ed orizzontale;Sereno;Scarso;Buona;Ore Diurne;0;0;0;4;12,54872;41,89581;-1;1;Autovettura di polizia;In marcia / fermata / arresto;Passeggero;M;Illeso;0;;;Inesploso
3729428;6;14/03/2018 15:00;Strada Urbana;VIALE DELLA VENEZIA GIULIA;in corrispondenza;;del civico n.;24;;Scontro laterale fra veicoli in marcia;Rettilineo;Una carreggiata a doppio senso;Asciutto;Asfaltata;Verticale ed orizzontale;Sereno;Scarso;Buona;Ore Diurne;0;0;0;4;12,54872;41,89581;-1;1;Autovettura di polizia;In marcia / fermata / arresto;Passeggero;M;Illeso;0;;;Inesploso
3729428;6;14/03/2018 15:00;Strada Urbana;VIALE DELLA VENEZIA GIULIA;in corrispondenza;;del civico n.;24;;Scontro laterale fra veicoli in marcia;Rettilineo;Una carreggiata a doppio senso;Asciutto;Asfaltata;Verticale ed orizzontale;Sereno;Scarso;Buona;Ore Diurne;0;0;0;4;12,54872;41,89581;-1;2;Autovettura privata;In marcia / fermata / arresto;Conducente;M;Illeso;0;;Non accertato;Inesploso
3729451;1;14/03/2018 10:35;Strada Urbana;VIA CRISTOFORO COLOMBO;in prossimità;;del civico n.;1;;Veicolo in marcia contro ostacolo accidentale;Rettilineo;Più di due carreggiate;Asciutto;Asfaltata;Verticale ed orizzontale;Sereno;Normale;Buona;Ore Diurne;1;0;0;0;;;0;1;Motociclo a solo;In marcia / fermata / arresto;Conducente;F;Rimandato;0;NON DECEDUTO;Non accertato;
3729495;1;14/03/2018 08:30;Strada Urbana;LUNGOTEVERE IN AUGUSTA;all'intersezione semaforizzata con;VIA FERDINANDO DI SAVOIA;VIA FERDINANDO DI SAVOIA;;;Scontro frontale/laterale DX fra veicoli in marcia;Intersezione semaforizzata;Una carreggiata a senso unico di marcia;Asciutto;Asfaltata;Verticale ed orizzontale;Sereno;Intenso;Buona;Ore Diurne;0;0;0;2;12,47347;41,90996;-1;1;Autocarro inferiore 35 q.;In marcia / fermata / arresto;Conducente;M;Illeso;0;;Non accertato;Inesploso
3729495;1;14/03/2018 08:30;Strada Urbana;LUNGOTEVERE IN AUGUSTA;all'intersezione semaforizzata con;VIA FERDINANDO DI SAVOIA;VIA FERDINANDO DI SAVOIA;;;Scontro frontale/laterale DX fra veicoli in marcia;Intersezione semaforizzata;Una carreggiata a senso unico di marcia;Asciutto;Asfaltata;Verticale ed orizzontale;Sereno;Intenso;Buona;Ore Diurne;0;0;0;2;12,47347;41,90996;-1;2;Autovettura privata;In marcia / fermata / arresto;Conducente;M;Illeso;0;;Non accertato;Inesploso
3729559;1;14/03/2018 10:15;Strada Urbana;VIA MERULANA;all'intersezione semaforizzata con;VIA DELLO STATUTO;VIA DELLO STATUTO;;;Scontro laterale fra veicoli in marcia;Intersezione semaforizzata;Una carreggiata a doppio senso;Asciutto;Asfaltata;Verticale ed orizzontale;Sereno;Intenso;Buona;Ore Diurne;0;0;0;3;12,50024;41,89502;-1;1;Autovettura privata;In marcia / fermata / arresto;Conducente;M;Illeso;0;;Non accertato;Inesploso
3729559;1;14/03/2018 10:15;Strada Urbana;VIA MERULANA;all'intersezione semaforizzata con;VIA DELLO STATUTO;VIA DELLO STATUTO;;;Scontro laterale fra veicoli in marcia;Intersezione semaforizzata;Una carreggiata a doppio senso;Asciutto;Asfaltata;Verticale ed orizzontale;Sereno;Intenso;Buona;Ore Diurne;0;0;0;3;12,50024;41,89502;-1;2;Autovettura privata;In marcia / fermata / arresto;Conducente;F;Illeso;0;;Non accertato;Inesploso
3729559;1;14/03/2018 10:15;Strada Urbana;VIA MERULANA;all'intersezione semaforizzata con;VIA DELLO STATUTO;VIA DELLO STATUTO;;;Scontro laterale fra veicoli in marcia;Intersezione semaforizzata;Una carreggiata a doppio senso;Asciutto;Asfaltata;Verticale ed orizzontale;Sereno;Intenso;Buona;Ore Diurne;0;0;0;3;12,50024;41,89502;-1;2;Autovettura privata;In marcia / fermata / arresto;Passeggero;F;Illeso;0;;Non accertato;Inesploso
3729667;10;14/03/2018 16:10;Strada Urbana;VIA MONASTERACE;in corrispondenza;;del civico n.;39;;Veicolo in marcia contro veicolo fermo;Rettilineo;Una carreggiata a senso unico di marcia;Asciutto;Asfaltata;Assente;Sereno;Normale;Sufficiente;Ore Diurne;0;0;0;2;12,61722;41,81186;-1;1;Autovettura privata;In marcia / fermata / arresto;Conducente;M;Illeso;0;;Non accertato;Inesploso
3729667;10;14/03/2018 16:10;Strada Urbana;VIA MONASTERACE;in corrispondenza;;del civico n.;39;;Veicolo in marcia contro veicolo fermo;Rettilineo;Una carreggiata a senso unico di marcia;Asciutto;Asfaltata;Assente;Sereno;Normale;Sufficiente;Ore Diurne;0;0;0;2;12,61722;41,81186;-1;2;Autovettura privata;In marcia / fermata / arresto;Conducente;M;Illeso;0;;Non accertato;Inesploso
3729695;20;14/03/2018 14:15;Strada Urbana;VIA DELLA STAZIONE DI CESANO;in corrispondenza;;del civico n.;671/A;;Investimento di pedone;Rettilineo;Una carreggiata a doppio senso;Asciutto;Asfaltata;Verticale ed orizzontale;Sereno;Normale;Buona;Ore Diurne;0;0;0;2;12,34043;42,08024;-1;;;;Pedone;F;Illeso;0;;;
3729695;20;14/03/2018 14:15;Strada Urbana;VIA DELLA STAZIONE DI CESANO;in corrispondenza;;del civico n.;671/A;;Investimento di pedone;Rettilineo;Una carreggiata a doppio senso;Asciutto;Asfaltata;Verticale ed orizzontale;Sereno;Normale;Buona;Ore Diurne;0;0;0;2;12,34043;42,08024;-1;1;Autovettura privata;In marcia / fermata / arresto;Conducente;M;Illeso;0;;Non accertato;Inesploso
3729782;11;14/03/2018 17:30;Strada Urbana;VIA ADOLFO RAVA';all'intersezione con;VIA GIUSEPPE DESSI';VIA GIUSEPPE DESSI';;;Scontro laterale fra veicoli in marcia;Incrocio;Una carreggiata a doppio senso;Asciutto;Asfaltata;Verticale ed orizzontale;Sereno;Normale;Buona;Ore Diurne;1;0;0;1;12,48679;41,84339;-1;1;Autovettura privata;In marcia / fermata / arresto;Conducente;F;Illeso;0;;Non accertato;Inesploso
3729782;11;14/03/2018 17:30;Strada Urbana;VIA ADOLFO RAVA';all'intersezione con;VIA GIUSEPPE DESSI';VIA GIUSEPPE DESSI';;;Scontro laterale fra veicoli in marcia;Incrocio;Una carreggiata a doppio senso;Asciutto;Asfaltata;Verticale ed orizzontale;Sereno;Normale;Buona;Ore Diurne;1;0;0;1;12,48679;41,84339;-1;2;Motociclo a solo;In marcia / fermata / arresto;Conducente;M;Rimandato;0;NON DECEDUTO;Non accertato;
3729795;12;14/03/2018 15:00;Strada Urbana;VIA MATTEO BARTOLI;in corrispondenza;;del civico n.;230;;Veicolo in marcia contro veicolo fermo;Rettilineo;Una carreggiata a doppio senso;Asciutto;Asfaltata;Verticale ed orizzontale;Sereno;Scarso;Buona;Ore Diurne;0;0;0;5;12,49288;41,81822;-1;1;Autovettura privata;In marcia / fermata / arresto;Conducente;F;Illeso;0;;Utilizzato;Inesploso
3729795;12;14/03/2018 15:00;Strada Urbana;VIA MATTEO BARTOLI;in corrispondenza;;del civico n.;230;;Veicolo in marcia contro veicolo fermo;Rettilineo;Una carreggiata a doppio senso;Asciutto;Asfaltata;Verticale ed orizzontale;Sereno;Scarso;Buona;Ore Diurne;0;0;0;5;12,49288;41,81822;-1;2;Autovettura privata;In marcia / fermata / arresto;Conducente;M;Illeso;0;;Utilizzato;Inesploso
3729795;12;14/03/2018 15:00;Strada Urbana;VIA MATTEO BARTOLI;in corrispondenza;;del civico n.;230;;Veicolo in marcia contro veicolo fermo;Rettilineo;Una carreggiata a doppio senso;Asciutto;Asfaltata;Verticale ed orizzontale;Sereno;Scarso;Buona;Ore Diurne;0;0;0;5;12,49288;41,81822;-1;2;Autovettura privata;In marcia / fermata / arresto;Passeggero;F;Illeso;0;;Utilizzato;Inesploso
3729795;12;14/03/2018 15:00;Strada Urbana;VIA MATTEO BARTOLI;in corrispondenza;;del civico n.;230;;Veicolo in marcia contro veicolo fermo;Rettilineo;Una carreggiata a doppio senso;Asciutto;Asfaltata;Verticale ed orizzontale;Sereno;Scarso;Buona;Ore Diurne;0;0;0;5;12,49288;41,81822;-1;2;Autovettura privata;In marcia / fermata / arresto;Passeggero;F;Illeso;0;;Utilizzato;Inesploso
3729795;12;14/03/2018 15:00;Strada Urbana;VIA MATTEO BARTOLI;in corrispondenza;;del civico n.;230;;Veicolo in marcia contro veicolo fermo;Rettilineo;Una carreggiata a doppio senso;Asciutto;Asfaltata;Verticale ed orizzontale;Sereno;Scarso;Buona;Ore Diurne;0;0;0;5;12,49288;41,81822;-1;2;Autovettura privata;In marcia / fermata / arresto;Passeggero;M;Illeso;0;;Utilizzato;Inesploso
3729804;10;14/03/2018 17:45;Strada Urbana;VIA GUIDO FIGLIOLINI;in corrispondenza;;del civico n.;3;;Scontro laterale fra veicoli in marcia;Rettilineo;Una carreggiata a senso unico di marcia;Asciutto;Asfaltata;Verticale;Sereno;Normale;Sufficiente;Ore Diurne;0;0;0;2;12,58088;41,85711;-1;1;Autovettura privata;In marcia / fermata / arresto;Conducente;M;Illeso;0;;Non accertato;Inesploso
3729804;10;14/03/2018 17:45;Strada Urbana;VIA GUIDO FIGLIOLINI;in corrispondenza;;del civico n.;3;;Scontro laterale fra veicoli in marcia;Rettilineo;Una carreggiata a senso unico di marcia;Asciutto;Asfaltata;Verticale;Sereno;Normale;Sufficiente;Ore Diurne;0;0;0;2;12,58088;41,85711;-1;2;Autovettura privata;In marcia / fermata / arresto;Conducente;M;Illeso;0;;Non accertato;Inesploso
3729866;5;14/03/2018 07:45;Strada Urbana;VIA TIBURTINA;in prossimità;;del civico n.;1043;;Scontro laterale fra veicoli in marcia;Rettilineo;Due carreggiate;Asciutto;Asfaltata;Temporanea di cantiere;Sereno;Intenso;Buona;Ore Diurne;0;0;0;3;12,58217;41,93229;-1;1;Autovettura privata;In marcia / fermata / arresto;Conducente;M;Illeso;0;;Non accertato;Inesploso
3729866;5;14/03/2018 07:45;Strada Urbana;VIA TIBURTINA;in prossimità;;del civico n.;1043;;Scontro laterale fra veicoli in marcia;Rettilineo;Due carreggiate;Asciutto;Asfaltata;Temporanea di cantiere;Sereno;Intenso;Buona;Ore Diurne;0;0;0;3;12,58217;41,93229;-1;1;Autovettura privata;In marcia / fermata / arresto;Passeggero;M;Illeso;0;;Non accertato;Inesploso
3729866;5;14/03/2018 07:45;Strada Urbana;VIA TIBURTINA;in prossimità;;del civico n.;1043;;Scontro laterale fra veicoli in marcia;Rettilineo;Due carreggiate;Asciutto;Asfaltata;Temporanea di cantiere;Sereno;Intenso;Buona;Ore Diurne;0;0;0;3;12,58217;41,93229;-1;2;Autoarticolato;In marcia / fermata / arresto;Conducente;M;Illeso;0;;Non accertato;Inesploso
3729867;1;13/03/2018 09:40;Strada Urbana;VIA CAVOUR;in prossimità;;del civico n.;231;;Infortunio per sola frenata improvvisa;Rettilineo;Una carreggiata a senso unico di marcia;Asciutto;Asfaltata;Verticale ed orizzontale;Sereno;Normale;Buona;Ore Diurne;1;0;0;0;;;0;1;Velocipede;In marcia / fermata / arresto;Conducente;M;Rimandato;0;NON DECEDUTO;Esente;
3729885;15;14/03/2018 10:25;Strada Urbana;VIA DELLA MAGLIANA;in prossimità;;del civico n.;31;;Veicolo in marcia contro ostacolo accidentale;Rettilineo;Una carreggiata a doppio senso;Asciutto;Asfaltata;Orizzontale;Nebbia;Intenso;Buona;Ore Diurne;0;0;0;1;12,43241;41,8346;-1;1;Autovettura privata;In marcia / fermata / arresto;Conducente;M;Illeso;0;;;
3729893;1;14/03/2018 12:30;Strada Urbana;VIALE DI TRASTEVERE;in prossimità;;del civico n.;143/B;;Veicolo in marcia contro veicolo arresto;Rettilineo;Più di due carreggiate;Asciutto;Asfaltata;Verticale ed orizzontale;Sereno;Normale;Buona;Ore Diurne;1;0;0;1;12,47084;41,88494;-1;1;Autovettura pubblica;In marcia / fermata / arresto;Conducente;M;Illeso;0;;Non accertato;Inesploso
3729893;1;14/03/2018 12:30;Strada Urbana;VIALE DI TRASTEVERE;in prossimità;;del civico n.;143/B;;Veicolo in marcia contro veicolo arresto;Rettilineo;Più di due carreggiate;Asciutto;Asfaltata;Verticale ed orizzontale;Sereno;Normale;Buona;Ore Diurne;1;0;0;1;12,47084;41,88494;-1;2;Motociclo a solo;In marcia / fermata / arresto;Conducente;M;Rimandato;0;NON DECEDUTO;Non accertato;
3729894;15;14/03/2018 11:45;Strada Urbana;PIAZZA DELLA RADIO;all'intersezione con;VIA GIOVANNI VOLPATO;VIA GIOVANNI VOLPATO;;;Veicolo in marcia contro ostacolo accidentale;Incrocio;Due carreggiate;Asciutto;Asfaltata;Verticale ed orizzontale;Sereno;Normale;Buona;Ore Diurne;0;0;0;1;12,46754;41,87011;-1;1;Autovettura privata;In marcia / fermata / arresto;Conducente;M;Illeso;0;;Utilizzato;Inesploso
3729913;15;14/03/2018 13:15;Strada Urbana;VIA PIETRO FRATTINI;in prossimità;;del civico n.;162;;Tamponamento Multiplo;Rettilineo;Due carreggiate;Asciutto;Asfaltata;Verticale ed orizzontale;Sereno;Scarso;Buona;Ore Diurne;1;0;0;2;12,44866;41,84996;-1;1;Motociclo a solo;In marcia / fermata / arresto;Conducente;M;Rimandato;0;NON DECEDUTO;Utilizzato;
3729913;15;14/03/2018 13:15;Strada Urbana;VIA PIETRO FRATTINI;in prossimità;;del civico n.;162;;Tamponamento Multiplo;Rettilineo;Due carreggiate;Asciutto;Asfaltata;Verticale ed orizzontale;Sereno;Scarso;Buona;Ore Diurne;1;0;0;2;12,44866;41,84996;-1;2;Autovettura privata;In marcia / fermata / arresto;Conducente;M;Illeso;0;;Non accertato;
3729913;15;14/03/2018 13:15;Strada Urbana;VIA PIETRO FRATTINI;in prossimità;;del civico n.;162;;Tamponamento Multiplo;Rettilineo;Due carreggiate;Asciutto;Asfaltata;Verticale ed orizzontale;Sereno;Scarso;Buona;Ore Diurne;1;0;0;2;12,44866;41,84996;-1;2;Autovettura privata;In marcia / fermata / arresto;Passeggero;F;Illeso;0;;Non accertato;
3729940;15;14/03/2018 17:20;Strada Urbana;VIA GIUSEPPE BELLUZZO;all'intersezione con;VIA RICCARDO BIANCHI;VIA RICCARDO BIANCHI;;;Scontro laterale fra veicoli in marcia;Incrocio;Una carreggiata a doppio senso;Asciutto;Asfaltata;Verticale ed orizzontale;Sereno;Scarso;Buona;Ore Diurne;1;0;0;1;12,46188;41,8627;-1;1;Autocarro inferiore 35 q.;In marcia / fermata / arresto;Conducente;M;Illeso;0;;Utilizzato;Inesploso
3729940;15;14/03/2018 17:20;Strada Urbana;VIA GIUSEPPE BELLUZZO;all'intersezione con;VIA RICCARDO BIANCHI;VIA RICCARDO BIANCHI;;;Scontro laterale fra veicoli in marcia;Incrocio;Una carreggiata a doppio senso;Asciutto;Asfaltata;Verticale ed orizzontale;Sereno;Scarso;Buona;Ore Diurne;1;0;0;1;12,46188;41,8627;-1;2;Motociclo a solo;In marcia / fermata / arresto;Conducente;M;Rimandato;0;NON DECEDUTO;Utilizzato;
3729955;15;14/03/2018 16:15;Strada Urbana;VIA PORTUENSE;in corrispondenza;;del civico n.;265;;Scontro laterale fra veicoli in marcia;Rettilineo;Una carreggiata a doppio senso;Asciutto;Asfaltata;Verticale;Sereno;Scarso;Buona;Ore Diurne;0;0;0;2;12,46503;41,8683;-1;1;Autocarro superiore 35 q.;In marcia / fermata / arresto;Conducente;M;Illeso;0;;Utilizzato;Inesploso
3729955;15;14/03/2018 16:15;Strada Urbana;VIA PORTUENSE;in corrispondenza;;del civico n.;265;;Scontro laterale fra veicoli in marcia;Rettilineo;Una carreggiata a doppio senso;Asciutto;Asfaltata;Verticale;Sereno;Scarso;Buona;Ore Diurne;0;0;0;2;12,46503;41,8683;-1;2;Autovettura privata;In marcia / fermata / arresto;Conducente;F;Illeso;0;;Utilizzato;Inesploso
3729965;15;14/03/2018 17:30;Strada Urbana;VIALE SALVATORE REBECCHINI;da specificare;;;;prossimità rampa G.R.A.;Scontro laterale fra veicoli in marcia;Rettilineo;Una carreggiata a senso unico di marcia;Asciutto;Asfaltata;Verticale ed orizzontale;Sereno;Normale;Buona;Ore Diurne;0;0;0;3;12,40611;41,81705;-1;1;Autovettura privata;In marcia / fermata / arresto;Conducente;M;Illeso;0;;Non accertato;Inesploso
3729965;15;14/03/2018 17:30;Strada Urbana;VIALE SALVATORE REBECCHINI;da specificare;;;;prossimità rampa G.R.A.;Scontro laterale fra veicoli in marcia;Rettilineo;Una carreggiata a senso unico di marcia;Asciutto;Asfaltata;Verticale ed orizzontale;Sereno;Normale;Buona;Ore Diurne;0;0;0;3;12,40611;41,81705;-1;1;Autovettura privata;In marcia / fermata / arresto;Passeggero;M;Illeso;0;;Non accertato;Inesploso
3729965;15;14/03/2018 17:30;Strada Urbana;VIALE SALVATORE REBECCHINI;da specificare;;;;prossimità rampa G.R.A.;Scontro laterale fra veicoli in marcia;Rettilineo;Una carreggiata a senso unico di marcia;Asciutto;Asfaltata;Verticale ed orizzontale;Sereno;Normale;Buona;Ore Diurne;0;0;0;3;12,40611;41,81705;-1;2;Motociclo a solo;In marcia / fermata / arresto;Conducente;M;Illeso;0;;Non accertato;
3730222;11;13/03/2018 22:30;Provinciale;VIA ARDEATINA;in corrispondenza;;del civico n.;984;;Veicolo in marcia contro ostacolo accidentale;Rettilineo;Una carreggiata a doppio senso;Asciutto;Asfaltata;Verticale ed orizzontale;Sereno;Scarso;Sufficiente;Sufficiente;0;0;0;1;12,53462;41,79591;-1;1;Autovettura privata;In marcia / fermata / arresto;Conducente;M;Illeso;0;;;
3730225;1;14/03/2018 19:10;Strada Urbana;VIA DELLE TERME DI DIOCLEZIANO;da specificare;;;;TERME DI DIOCLEZIANO;Scontro laterale fra veicoli in marcia;Rettilineo;Una carreggiata a senso unico di marcia;Asciutto;Acciotolata;Verticale ed orizzontale;Nuvoloso;Normale;Sufficiente;Sufficiente;0;0;0;2;12,49715;41,9019;-1;1;Autovettura privata;In marcia / fermata / arresto;Conducente;M;Illeso;0;;Non accertato;
3730225;1;14/03/2018 19:10;Strada Urbana;VIA DELLE TERME DI DIOCLEZIANO;da specificare;;;;TERME DI DIOCLEZIANO;Scontro laterale fra veicoli in marcia;Rettilineo;Una carreggiata a senso unico di marcia;Asciutto;Acciotolata;Verticale ed orizzontale;Nuvoloso;Normale;Sufficiente;Sufficiente;0;0;0;2;12,49715;41,9019;-1;2;Autobus di linea;In marcia / fermata / arresto;Conducente;M;Illeso;0;;Non accertato;
3730234;1;14/03/2018 22:10;Strada Urbana;VIA DEL CIRCO MASSIMO;in prossimità;;del civico n.;albero 54;;Veicolo in marcia contro ostacolo accidentale;Rettilineo;Una carreggiata a doppio senso;Asciutto;Asfaltata;Verticale ed orizzontale;Sereno;Normale;Sufficiente;Sufficiente;0;0;0;1;12,48394;41,88586;-1;1;Motociclo a solo;In marcia / fermata / arresto;Conducente;M;Illeso;0;;Non accertato;
3730235;11;14/03/2018 09:10;Strada Urbana;VIA DI TOR CARBONE;da specificare;;;;prossimità civico 102;Scontro laterale fra veicoli in marcia;Curva senza visuale libera;Una carreggiata a doppio senso;Asciutto;Asfaltata;Orizzontale;Sereno;Normale;Buona;Ore Diurne;1;0;0;3;12,53288;41,8276;-1;1;Autocarro inferiore 35 q.;In marcia / fermata / arresto;Conducente;M;Illeso;0;;Non accertato;
3730235;11;14/03/2018 09:10;Strada Urbana;VIA DI TOR CARBONE;da specificare;;;;prossimità civico 102;Scontro laterale fra veicoli in marcia;Curva senza visuale libera;Una carreggiata a doppio senso;Asciutto;Asfaltata;Orizzontale;Sereno;Normale;Buona;Ore Diurne;1;0;0;3;12,53288;41,8276;-1;2;Motociclo a solo;In marcia / fermata / arresto;Conducente;M;Illeso;0;;Non accertato;
3730235;11;14/03/2018 09:10;Strada Urbana;VIA DI TOR CARBONE;da specificare;;;;prossimità civico 102;Scontro laterale fra veicoli in marcia;Curva senza visuale libera;Una carreggiata a doppio senso;Asciutto;Asfaltata;Orizzontale;Sereno;Normale;Buona;Ore Diurne;1;0;0;3;12,53288;41,8276;-1;3;Autovettura privata;In marcia / fermata / arresto;Conducente;M;Illeso;0;;Non accertato;
3730235;11;14/03/2018 09:10;Strada Urbana;VIA DI TOR CARBONE;da specificare;;;;prossimità civico 102;Scontro laterale fra veicoli in marcia;Curva senza visuale libera;Una carreggiata a doppio senso;Asciutto;Asfaltata;Orizzontale;Sereno;Normale;Buona;Ore Diurne;1;0;0;3;12,53288;41,8276;-1;4;Autovettura privata;In marcia / fermata / arresto;Conducente;F;Rimandato;0;NON DECEDUTO;Non accertato;
3730237;11;14/03/2018 20:00;Strada Urbana;VIALE GUGLIELMO MARCONI;in corrispondenza;;del civico n.;646;;Tamponamento Multiplo;Rettilineo;Due carreggiate;Asciutto;Asfaltata;Verticale ed orizzontale;Nuvoloso;Normale;Buona;Sufficiente;0;0;0;3;12,47346;41,8512;-1;1;Autovettura privata;In marcia / fermata / arresto;Conducente;M;Illeso;0;;;
3730237;11;14/03/2018 20:00;Strada Urbana;VIALE GUGLIELMO MARCONI;in corrispondenza;;del civico n.;646;;Tamponamento Multiplo;Rettilineo;Due carreggiate;Asciutto;Asfaltata;Verticale ed orizzontale;Nuvoloso;Normale;Buona;Sufficiente;0;0;0;3;12,47346;41,8512;-1;2;Autovettura privata;In marcia / fermata / arresto;Conducente;F;Illeso;0;;;
3730237;11;14/03/2018 20:00;Strada Urbana;VIALE GUGLIELMO MARCONI;in corrispondenza;;del civico n.;646;;Tamponamento Multiplo;Rettilineo;Due carreggiate;Asciutto;Asfaltata;Verticale ed orizzontale;Nuvoloso;Normale;Buona;Sufficiente;0;0;0;3;12,47346;41,8512;-1;3;Autovettura privata;In marcia / fermata / arresto;Conducente;M;Illeso;0;;;
3730241;10;14/03/2018 18:00;Strada Urbana;PIAZZA QUINTO CURZIO;all'intersezione con;VIA STATILIO OTTATO;VIA STATILIO OTTATO;;;Scontro frontale/laterale DX fra veicoli in marcia;Intersezione stradale segnalata;Due carreggiate;Asciutto;Asfaltata;Verticale ed orizzontale;Sereno;Normale;Sufficiente;Sufficiente;1;0;0;2;12,56818;41,85632;-1;1;Autovettura privata;In marcia / fermata / arresto;Conducente;M;Illeso;0;;Non accertato;Inesploso
3730241;10;14/03/2018 18:00;Strada Urbana;PIAZZA QUINTO CURZIO;all'intersezione con;VIA STATILIO OTTATO;VIA STATILIO OTTATO;;;Scontro frontale/laterale DX fra veicoli in marcia;Intersezione stradale segnalata;Due carreggiate;Asciutto;Asfaltata;Verticale ed orizzontale;Sereno;Normale;Sufficiente;Sufficiente;1;0;0;2;12,56818;41,85632;-1;2;Autovettura privata;In marcia / fermata / arresto;Conducente;M;Illeso;0;;Non accertato;Inesploso
3730241;10;14/03/2018 18:00;Strada Urbana;PIAZZA QUINTO CURZIO;all'intersezione con;VIA STATILIO OTTATO;VIA STATILIO OTTATO;;;Scontro frontale/laterale DX fra veicoli in marcia;Intersezione stradale segnalata;Due carreggiate;Asciutto;Asfaltata;Verticale ed orizzontale;Sereno;Normale;Sufficiente;Sufficiente;1;0;0;2;12,56818;41,85632;-1;2;Autovettura privata;In marcia / fermata / arresto;Passeggero;F;Rifiuta cure immediate;0;NON DECEDUTO;Non accertato;Inesploso
3730244;13;14/03/2018 14:15;Strada Urbana;VIA LIDO DI CASTEL PORZIANO;da specificare;;;;300 mt circa dal Dazio direzione via Litoranea;Investimento di pedone;Rettilineo;Una carreggiata a doppio senso;Asciutto;Asfaltata;Assente;Sereno;Normale;Buona;Ore Diurne;1;0;0;1;12,3473;41,70284;-1;;;;Pedone;F;Rimandato;0;NON DECEDUTO;;
3730244;13;14/03/2018 14:15;Strada Urbana;VIA LIDO DI CASTEL PORZIANO;da specificare;;;;300 mt circa dal Dazio direzione via Litoranea;Investimento di pedone;Rettilineo;Una carreggiata a doppio senso;Asciutto;Asfaltata;Assente;Sereno;Normale;Buona;Ore Diurne;1;0;0;1;12,3473;41,70284;-1;1;Autocarro inferiore 35 q.;In marcia / fermata / arresto;Conducente;M;Illeso;0;;Non accertato;Inesploso
3730245;9;14/03/2018 20:50;Strada Urbana;VIA CIVIDALE DEL FRIULI;all'intersezione con;VIA ALBENGA;VIA ALBENGA;;;Investimento di pedone;Intersezione stradale segnalata;Una carreggiata a senso unico di marcia;Asciutto;Asfaltata;Assente;Nebbia;Normale;Buona;Sufficiente;1;0;0;1;12,51715;41,87798;-1;;;;Pedone;F;Rimandato;0;NON DECEDUTO;;