Protocollo;Gruppo;DataOraIncidente;Localizzazione1;STRADA1;Localizzazione2;STRADA2;Strada02;Chilometrica;DaSpecificare;NaturaIncidente;particolaritastrade;TipoStrada;FondoStradale;Pavimentazione;Segnaletica;CondizioneAtmosferica;Traffico;Visibilita;Illuminazione;NUM_FERITI;NUM_RISERVATA;NUM_MORTI;NUM_ILLESI;Longitudine;Latitudine;Confermato;Progressivo;TipoVeicolo;StatoVeicolo;TipoPersona;Sesso;Tipolesione;Deceduto;DecedutoDopo;CinturaCascoUtilizzato;Airbag
3731091;2;14/03/2018 20:20;Strada Urbana;VIA SALARIA;da specificare;;;;direz. Centro sotto la Tangenziale.;Scontro laterale fra veicoli in marcia;Rettilineo;Una carreggiata a doppio senso;Asciutto;Asfaltata;Verticale ed orizzontale;Sereno;Normale;Buona;Sufficiente;0;0;0;2;12,50874;41,93749;-1;1;Autovettura privata;In marcia / fermata / arresto;Conducente;M;Illeso;0;;;
3731091;2;14/03/2018 20:20;Strada Urbana;VIA SALARIA;da specificare;;;;direz. Centro sotto la Tangenziale.;Scontro laterale fra veicoli in marcia;Rettilineo;Una carreggiata a doppio senso;Asciutto;Asfaltata;Verticale ed orizzontale;Sereno;Normale;Buona;Sufficiente;0;0;0;2;12,50874;41,93749;-1;2;Autovettura privata;In marcia / fermata / arresto;Conducente;M;Illeso;0;;;
3731201;1;15/03/2018 09:00;Strada Urbana;VIA VENTI SETTEMBRE;all'intersezione semaforizzata con;VIA ANTONIO SALANDRA;VIA ANTONIO SALANDRA;;;Scontro laterale fra veicoli in marcia;Intersezione semaforizzata;Una carreggiata a senso unico di marcia;Asciutto;In cubetti di porfido;Verticale ed orizzontale;Nuvoloso;Normale;Buona;Ore Diurne;0;0;0;2;;;0;1;Autovettura privata;In marcia / fermata / arresto;Conducente;F;Illeso;0;;Non accertato;
3731201;1;15/03/2018 09:00;Strada Urbana;VIA VENTI SETTEMBRE;all'intersezione semaforizzata con;VIA ANTONIO SALANDRA;VIA ANTONIO SALANDRA;;;Scontro laterale fra veicoli in marcia;Intersezione semaforizzata;Una carreggiata a senso unico di marcia;Asciutto;In cubetti di porfido;Verticale ed orizzontale;Nuvoloso;Normale;Buona;Ore Diurne;0;0;0;2;;;0;2;Autocarro inferiore 35 q.;In marcia / fermata / arresto;Conducente;M;Illeso;0;;Non accertato;Inesploso
3731267;12;15/03/2018 13:50;Provinciale;VIA ARDEATINA;da specificare;;;;300 mt. dopo Via di Spregamore;Veicolo in marcia contro ostacolo fisso;Curva a visuale libera;Una carreggiata a doppio senso;Asciutto;Asfaltata;Verticale ed orizzontale;Nuvoloso;Intenso;Buona;Ore Diurne;0;0;0;1;12,56072;41,74837;-1;1;Autovettura privata;In marcia / fermata / arresto;Conducente;M;Illeso;0;;Non accertato;Esploso
3731271;1;15/03/2018 12:10;Strada Urbana;VIA DEL TEATRO DI MARCELLO;da specificare;;;;ALTEZZA DI VICO JUGARIO;Scontro laterale fra veicoli in marcia;Strettoia;Una carreggiata a doppio senso;Asciutto;In cubetti di porfido;Verticale ed orizzontale;Nuvoloso;Intenso;Buona;Ore Diurne;0;0;0;2;12,48123;41,89311;-1;1;Autobus urbano;In marcia / fermata / arresto;Conducente;M;Illeso;0;;Non accertato;
3731271;1;15/03/2018 12:10;Strada Urbana;VIA DEL TEATRO DI MARCELLO;da specificare;;;;ALTEZZA DI VICO JUGARIO;Scontro laterale fra veicoli in marcia;Strettoia;Una carreggiata a doppio senso;Asciutto;In cubetti di porfido;Verticale ed orizzontale;Nuvoloso;Intenso;Buona;Ore Diurne;0;0;0;2;12,48123;41,89311;-1;2;Autovettura privata;In marcia / fermata / arresto;Conducente;M;Illeso;0;;Non accertato;
3731301;11;15/03/2018 15:20;Strada Urbana;VIALE LEONARDO DA VINCI;all'intersezione con;VIA ANTONINO PIO;VIA ANTONINO PIO;;;Scontro frontale/laterale DX fra veicoli in marcia;Incrocio;Più di due carreggiate;Asciutto;Asfaltata;Verticale ed orizzontale;Sereno;Normale;Buona;Ore Diurne;2;0;0;0;12,48038;41,85273;-1;1;Autovettura privata;In marcia / fermata / arresto;Conducente;M;Rimandato;0;NON DECEDUTO;;
3731301;11;15/03/2018 15:20;Strada Urbana;VIALE LEONARDO DA VINCI;all'intersezione con;VIA ANTONINO PIO;VIA ANTONINO PIO;;;Scontro frontale/laterale DX fra veicoli in marcia;Incrocio;Più di due carreggiate;Asciutto;Asfaltata;Verticale ed orizzontale;Sereno;Normale;Buona;Ore Diurne;2;0;0;0;12,48038;41,85273;-1;2;Autovettura privata;In marcia / fermata / arresto;Conducente;M;Rimandato;0;NON DECEDUTO;;
3731405;1;12/03/2018 11:25;Strada Urbana;VIA DEL GIANICOLO;in prossimità;;del civico n.;4B;;Veicolo in marcia contro veicolo in sosta;Rettilineo;Una carreggiata a doppio senso;Asciutto;Asfaltata;Verticale;Sereno;Intenso;Buona;Ore Diurne;0;0;0;1;;;0;1;Autovettura privata;In marcia / fermata / arresto;Conducente;M;Illeso;0;;Non accertato;
3731412;15;15/03/2018 14:30;Strada Urbana;VIA DELL'ORATORIO DAMASIANO;in prossimità;;del palo luce n.;11;;Scontro laterale fra veicoli in marcia;Rettilineo;Una carreggiata a doppio senso;Asciutto;Asfaltata;Orizzontale;Nuvoloso;Normale;Buona;Ore Diurne;0;0;0;4;12,42758;41,8366;-1;1;Autovettura privata;In marcia / fermata / arresto;Conducente;F;Illeso;0;;Non accertato;Inesploso
3731412;15;15/03/2018 14:30;Strada Urbana;VIA DELL'ORATORIO DAMASIANO;in prossimità;;del palo luce n.;11;;Scontro laterale fra veicoli in marcia;Rettilineo;Una carreggiata a doppio senso;Asciutto;Asfaltata;Orizzontale;Nuvoloso;Normale;Buona;Ore Diurne;0;0;0;4;12,42758;41,8366;-1;1;Autovettura privata;In marcia / fermata / arresto;Passeggero;F;Illeso;0;;Non accertato;Inesploso
3731412;15;15/03/2018 14:30;Strada Urbana;VIA DELL'ORATORIO DAMASIANO;in prossimità;;del palo luce n.;11;;Scontro laterale fra veicoli in marcia;Rettilineo;Una carreggiata a doppio senso;Asciutto;Asfaltata;Orizzontale;Nuvoloso;Normale;Buona;Ore Diurne;0;0;0;4;12,42758;41,8366;-1;2;Autocarro inferiore 35 q.;In marcia / fermata / arresto;Conducente;M;Illeso;0;;Non accertato;Inesploso
3731412;15;15/03/2018 14:30;Strada Urbana;VIA DELL'ORATORIO DAMASIANO;in prossimità;;del palo luce n.;11;;Scontro laterale fra veicoli in marcia;Rettilineo;Una carreggiata a doppio senso;Asciutto;Asfaltata;Orizzontale;Nuvoloso;Normale;Buona;Ore Diurne;0;0;0;4;12,42758;41,8366;-1;2;Autocarro inferiore 35 q.;In marcia / fermata / arresto;Passeggero;M;Illeso;0;;Non accertato;Inesploso
3731453;18;01/03/2018 16:10;Strada Urbana;VIA DEL FORTE BRASCHI;in corrispondenza;;del civico n.;39A;;Scontro laterale fra veicoli in marcia;Pendenza;Una carreggiata a doppio senso;Bagnato (pioggia);Asfaltata;Verticale ed orizzontale;Pioggia in atto;Normale;Buona;Ore Diurne;0;0;0;2;12,42128;41,91503;-1;1;Autovettura privata;In marcia / fermata / arresto;Conducente;M;Illeso;0;;;
3731453;18;01/03/2018 16:10;Strada Urbana;VIA DEL FORTE BRASCHI;in corrispondenza;;del civico n.;39A;;Scontro laterale fra veicoli in marcia;Pendenza;Una carreggiata a doppio senso;Bagnato (pioggia);Asfaltata;Verticale ed orizzontale;Pioggia in atto;Normale;Buona;Ore Diurne;0;0;0;2;12,42128;41,91503;-1;2;Motociclo a solo;In marcia / fermata / arresto;Conducente;M;Illeso;0;;;
3731471;18;01/03/2018 16:20;Strada Urbana;VIA DELLA MAGLIANELLA;in corrispondenza;;del civico n.;297B;;Veicolo in marcia contro ostacolo accidentale;Rettilineo;Una carreggiata a doppio senso;Bagnato (pioggia);Asfaltata;Verticale ed orizzontale;Pioggia in atto;Normale;Buona;Ore Diurne;0;0;0;1;12,38352;41,91147;-1;1;Motociclo a solo;In marcia / fermata / arresto;Conducente;M;Illeso;0;;;
3731510;10;15/03/2018 17:40;Strada Urbana;VIALE BRUNO RIZZIERI;all'intersezione con;VIA FRANCESCO GENTILE;VIA FRANCESCO GENTILE;;;Scontro laterale fra veicoli in marcia;Rotatoria;Una carreggiata a senso unico di marcia;Asciutto;Asfaltata;Orizzontale;Sereno;Normale;Buona;Ore Diurne;1;0;0;1;12,58609;41,85236;-1;1;Autovettura privata;In marcia / fermata / arresto;Conducente;M;Illeso;0;;Non accertato;Inesploso
3731510;10;15/03/2018 17:40;Strada Urbana;VIALE BRUNO RIZZIERI;all'intersezione con;VIA FRANCESCO GENTILE;VIA FRANCESCO GENTILE;;;Scontro laterale fra veicoli in marcia;Rotatoria;Una carreggiata a senso unico di marcia;Asciutto;Asfaltata;Orizzontale;Sereno;Normale;Buona;Ore Diurne;1;0;0;1;12,58609;41,85236;-1;2;Motociclo a solo;In marcia / fermata / arresto;Conducente;M;Rimandato;0;NON DECEDUTO;Non accertato;
3731521;11;15/03/2018 17:30;Strada Urbana;VIA DI GROTTA PERFETTA;in prossimità;;del civico n.;362;;Veicolo in marcia contro veicolo in sosta;Rettilineo;Una carreggiata a doppio senso;Asciutto;Asfaltata;Orizzontale;Nuvoloso;Normale;Buona;Sufficiente;0;0;0;1;12,49076;41,84488;-1;2;Autovettura privata;In marcia / fermata / arresto;Conducente;F;Illeso;0;;;
3731529;12;15/03/2018 15:40;Statale;VIA OSTIENSE;da specificare;;;;100mt.prima ingresso parcheggio metro Magliana;Veicolo in marcia contro ostacolo accidentale;Rettilineo;Una carreggiata a doppio senso;Asciutto;Asfaltata;Verticale ed orizzontale;Nuvoloso;Normale;Buona;Ore Diurne;0;0;0;1;12,46197;41,83932;-1;1;Autovettura privata;In marcia / fermata / arresto;Conducente;M;Illeso;0;;Non accertato;Inesploso
3731552;17;15/03/2018 17:45;Strada Urbana;VIA CRESCENZIO;da specificare;;;;ALTEZZA VIA POMPONIO LETO ;Scontro laterale fra veicoli in marcia;Rettilineo;Una carreggiata a doppio senso;Bagnato (pioggia);Acciotolata;Verticale ed orizzontale;Nuvoloso;Intenso;Sufficiente;Ore Diurne;0;0;0;1;12,45914;41,90621;0;1;Autovettura privata;In marcia / fermata / arresto;Conducente;M;Illeso;0;;;
3731566;6;15/03/2018 18:45;Strada Urbana;VIA BELLEGRA;da specificare;;;;alt. L.GO AGOSTA;Scontro laterale fra veicoli in marcia;Rettilineo;Una carreggiata a senso unico di marcia;Asciutto;Asfaltata;Orizzontale;Nuvoloso;Normale;Sufficiente;Sufficiente;0;0;0;3;12,55693;41,89224;-1;1;Autovettura privata;In marcia / fermata / arresto;Conducente;M;Illeso;0;;Non accertato;Inesploso
3731566;6;15/03/2018 18:45;Strada Urbana;VIA BELLEGRA;da specificare;;;;alt. L.GO AGOSTA;Scontro laterale fra veicoli in marcia;Rettilineo;Una carreggiata a senso unico di marcia;Asciutto;Asfaltata;Orizzontale;Nuvoloso;Normale;Sufficiente;Sufficiente;0;0;0;3;12,55693;41,89224;-1;1;Autovettura privata;In marcia / fermata / arresto;Passeggero;F;Illeso;0;;Non accertato;Inesploso
3731566;6;15/03/2018 18:45;Strada Urbana;VIA BELLEGRA;da specificare;;;;alt. L.GO AGOSTA;Scontro laterale fra veicoli in marcia;Rettilineo;Una carreggiata a senso unico di marcia;Asciutto;Asfaltata;Orizzontale;Nuvoloso;Normale;Sufficiente;Sufficiente;0;0;0;3;12,55693;41,89224;-1;2;Autocarro inferiore 35 q.;In marcia / fermata / arresto;Conducente;M;Illeso;0;;Non accertato;Inesploso
3731583;12;15/03/2018 19:00;Strada Urbana;VIA GIACOMO DE BENEDETTI;in prossimità;;del civico n.;3;;Veicolo in marcia contro veicolo in sosta;Rettilineo;Una carreggiata a doppio senso;Bagnato (pioggia);Asfaltata;Verticale ed orizzontale;Pioggia in atto;Scarso;Buona;Sufficiente;0;0;0;2;12,47994;41,81929;-1;1;Autovettura privata;In marcia / fermata / arresto;Conducente;M;Illeso;0;;Non accertato;Inesploso
3731583;12;15/03/2018 19:00;Strada Urbana;VIA GIACOMO DE BENEDETTI;in prossimità;;del civico n.;3;;Veicolo in marcia contro veicolo in sosta;Rettilineo;Una carreggiata a doppio senso;Bagnato (pioggia);Asfaltata;Verticale ed orizzontale;Pioggia in atto;Scarso;Buona;Sufficiente;0;0;0;2;12,47994;41,81929;-1;1;Autovettura privata;In marcia / fermata / arresto;Passeggero;F;Illeso;0;;Non accertato;Inesploso
3731631;15;15/03/2018 17:00;Strada Urbana;LUNGOTEVERE DI PIETRA PAPA;da specificare;;;;FRONTE CIV. 21;Veicolo in marcia contro veicolo in sosta;Rettilineo;Due carreggiate;Asciutto;Asfaltata;Orizzontale;Nuvoloso;Scarso;Buona;Ore Diurne;0;0;0;1;12,47431;41,86288;-1;1;Autovettura privata;In marcia / fermata / arresto;Conducente;F;Illeso;0;;;
3731961;7;15/03/2018 12:25;Strada Urbana;VIA DELL'OMO;in prossimità;;del civico n.;87;;Scontro laterale fra veicoli in marcia;Rettilineo;Una carreggiata a senso unico di marcia;Asciutto;Asfaltata;Orizzontale;Sereno;Scarso;Buona;Ore Diurne;0;0;0;3;12,60931;41,89043;-1;1;Autovettura privata;In marcia / fermata / arresto;Conducente;F;Illeso;0;;Non accertato;Inesploso
3731961;7;15/03/2018 12:25;Strada Urbana;VIA DELL'OMO;in prossimità;;del civico n.;87;;Scontro laterale fra veicoli in marcia;Rettilineo;Una carreggiata a senso unico di marcia;Asciutto;Asfaltata;Orizzontale;Sereno;Scarso;Buona;Ore Diurne;0;0;0;3;12,60931;41,89043;-1;2;Veicolo speciale;In marcia / fermata / arresto;Conducente;M;Illeso;0;;Non accertato;Inesploso
3731961;7;15/03/2018 12:25;Strada Urbana;VIA DELL'OMO;in prossimità;;del civico n.;87;;Scontro laterale fra veicoli in marcia;Rettilineo;Una carreggiata a senso unico di marcia;Asciutto;Asfaltata;Orizzontale;Sereno;Scarso;Buona;Ore Diurne;0;0;0;3;12,60931;41,89043;-1;2;Veicolo speciale;In marcia / fermata / arresto;Passeggero;M;Illeso;0;;Non accertato;Inesploso
3731964;1;15/03/2018 14:30;Strada Urbana;VIA DELLA BARCHETTA;in corrispondenza;;del civico n.;FC 19;;Veicolo in marcia contro veicolo in sosta;Rettilineo;Una carreggiata a senso unico di marcia;Asciutto;In cubetti di porfido;Verticale ed orizzontale;Nuvoloso;Scarso;Buona;Ore Diurne;0;0;0;4;12,46894;41,89618;-1;1;Altro;In marcia / fermata / arresto;Conducente;M;Illeso;0;;Non accertato;Inesistente
3731964;1;15/03/2018 14:30;Strada Urbana;VIA DELLA BARCHETTA;in corrispondenza;;del civico n.;FC 19;;Veicolo in marcia contro veicolo in sosta;Rettilineo;Una carreggiata a senso unico di marcia;Asciutto;In cubetti di porfido;Verticale ed orizzontale;Nuvoloso;Scarso;Buona;Ore Diurne;0;0;0;4;12,46894;41,89618;-1;1;Altro;In marcia / fermata / arresto;Passeggero;M;Illeso;0;;;Inesistente
3731964;1;15/03/2018 14:30;Strada Urbana;VIA DELLA BARCHETTA;in corrispondenza;;del civico n.;FC 19;;Veicolo in marcia contro veicolo in sosta;Rettilineo;Una carreggiata a senso unico di marcia;Asciutto;In cubetti di porfido;Verticale ed orizzontale;Nuvoloso;Scarso;Buona;Ore Diurne;0;0;0;4;12,46894;41,89618;-1;1;Altro;In marcia / fermata / arresto;Passeggero;M;Illeso;0;;Non accertato;Inesistente
3731964;1;15/03/2018 14:30;Strada Urbana;VIA DELLA BARCHETTA;in corrispondenza;;del civico n.;FC 19;;Veicolo in marcia contro veicolo in sosta;Rettilineo;Una carreggiata a senso unico di marcia;Asciutto;In cubetti di porfido;Verticale ed orizzontale;Nuvoloso;Scarso;Buona;Ore Diurne;0;0;0;4;12,46894;41,89618;-1;1;Altro;In marcia / fermata / arresto;Passeggero;F;Illeso;0;;Non accertato;Inesistente
3731965;6;15/03/2018 20:30;Strada Urbana;VIA CASILINA;all'intersezione semaforizzata con;VIA CASILINA VECCHIA;VIA CASILINA VECCHIA;;;Veicolo in marcia contro ostacolo accidentale;Intersezione semaforizzata;Una carreggiata a doppio senso;Bagnato (pioggia);Asfaltata;Verticale ed orizzontale;Pioggia in atto;Scarso;Sufficiente;Sufficiente;0;0;0;1;12,52202;41,88798;-1;1;Autovettura privata;In marcia / fermata / arresto;Conducente;M;Illeso;0;;;
3731966;9;15/03/2018 12:00;Strada Urbana;VIA APPIA NUOVA;in corrispondenza;;del civico n.;650/e;;Veicolo in marcia contro veicolo in sosta;Rettilineo;Una carreggiata a doppio senso;Asciutto;Asfaltata;Verticale ed orizzontale;Nuvoloso;Normale;Sufficiente;Ore Diurne;0;0;0;1;12,53052;41,86648;-1;1;Autovettura privata;In marcia / fermata / arresto;Conducente;M;Illeso;0;;Non accertato;Inesploso
3731974;7;15/03/2018 09:05;Strada Urbana;VIA PRENESTINA;in prossimità;;del civico n.;510;;Scontro frontale/laterale SX fra veicoli in marcia;Rettilineo;Una carreggiata a doppio senso;Asciutto;Asfaltata;Orizzontale;Sereno;Normale;Buona;Ore Diurne;0;0;0;3;12,57382;41,89464;-1;1;Autovettura privata;In marcia / fermata / arresto;Conducente;M;Illeso;0;;;
3731974;7;15/03/2018 09:05;Strada Urbana;VIA PRENESTINA;in prossimità;;del civico n.;510;;Scontro frontale/laterale SX fra veicoli in marcia;Rettilineo;Una carreggiata a doppio senso;Asciutto;Asfaltata;Orizzontale;Sereno;Normale;Buona;Ore Diurne;0;0;0;3;12,57382;41,89464;-1;2;Autovettura privata;In marcia / fermata / arresto;Conducente;M;Illeso;0;;;
3731974;7;15/03/2018 09:05;Strada Urbana;VIA PRENESTINA;in prossimità;;del civico n.;510;;Scontro frontale/laterale SX fra veicoli in marcia;Rettilineo;Una carreggiata a doppio senso;Asciutto;Asfaltata;Orizzontale;Sereno;Normale;Buona;Ore Diurne;0;0;0;3;12,57382;41,89464;-1;2;Autovettura privata;In marcia / fermata / arresto;Passeggero;F;Illeso;0;;;
3731983;15;15/03/2018 19:55;Comunale extraurbana;VIALE ISACCO NEWTON;da specificare;;;;50 metri dopo lo svincolo Viadotto;Veicolo in marcia contro ostacolo accidentale;Curva a visuale libera;Due carreggiate;Bagnato (umidità in atto);Asfaltata;Orizzontale;Nuvoloso;Normale;Sufficiente;Sufficiente;0;0;0;1;12,44238;41,84875;-1;1;Autovettura privata;In marcia / fermata / arresto;Conducente;M;Illeso;0;;Non accertato;Inesploso
3731986;9;15/03/2018 17:45;Strada Urbana;VIA ORISTANO;in prossimità;;del civico n.;14;;Veicolo in marcia contro ostacolo accidentale;Rettilineo;Una carreggiata a doppio senso;Asciutto;Con buche;Verticale ed orizzontale;Nuvoloso;Normale;Buona;Sufficiente;0;0;0;1;12,52283;41,88608;-1;1;Autovettura privata;In marcia / fermata / arresto;Conducente;M;Illeso;0;;Utilizzato;Inesploso
3731990;8;15/03/2018 21:20;Strada Urbana;VIA DI TOR BELLA MONACA;da specificare;;;;Alt. Ponte Anderloni;Investimento di pedone;Rettilineo;Una carreggiata a senso unico di marcia;Bagnato (pioggia);Asfaltata;Verticale;Pioggia in atto;Scarso;Insufficiente;Insufficiente;0;0;1;1;12,62375;41,87848;0;;;;Pedone;M;Deceduto sul posto;-1;;;
3731990;8;15/03/2018 21:20;Strada Urbana;VIA DI TOR BELLA MONACA;da specificare;;;;Alt. Ponte Anderloni;Investimento di pedone;Rettilineo;Una carreggiata a senso unico di marcia;Bagnato (pioggia);Asfaltata;Verticale;Pioggia in atto;Scarso;Insufficiente;Insufficiente;0;0;1;1;12,62375;41,87848;0;1;Autovettura privata;In marcia / fermata / arresto;Conducente;M;Illeso;0;;Non accertato;Inesploso
3732000;13;15/03/2018 10:40;;VIA ENRICO BESANA;all'intersezione con;LUNGOMARE AMERIGO VESPUCCI;LUNGOMARE AMERIGO VESPUCCI;;;Veicolo in marcia contro ostacolo accidentale;;;;;;;;;;0;0;0;1;12,33352;41,70828;0;1;Autocarro inferiore 35 q.;In marcia / fermata / arresto;Conducente;M;Illeso;0;;Non accertato;Inesploso
3732003;8;15/03/2018 09:20;;VIA COLLATINA;in prossimità;;del civico n.;726;;Veicolo in marcia contro ostacolo accidentale;;;;;;;;;;0;0;0;1;;;0;1;Autovettura privata;In marcia / fermata / arresto;Conducente;M;Illeso;0;;Non accertato;Inesploso
3732006;20;15/03/2018 19:45;Strada Urbana;VIA DEL FORO ITALICO;da specificare;;;;altezza svincoloPonte Milvio;Tamponamento Multiplo;Rettilineo;Due carreggiate;Bagnato (pioggia);Asfaltata;Verticale ed orizzontale;Pioggia in atto;Intenso;Buona;Sufficiente;1;0;0;4;12,48375;41,93991;-1;1;Autovettura privata;In marcia / fermata / arresto;Conducente;M;Illeso;0;;Non accertato;
3732006;20;15/03/2018 19:45;Strada Urbana;VIA DEL FORO ITALICO;da specificare;;;;altezza svincoloPonte Milvio;Tamponamento Multiplo;Rettilineo;Due carreggiate;Bagnato (pioggia);Asfaltata;Verticale ed orizzontale;Pioggia in atto;Intenso;Buona;Sufficiente;1;0;0;4;12,48375;41,93991;-1;1;Autovettura privata;In marcia / fermata / arresto;Passeggero;F;Illeso;0;;Non accertato;
3732006;20;15/03/2018 19:45;Strada Urbana;VIA DEL FORO ITALICO;da specificare;;;;altezza svincoloPonte Milvio;Tamponamento Multiplo;Rettilineo;Due carreggiate;Bagnato (pioggia);Asfaltata;Verticale ed orizzontale;Pioggia in atto;Intenso;Buona;Sufficiente;1;0;0;4;12,48375;41,93991;-1;2;Motociclo a solo;In marcia / fermata / arresto;Conducente;M;Rimandato;0;NON DECEDUTO;Non accertato;
3732006;20;15/03/2018 19:45;Strada Urbana;VIA DEL FORO ITALICO;da specificare;;;;altezza svincoloPonte Milvio;Tamponamento Multiplo;Rettilineo;Due carreggiate;Bagnato (pioggia);Asfaltata;Verticale ed orizzontale;Pioggia in atto;Intenso;Buona;Sufficiente;1;0;0;4;12,48375;41,93991;-1;3;Autovettura privata;In marcia / fermata / arresto;Conducente;M;Illeso;0;;Non accertato;
3732006;20;15/03/2018 19:45;Strada Urbana;VIA DEL FORO ITALICO;da specificare;;;;altezza svincoloPonte Milvio;Tamponamento Multiplo;Rettilineo;Due carreggiate;Bagnato (pioggia);Asfaltata;Verticale ed orizzontale;Pioggia in atto;Intenso;Buona;Sufficiente;1;0;0;4;12,48375;41,93991;-1;3;Autovettura privata;In marcia / fermata / arresto;Passeggero;F;Illeso;0;;Non accertato;
3732010;8;15/03/2018 10:25;;LARGO CORRADINO D'ASCANIO;all'intersezione con;VIA LUCIANO CONTI;VIA LUCIANO CONTI;;;Veicolo in marcia contro ostacolo accidentale;;;;;;;;;;0;0;0;1;;;0;1;Autobus di linea;In marcia / fermata / arresto;Conducente;M;Illeso;0;;Non accertato;Inesploso
3732013;8;15/03/2018 17:55;Strada Urbana;VIALE DELLA SORBONA;da specificare;;;;rotat. Columbia usc V.le della Sorbona dir. Oxford;Scontro frontale/laterale DX fra veicoli in marcia;Rotatoria;Una carreggiata a senso unico di marcia;Asciutto;Asfaltata;Verticale ed orizzontale;Nuvoloso;Normale;Buona;Ore Diurne;0;0;0;3;12,61209;41,85466;-1;1;Autovettura privata;In marcia / fermata / arresto;Conducente;M;Illeso;0;;;
3732013;8;15/03/2018 17:55;Strada Urbana;VIALE DELLA SORBONA;da specificare;;;;rotat. Columbia usc V.le della Sorbona dir. Oxford;Scontro frontale/laterale DX fra veicoli in marcia;Rotatoria;Una carreggiata a senso unico di marcia;Asciutto;Asfaltata;Verticale ed orizzontale;Nuvoloso;Normale;Buona;Ore Diurne;0;0;0;3;12,61209;41,85466;-1;2;Autovettura privata;In marcia / fermata / arresto;Conducente;M;Illeso;0;;;
3732013;8;15/03/2018 17:55;Strada Urbana;VIALE DELLA SORBONA;da specificare;;;;rotat. Columbia usc V.le della Sorbona dir. Oxford;Scontro frontale/laterale DX fra veicoli in marcia;Rotatoria;Una carreggiata a senso unico di marcia;Asciutto;Asfaltata;Verticale ed orizzontale;Nuvoloso;Normale;Buona;Ore Diurne;0;0;0;3;12,61209;41,85466;-1;2;Autovettura privata;In marcia / fermata / arresto;Passeggero;F;Illeso;0;;Non accertato;
3732015;8;15/03/2018 14:45;Strada Urbana;VIALE DELLA SORBONA;in prossimità;;del palo luce n.;117;;Scontro frontale/laterale DX fra veicoli in marcia;Rotatoria;Una carreggiata a senso unico di marcia;Asciutto;Asfaltata;Verticale ed orizzontale;Nuvoloso;Normale;Buona;Ore Diurne;0;0;0;2;12,61209;41,85466;-1;1;Autovettura privata;In marcia / fermata / arresto;Conducente;M;Illeso;0;;Non accertato;Inesploso
3732015;8;15/03/2018 14:45;Strada Urbana;VIALE DELLA SORBONA;in prossimità;;del palo luce n.;117;;Scontro frontale/laterale DX fra veicoli in marcia;Rotatoria;Una carreggiata a senso unico di marcia;Asciutto;Asfaltata;Verticale ed orizzontale;Nuvoloso;Normale;Buona;Ore Diurne;0;0;0;2;12,61209;41,85466;-1;2;Autovettura privata;In marcia / fermata / arresto;Conducente;F;Illeso;0;;Non accertato;Inesploso
3732016;13;15/03/2018 15:55;Strada Urbana;VIA ANTONIO LOTTI;in corrispondenza;;del civico n.;210;;Veicolo in marcia contro ostacolo accidentale;Rettilineo;Una carreggiata a doppio senso;Asciutto;Asfaltata;Assente;Nuvoloso;Normale;Buona;Ore Diurne;0;0;0;2;12,38013;41,75182;-1;1;Autovettura privata;In marcia / fermata / arresto;Conducente;M;Illeso;0;;Non accertato;Inesploso
3732016;13;15/03/2018 15:55;Strada Urbana;VIA ANTONIO LOTTI;in corrispondenza;;del civico n.;210;;Veicolo in marcia contro ostacolo accidentale;Rettilineo;Una carreggiata a doppio senso;Asciutto;Asfaltata;Assente;Nuvoloso;Normale;Buona;Ore Diurne;0;0;0;2;12,38013;41,75182;-1;1;Autovettura privata;In marcia / fermata / arresto;Passeggero;M;Illeso;0;;Non accertato;
3732020;8;15/03/2018 08:35;Strada Urbana;VIA PIETRO ROMANO;all'intersezione con;VIA ANGIOLO CASSIOLI;VIA ANGIOLO CASSIOLI;;;Scontro frontale/laterale SX fra veicoli in marcia;Incrocio;Una carreggiata a doppio senso;Asciutto;Asfaltata;Verticale ed orizzontale;Sereno;Normale;Buona;Ore Diurne;1;0;0;0;;;0;1;Motociclo a solo;In marcia / fermata / arresto;Conducente;M;Rimandato;0;NON DECEDUTO;Non accertato;
3732021;8;15/03/2018 10:45;;VIA COLLATINA;in prossimità;;del civico n.;726;;Veicolo in marcia contro ostacolo accidentale;;;;;;;;;;0;0;0;1;;;0;1;Autovettura privata;In marcia / fermata / arresto;Conducente;M;Illeso;0;;Non accertato;Inesploso
3732022;6;15/03/2018 21:30;Strada Urbana;VIA AMICO ASPERTINI;in prossimità;;del civico n.;353;;Veicolo in marcia contro ostacolo accidentale;Curva a visuale libera;Una carreggiata a doppio senso;Bagnato (pioggia);Con buche;Orizzontale;Nuvoloso;Scarso;Buona;Sufficiente;0;0;0;1;12,62947;41,87137;-1;1;Autovettura privata;In marcia / fermata / arresto;Conducente;M;Illeso;0;;;
3732023;1;15/03/2018 16:30;Strada Urbana;VIALE GLORIOSO;in prossimità;;del civico n.;21;;Investimento di pedone;Pendenza;Una carreggiata a senso unico di marcia;Asciutto;Asfaltata;Verticale ed orizzontale;Nuvoloso;Normale;Buona;Ore Diurne;1;0;0;2;;;0;;;;Pedone;M;Rimandato;0;NON DECEDUTO;;
3732023;1;15/03/2018 16:30;Strada Urbana;VIALE GLORIOSO;in prossimità;;del civico n.;21;;Investimento di pedone;Pendenza;Una carreggiata a senso unico di marcia;Asciutto;Asfaltata;Verticale ed orizzontale;Nuvoloso;Normale;Buona;Ore Diurne;1;0;0;2;;;0;1;Autovettura privata;In marcia / fermata / arresto;Conducente;F;Illeso;0;;;