Protocollo;Gruppo;DataOraIncidente;Localizzazione1;STRADA1;Localizzazione2;STRADA2;Strada02;Chilometrica;DaSpecificare;NaturaIncidente;particolaritastrade;TipoStrada;FondoStradale;Pavimentazione;Segnaletica;CondizioneAtmosferica;Traffico;Visibilita;Illuminazione;NUM_FERITI;NUM_RISERVATA;NUM_MORTI;NUM_ILLESI;Longitudine;Latitudine;Confermato;Progressivo;TipoVeicolo;StatoVeicolo;TipoPersona;Sesso;Tipolesione;Deceduto;DecedutoDopo;CinturaCascoUtilizzato;Airbag
3732023;1;15/03/2018 16:30;Strada Urbana;VIALE GLORIOSO;in prossimità;;del civico n.;21;;Investimento di pedone;Pendenza;Una carreggiata a senso unico di marcia;Asciutto;Asfaltata;Verticale ed orizzontale;Nuvoloso;Normale;Buona;Ore Diurne;1;0;0;2;;;0;1;Autovettura privata;In marcia / fermata / arresto;Passeggero;F;Illeso;0;;;
3732024;8;15/03/2018 14:30;Statale entro l'abitato;VIA CASILINA;da specificare;;;;dir. fuori Roma alt. Via Varvariana;Scontro frontale/laterale SX fra veicoli in marcia;Rettilineo;Una carreggiata a doppio senso;Asciutto;Asfaltata;Verticale ed orizzontale;Sereno;Intenso;Buona;Ore Diurne;1;0;0;1;12,6517;41,8638;-1;1;Autovettura privata;In marcia / fermata / arresto;Conducente;M;Illeso;0;;Non accertato;Inesploso
3732024;8;15/03/2018 14:30;Statale entro l'abitato;VIA CASILINA;da specificare;;;;dir. fuori Roma alt. Via Varvariana;Scontro frontale/laterale SX fra veicoli in marcia;Rettilineo;Una carreggiata a doppio senso;Asciutto;Asfaltata;Verticale ed orizzontale;Sereno;Intenso;Buona;Ore Diurne;1;0;0;1;12,6517;41,8638;-1;2;Motociclo a solo;In marcia / fermata / arresto;Conducente;M;Rimandato;0;NON DECEDUTO;Non accertato;
3732025;8;15/03/2018 20:12;;VIA MASSA DI SAN GIULIANO;in prossimità;;del civico n.;471;;Investimento di pedone;;;;;;;;;;1;0;0;1;12,68653;41,91308;0;;;;Pedone;M;Ricoverato;0;NON DECEDUTO;;
3732025;8;15/03/2018 20:12;;VIA MASSA DI SAN GIULIANO;in prossimità;;del civico n.;471;;Investimento di pedone;;;;;;;;;;1;0;0;1;12,68653;41,91308;0;1;Autovettura privata;In marcia / fermata / arresto;Conducente;M;Illeso;0;;Non accertato;
3732043;8;15/03/2018 08:10;;VIA DI GROTTE CELONI;da specificare;;;;.;Veicolo in marcia contro ostacolo accidentale;;;;;;;;;;0;0;0;1;;;0;1;Autovettura privata;In marcia / fermata / arresto;Conducente;M;Illeso;0;;Non accertato;Inesploso
3732045;11;15/03/2018 19:50;Strada Urbana;LARGO MAESTRI DEL LAVORO;da specificare;;;;altezza Viale G. Marconi;Investimento di pedone;Rettilineo;Due carreggiate;Bagnato (pioggia);Asfaltata;Verticale ed orizzontale;Pioggia in atto;Intenso;Buona;Sufficiente;1;0;0;2;12,47448;41,84937;-1;;;;Pedone;M;Rimandato;0;NON DECEDUTO;;
3732045;11;15/03/2018 19:50;Strada Urbana;LARGO MAESTRI DEL LAVORO;da specificare;;;;altezza Viale G. Marconi;Investimento di pedone;Rettilineo;Due carreggiate;Bagnato (pioggia);Asfaltata;Verticale ed orizzontale;Pioggia in atto;Intenso;Buona;Sufficiente;1;0;0;2;12,47448;41,84937;-1;1;Autovettura privata;In marcia / fermata / arresto;Conducente;M;Illeso;0;;;
3732045;11;15/03/2018 19:50;Strada Urbana;LARGO MAESTRI DEL LAVORO;da specificare;;;;altezza Viale G. Marconi;Investimento di pedone;Rettilineo;Due carreggiate;Bagnato (pioggia);Asfaltata;Verticale ed orizzontale;Pioggia in atto;Intenso;Buona;Sufficiente;1;0;0;2;12,47448;41,84937;-1;1;Autovettura privata;In marcia / fermata / arresto;Passeggero;M;Illeso;0;;;
3732050;11;16/03/2018 15:15;Strada Urbana;PIAZZA GIOVANNI DA VERRAZZANO;da specificare;;;;area parcheggio di fronte al civ. 41;Veicolo in marcia contro veicoli in sosta;Rettilineo;Una carreggiata a doppio senso;Asciutto;Asfaltata;Verticale ed orizzontale;Nuvoloso;Scarso;Buona;Ore Diurne;0;0;0;1;12,48903;41,86889;-1;1;Autocarro inferiore 35 q.;In marcia / fermata / arresto;Conducente;M;Illeso;0;;Non accertato;Inesploso
3732057;8;15/03/2018 15:00;;VIA COLLATINA;da specificare;;;;direzione fuori Roma alt. via Rosatelli;Veicolo in marcia contro ostacolo accidentale;;;;;;;;;;0;0;0;2;;;0;1;Autovettura privata;In marcia / fermata / arresto;Conducente;M;Illeso;0;;Non accertato;Inesploso
3732057;8;15/03/2018 15:00;;VIA COLLATINA;da specificare;;;;direzione fuori Roma alt. via Rosatelli;Veicolo in marcia contro ostacolo accidentale;;;;;;;;;;0;0;0;2;;;0;1;Autovettura privata;In marcia / fermata / arresto;Passeggero;M;Illeso;0;;Non accertato;Inesploso
3732058;13;15/03/2018 16:40;;VIA DEL MARE;in corrispondenza;;della chilometrica;24.15;;Veicolo in marcia contro ostacolo accidentale;;;;;;;;;;0;0;0;1;;;0;1;Autovettura privata;In marcia / fermata / arresto;Conducente;M;Illeso;0;;Non accertato;Inesploso
3732074;1;16/03/2018 01:10;Strada Urbana;LARGO CORRADO RICCI;in prossimità;;del civico n.;FC 41;;Veicolo in marcia contro ostacolo fisso;Rettilineo;Una carreggiata a doppio senso;Bagnato (pioggia);Asfaltata;Verticale ed orizzontale;Pioggia in atto;Scarso;Sufficiente;Sufficiente;0;0;0;1;;;0;1;Autovettura pubblica;In marcia / fermata / arresto;Conducente;M;Illeso;0;;;
3732077;10;15/03/2018 16:15;Strada Urbana;VIA LUCREZIA ROMANA;in prossimità;;del civico n.;128;;Veicolo in marcia contro ostacolo accidentale;Rettilineo;Una carreggiata a senso unico di marcia;Asciutto;Con buche;Verticale;Nuvoloso;Scarso;Sufficiente;Ore Diurne;0;0;0;1;12,58452;41,82598;-1;1;Autovettura privata;In marcia / fermata / arresto;Conducente;M;Illeso;0;;Non accertato;Inesploso
3732079;8;15/03/2018 17:45;;VIA DI TORRENOVA;in corrispondenza;;del civico n.;295;;Veicolo in marcia contro ostacolo accidentale;;;;;;;;;;0;0;0;1;;;0;1;Autovettura privata;In marcia / fermata / arresto;Conducente;M;Illeso;0;;Non accertato;Inesploso
3732083;19;15/03/2018 16:05;Strada Urbana;VIA EUGENIO FRATE;da specificare;;;;prossimità capolinea 985;Scontro laterale fra veicoli in marcia;Curva a visuale libera;Una carreggiata a senso unico di marcia;Asciutto;Asfaltata;Assente;Nuvoloso;Scarso;Buona;Ore Diurne;0;0;0;2;12,43462;41,92016;-1;1;Autobus urbano;In marcia / fermata / arresto;Conducente;M;Illeso;0;;Esente;Inesistente
3732083;19;15/03/2018 16:05;Strada Urbana;VIA EUGENIO FRATE;da specificare;;;;prossimità capolinea 985;Scontro laterale fra veicoli in marcia;Curva a visuale libera;Una carreggiata a senso unico di marcia;Asciutto;Asfaltata;Assente;Nuvoloso;Scarso;Buona;Ore Diurne;0;0;0;2;12,43462;41,92016;-1;2;Autovettura privata;In marcia / fermata / arresto;Conducente;M;Illeso;0;;Non accertato;Inesploso
3732090;8;15/03/2018 13:00;;VIA PRENESTINA;in corrispondenza;;del civico n.;1082;;Veicolo in marcia contro ostacolo accidentale;;;;;;;;;;0;0;0;1;;;0;1;Autovettura privata;In marcia / fermata / arresto;Conducente;F;Illeso;0;;Non accertato;Inesploso
3732093;4;15/03/2018 15:00;Provinciale;VIA NOMENTANA;in prossimità;;della chilometrica;15.2;;Veicolo in marcia contro ostacolo fisso;Rettilineo;Una carreggiata a doppio senso;Asciutto;Asfaltata;Verticale ed orizzontale;Sereno;Normale;Buona;Ore Diurne;2;0;0;1;12,55901;41,9438;-1;1;Autovettura privata;In marcia / fermata / arresto;Conducente;M;Rimandato;0;NON DECEDUTO;Non accertato;
3732093;4;15/03/2018 15:00;Provinciale;VIA NOMENTANA;in prossimità;;della chilometrica;15.2;;Veicolo in marcia contro ostacolo fisso;Rettilineo;Una carreggiata a doppio senso;Asciutto;Asfaltata;Verticale ed orizzontale;Sereno;Normale;Buona;Ore Diurne;2;0;0;1;12,55901;41,9438;-1;1;Autovettura privata;In marcia / fermata / arresto;Passeggero;F;Rimandato;0;NON DECEDUTO;Non accertato;
3732093;4;15/03/2018 15:00;Provinciale;VIA NOMENTANA;in prossimità;;della chilometrica;15.2;;Veicolo in marcia contro ostacolo fisso;Rettilineo;Una carreggiata a doppio senso;Asciutto;Asfaltata;Verticale ed orizzontale;Sereno;Normale;Buona;Ore Diurne;2;0;0;1;12,55901;41,9438;-1;1;Autovettura privata;In marcia / fermata / arresto;Passeggero;M;Illeso;0;;Non accertato;
3732095;20;15/03/2018 14:15;Strada Urbana;VIA DELLA CAMILLUCCIA;in prossimità;;del civico n.;355;;Tamponamento Multiplo;Rettilineo;Una carreggiata a doppio senso;Asciutto;Asfaltata;Verticale ed orizzontale;Nuvoloso;Normale;Buona;Ore Diurne;0;0;0;4;12,44406;41,94004;-1;1;Quadriciclo leggero;In marcia / fermata / arresto;Conducente;M;Illeso;0;;;
3732095;20;15/03/2018 14:15;Strada Urbana;VIA DELLA CAMILLUCCIA;in prossimità;;del civico n.;355;;Tamponamento Multiplo;Rettilineo;Una carreggiata a doppio senso;Asciutto;Asfaltata;Verticale ed orizzontale;Nuvoloso;Normale;Buona;Ore Diurne;0;0;0;4;12,44406;41,94004;-1;2;Autovettura privata;In marcia / fermata / arresto;Conducente;M;Illeso;0;;;
3732095;20;15/03/2018 14:15;Strada Urbana;VIA DELLA CAMILLUCCIA;in prossimità;;del civico n.;355;;Tamponamento Multiplo;Rettilineo;Una carreggiata a doppio senso;Asciutto;Asfaltata;Verticale ed orizzontale;Nuvoloso;Normale;Buona;Ore Diurne;0;0;0;4;12,44406;41,94004;-1;3;Autovettura privata;In marcia / fermata / arresto;Conducente;F;Illeso;0;;;
3732095;20;15/03/2018 14:15;Strada Urbana;VIA DELLA CAMILLUCCIA;in prossimità;;del civico n.;355;;Tamponamento Multiplo;Rettilineo;Una carreggiata a doppio senso;Asciutto;Asfaltata;Verticale ed orizzontale;Nuvoloso;Normale;Buona;Ore Diurne;0;0;0;4;12,44406;41,94004;-1;4;Autovettura privata;In marcia / fermata / arresto;Conducente;M;Illeso;0;;;
3732104;20;16/03/2018 01:20;Provinciale entro l'abitato;VIA FLAMINIA;da specificare;;;;sottopasso Euclide dir. centro pros. palo ACEA 90;Veicolo in marcia contro ostacolo fisso;Curva a visuale libera;Una carreggiata a senso unico di marcia;Bagnato (pioggia);Asfaltata;Verticale ed orizzontale;Pioggia in atto;Scarso;Buona;Sufficiente;0;0;0;1;12,48479;41,95145;-1;1;Autovettura privata;In marcia / fermata / arresto;Conducente;F;Illeso;0;;Non accertato;
3732105;8;15/03/2018 13:30;Strada Urbana;VIA DEGAS;in prossimità;;del palo luce n.;11;;Veicolo in marcia contro ostacolo accidentale;Rettilineo;Una carreggiata a doppio senso;Asciutto;Con buche;Verticale ed orizzontale;Nuvoloso;Scarso;Buona;Ore Diurne;0;0;0;1;12,65561;41,85857;-1;1;Autovettura privata;In marcia / fermata / arresto;Conducente;M;Illeso;0;;Non accertato;Inesploso
3732110;5;15/03/2018 08:15;Strada Urbana;PIAZZA EDOARDO PERSICO;da specificare;;;;ALT. VIA A. BERGAMINI DIR. VIA I. GIORDANI;Scontro laterale fra veicoli in marcia;Rettilineo;Una carreggiata a senso unico di marcia;Asciutto;Asfaltata;Orizzontale;Sereno;Normale;Buona;Ore Diurne;0;0;0;3;12,55905;41,90627;-1;1;Autovettura privata;In marcia / fermata / arresto;Conducente;F;Illeso;0;;Non accertato;Inesploso
3732110;5;15/03/2018 08:15;Strada Urbana;PIAZZA EDOARDO PERSICO;da specificare;;;;ALT. VIA A. BERGAMINI DIR. VIA I. GIORDANI;Scontro laterale fra veicoli in marcia;Rettilineo;Una carreggiata a senso unico di marcia;Asciutto;Asfaltata;Orizzontale;Sereno;Normale;Buona;Ore Diurne;0;0;0;3;12,55905;41,90627;-1;1;Autovettura privata;In marcia / fermata / arresto;Passeggero;F;Illeso;0;;Non accertato;Inesploso
3732110;5;15/03/2018 08:15;Strada Urbana;PIAZZA EDOARDO PERSICO;da specificare;;;;ALT. VIA A. BERGAMINI DIR. VIA I. GIORDANI;Scontro laterale fra veicoli in marcia;Rettilineo;Una carreggiata a senso unico di marcia;Asciutto;Asfaltata;Orizzontale;Sereno;Normale;Buona;Ore Diurne;0;0;0;3;12,55905;41,90627;-1;2;Autocarro inferiore 35 q.;In marcia / fermata / arresto;Conducente;M;Illeso;0;;Non accertato;Inesploso
3732114;1;07/03/2018 20:30;Strada Urbana;VIA MARIA ADELAIDE;da specificare;;;;ALTEZZA CIVICO 9;Veicolo in marcia contro ostacolo accidentale;Rettilineo;Una carreggiata a senso unico di marcia;Bagnato (pioggia);Asfaltata;Verticale ed orizzontale;Pioggia in atto;Normale;Insufficiente;Insufficiente;1;0;0;0;12,47418;41,91037;-1;1;Motociclo a solo;In marcia / fermata / arresto;Conducente;M;Rimandato;0;NON DECEDUTO;;
3732117;8;15/03/2018 14:00;;VIALE DEI ROMANISTI;in prossimità;;del palo luce n.;1;;Veicolo in marcia contro ostacolo accidentale;;;;;;;;;;0;0;0;1;;;0;1;Autobus di linea;In marcia / fermata / arresto;Conducente;M;Illeso;0;;Non accertato;Inesploso
3732120;10;16/03/2018 02:10;Strada Urbana;VIA APPIA NUOVA;all'intersezione con;PIAZZA CAMILLO FINOCCHIARO APRILE;PIAZZA CAMILLO FINOCCHIARO APRILE;;;Scontro frontale/laterale DX fra veicoli in marcia;Incrocio;Più di due carreggiate;Bagnato (pioggia);Asfaltata;Verticale ed orizzontale;Pioggia in atto;Scarso;Sufficiente;Sufficiente;1;0;0;4;12,52018;41,87664;-1;1;Autovettura privata;In marcia / fermata / arresto;Conducente;M;Illeso;0;;Non accertato;Inesploso
3732120;10;16/03/2018 02:10;Strada Urbana;VIA APPIA NUOVA;all'intersezione con;PIAZZA CAMILLO FINOCCHIARO APRILE;PIAZZA CAMILLO FINOCCHIARO APRILE;;;Scontro frontale/laterale DX fra veicoli in marcia;Incrocio;Più di due carreggiate;Bagnato (pioggia);Asfaltata;Verticale ed orizzontale;Pioggia in atto;Scarso;Sufficiente;Sufficiente;1;0;0;4;12,52018;41,87664;-1;2;Autovettura privata;In marcia / fermata / arresto;Conducente;F;Illeso;0;;Non accertato;Inesploso
3732120;10;16/03/2018 02:10;Strada Urbana;VIA APPIA NUOVA;all'intersezione con;PIAZZA CAMILLO FINOCCHIARO APRILE;PIAZZA CAMILLO FINOCCHIARO APRILE;;;Scontro frontale/laterale DX fra veicoli in marcia;Incrocio;Più di due carreggiate;Bagnato (pioggia);Asfaltata;Verticale ed orizzontale;Pioggia in atto;Scarso;Sufficiente;Sufficiente;1;0;0;4;12,52018;41,87664;-1;2;Autovettura privata;In marcia / fermata / arresto;Passeggero;F;Illeso;0;;Non accertato;Inesploso
3732120;10;16/03/2018 02:10;Strada Urbana;VIA APPIA NUOVA;all'intersezione con;PIAZZA CAMILLO FINOCCHIARO APRILE;PIAZZA CAMILLO FINOCCHIARO APRILE;;;Scontro frontale/laterale DX fra veicoli in marcia;Incrocio;Più di due carreggiate;Bagnato (pioggia);Asfaltata;Verticale ed orizzontale;Pioggia in atto;Scarso;Sufficiente;Sufficiente;1;0;0;4;12,52018;41,87664;-1;2;Autovettura privata;In marcia / fermata / arresto;Passeggero;F;Rimandato;0;NON DECEDUTO;Non accertato;Inesploso
3732120;10;16/03/2018 02:10;Strada Urbana;VIA APPIA NUOVA;all'intersezione con;PIAZZA CAMILLO FINOCCHIARO APRILE;PIAZZA CAMILLO FINOCCHIARO APRILE;;;Scontro frontale/laterale DX fra veicoli in marcia;Incrocio;Più di due carreggiate;Bagnato (pioggia);Asfaltata;Verticale ed orizzontale;Pioggia in atto;Scarso;Sufficiente;Sufficiente;1;0;0;4;12,52018;41,87664;-1;2;Autovettura privata;In marcia / fermata / arresto;Passeggero;F;Illeso;0;;Non accertato;Inesploso
3732126;4;15/03/2018 10:35;Strada Urbana;VIALE SORA LELLA;da specificare;;;;prossimità Via Ave Ninchi;Veicolo in marcia contro ostacolo accidentale;Rettilineo;Una carreggiata a senso unico di marcia;Asciutto;Asfaltata;Verticale ed orizzontale;Nuvoloso;Normale;Buona;Ore Diurne;0;0;0;1;12,56777;41,95212;-1;1;Autovettura privata;In marcia / fermata / arresto;Conducente;M;Illeso;0;;;
3732129;5;15/03/2018 14:30;Strada Urbana;VIALE GIUSEPPE CAPPI;all'intersezione con;VIA BELMONTE IN SABINA;VIA BELMONTE IN SABINA;;;Tamponamento;Rotatoria;Una carreggiata a senso unico di marcia;Asciutto;Asfaltata;Verticale ed orizzontale;Nuvoloso;Normale;Buona;Ore Diurne;0;0;0;1;12,58827;41,94509;-1;1;Autovettura privata;In marcia / fermata / arresto;Conducente;M;Illeso;0;;Non accertato;
3732135;10;16/03/2018 07:45;Strada Urbana;VIA TUSCOLANA;in prossimità;;del civico n.;1570;;Tamponamento Multiplo;Rettilineo;Più di due carreggiate;Bagnato (umidità in atto);Asfaltata;Orizzontale;Nuvoloso;Intenso;Buona;Ore Diurne;0;0;0;4;12,57357;41,84948;-1;1;Autovettura privata;In marcia / fermata / arresto;Conducente;M;Illeso;0;;Non accertato;Inesploso
3732135;10;16/03/2018 07:45;Strada Urbana;VIA TUSCOLANA;in prossimità;;del civico n.;1570;;Tamponamento Multiplo;Rettilineo;Più di due carreggiate;Bagnato (umidità in atto);Asfaltata;Orizzontale;Nuvoloso;Intenso;Buona;Ore Diurne;0;0;0;4;12,57357;41,84948;-1;2;Autovettura privata;In marcia / fermata / arresto;Conducente;M;Illeso;0;;Non accertato;Inesploso
3732135;10;16/03/2018 07:45;Strada Urbana;VIA TUSCOLANA;in prossimità;;del civico n.;1570;;Tamponamento Multiplo;Rettilineo;Più di due carreggiate;Bagnato (umidità in atto);Asfaltata;Orizzontale;Nuvoloso;Intenso;Buona;Ore Diurne;0;0;0;4;12,57357;41,84948;-1;3;Autovettura privata;In marcia / fermata / arresto;Conducente;M;Illeso;0;;Non accertato;Inesploso
3732135;10;16/03/2018 07:45;Strada Urbana;VIA TUSCOLANA;in prossimità;;del civico n.;1570;;Tamponamento Multiplo;Rettilineo;Più di due carreggiate;Bagnato (umidità in atto);Asfaltata;Orizzontale;Nuvoloso;Intenso;Buona;Ore Diurne;0;0;0;4;12,57357;41,84948;-1;3;Autovettura privata;In marcia / fermata / arresto;Passeggero;M;Illeso;0;;Non accertato;Inesploso
3732136;4;15/03/2018 22:00;Strada Urbana;VIA DELLE VIGNE NUOVE;da specificare;;;;altezza via R. De Liguoro;Veicolo in marcia contro ostacolo accidentale;Rettilineo;Due carreggiate;Sdrucciolevole (fango);Con buche;Verticale ed orizzontale;Pioggia in atto;Scarso;Sufficiente;Sufficiente;0;0;0;1;12,53582;41,95536;-1;1;Autovettura privata;In marcia / fermata / arresto;Conducente;M;Illeso;0;;;
3732137;20;15/03/2018 19:20;Strada Urbana;VIA CASSIA NUOVA;da specificare;;;;fronte palo ACEA n° 19;Veicolo in marcia contro ostacolo fisso;Rettilineo;Una carreggiata a doppio senso;Bagnato (pioggia);Con buche;Orizzontale;Pioggia in atto;Normale;Buona;Sufficiente;0;0;0;1;12,46491;41,95356;-1;1;Autovettura privata;In marcia / fermata / arresto;Conducente;M;Illeso;0;;Non accertato;
3732147;4;15/03/2018 08:45;Strada Urbana;VIA VAGLIA;da specificare;;;;fronte Largo Gambassi;Scontro frontale/laterale SX fra veicoli in marcia;Curva a visuale libera;Una carreggiata a doppio senso;Asciutto;Asfaltata;Verticale ed orizzontale;Nuvoloso;Normale;Buona;Ore Diurne;0;0;0;3;12,51474;41,94998;-1;1;Autovettura privata;In marcia / fermata / arresto;Conducente;M;Illeso;0;;;
3732147;4;15/03/2018 08:45;Strada Urbana;VIA VAGLIA;da specificare;;;;fronte Largo Gambassi;Scontro frontale/laterale SX fra veicoli in marcia;Curva a visuale libera;Una carreggiata a doppio senso;Asciutto;Asfaltata;Verticale ed orizzontale;Nuvoloso;Normale;Buona;Ore Diurne;0;0;0;3;12,51474;41,94998;-1;1;Autovettura privata;In marcia / fermata / arresto;Passeggero;F;Illeso;0;;;
3732147;4;15/03/2018 08:45;Strada Urbana;VIA VAGLIA;da specificare;;;;fronte Largo Gambassi;Scontro frontale/laterale SX fra veicoli in marcia;Curva a visuale libera;Una carreggiata a doppio senso;Asciutto;Asfaltata;Verticale ed orizzontale;Nuvoloso;Normale;Buona;Ore Diurne;0;0;0;3;12,51474;41,94998;-1;2;Motociclo a solo;In marcia / fermata / arresto;Conducente;M;Illeso;0;;;
3732148;17;15/03/2018 19:00;Strada Urbana;VIA IGEA;all'intersezione con;VIA TRIONFALE;VIA TRIONFALE;;;Investimento di pedone;Intersezione semaforizzata;Una carreggiata a doppio senso;Bagnato (pioggia);Asfaltata;Verticale ed orizzontale;Pioggia in atto;Normale;Sufficiente;Sufficiente;1;0;0;1;12,44173;41,9346;-1;;;;Pedone;M;Rimandato;0;NON DECEDUTO;;
3732148;17;15/03/2018 19:00;Strada Urbana;VIA IGEA;all'intersezione con;VIA TRIONFALE;VIA TRIONFALE;;;Investimento di pedone;Intersezione semaforizzata;Una carreggiata a doppio senso;Bagnato (pioggia);Asfaltata;Verticale ed orizzontale;Pioggia in atto;Normale;Sufficiente;Sufficiente;1;0;0;1;12,44173;41,9346;-1;1;Autovettura privata;In marcia / fermata / arresto;Conducente;F;Illeso;0;;;
3732149;4;15/03/2018 22:50;Strada Urbana;PIAZZALE BRASILE;da specificare;;;;prossimità v.le S. Paolo del Brasile;Scontro laterale fra veicoli in marcia;Rettilineo;Due carreggiate;Bagnato (pioggia);Asfaltata;Verticale ed orizzontale;Pioggia in atto;Normale;Sufficiente;Sufficiente;0;0;0;3;12,48839;41,90986;-1;1;Autovettura privata;In marcia / fermata / arresto;Conducente;F;Illeso;0;;Non accertato;
3732149;4;15/03/2018 22:50;Strada Urbana;PIAZZALE BRASILE;da specificare;;;;prossimità v.le S. Paolo del Brasile;Scontro laterale fra veicoli in marcia;Rettilineo;Due carreggiate;Bagnato (pioggia);Asfaltata;Verticale ed orizzontale;Pioggia in atto;Normale;Sufficiente;Sufficiente;0;0;0;3;12,48839;41,90986;-1;1;Autovettura privata;In marcia / fermata / arresto;Passeggero;M;Illeso;0;;Non accertato;
3732149;4;15/03/2018 22:50;Strada Urbana;PIAZZALE BRASILE;da specificare;;;;prossimità v.le S. Paolo del Brasile;Scontro laterale fra veicoli in marcia;Rettilineo;Due carreggiate;Bagnato (pioggia);Asfaltata;Verticale ed orizzontale;Pioggia in atto;Normale;Sufficiente;Sufficiente;0;0;0;3;12,48839;41,90986;-1;2;Autocarro inferiore 35 q.;In marcia / fermata / arresto;Conducente;M;Illeso;0;;Non accertato;
3732157;5;15/03/2018 20:05;Strada Urbana;VIA DELIA;da specificare;;;;FRONTE CIVICO 46;Scontro laterale fra veicoli in marcia;Rettilineo;Una carreggiata a senso unico di marcia;Bagnato (pioggia);Asfaltata;Verticale ed orizzontale;Pioggia in atto;Scarso;Buona;Sufficiente;0;0;0;2;12,61058;41,91556;-1;1;Autocarro inferiore 35 q.;In marcia / fermata / arresto;Conducente;M;Illeso;0;;Non accertato;Inesploso
3732157;5;15/03/2018 20:05;Strada Urbana;VIA DELIA;da specificare;;;;FRONTE CIVICO 46;Scontro laterale fra veicoli in marcia;Rettilineo;Una carreggiata a senso unico di marcia;Bagnato (pioggia);Asfaltata;Verticale ed orizzontale;Pioggia in atto;Scarso;Buona;Sufficiente;0;0;0;2;12,61058;41,91556;-1;2;Autovettura privata;In marcia / fermata / arresto;Conducente;M;Illeso;0;;Non accertato;Inesploso
3732163;5;16/03/2018 01:15;Strada Urbana;VIA TOR DE' SCHIAVI;in prossimità;;del civico n.;320;;Scontro laterale fra veicoli in marcia;Rettilineo;Due carreggiate;Bagnato (pioggia);Asfaltata;Verticale ed orizzontale;Nuvoloso;Scarso;Buona;Sufficiente;1;0;0;4;12,56076;41,89046;-1;1;Autovettura privata;In marcia / fermata / arresto;Conducente;M;Illeso;0;;Non accertato;Inesploso
3732163;5;16/03/2018 01:15;Strada Urbana;VIA TOR DE' SCHIAVI;in prossimità;;del civico n.;320;;Scontro laterale fra veicoli in marcia;Rettilineo;Due carreggiate;Bagnato (pioggia);Asfaltata;Verticale ed orizzontale;Nuvoloso;Scarso;Buona;Sufficiente;1;0;0;4;12,56076;41,89046;-1;1;Autovettura privata;In marcia / fermata / arresto;Passeggero;M;Illeso;0;;Non accertato;Inesploso
3732163;5;16/03/2018 01:15;Strada Urbana;VIA TOR DE' SCHIAVI;in prossimità;;del civico n.;320;;Scontro laterale fra veicoli in marcia;Rettilineo;Due carreggiate;Bagnato (pioggia);Asfaltata;Verticale ed orizzontale;Nuvoloso;Scarso;Buona;Sufficiente;1;0;0;4;12,56076;41,89046;-1;1;Autovettura privata;In marcia / fermata / arresto;Passeggero;M;Illeso;0;;Non accertato;Inesploso
3732163;5;16/03/2018 01:15;Strada Urbana;VIA TOR DE' SCHIAVI;in prossimità;;del civico n.;320;;Scontro laterale fra veicoli in marcia;Rettilineo;Due carreggiate;Bagnato (pioggia);Asfaltata;Verticale ed orizzontale;Nuvoloso;Scarso;Buona;Sufficiente;1;0;0;4;12,56076;41,89046;-1;2;Motociclo a solo;In marcia / fermata / arresto;Conducente;M;Rimandato;0;NON DECEDUTO;Non accertato;
3732165;1;15/03/2018 19:00;Strada Urbana;PIAZZALE ARDEATINO;all'intersezione semaforizzata con;VIA COSTANTINO BELTRAMI;VIA COSTANTINO BELTRAMI;;;Scontro frontale/laterale SX fra veicoli in marcia;Intersezione semaforizzata;Una carreggiata a doppio senso;Asciutto;Asfaltata;Verticale ed orizzontale;Nuvoloso;Normale;Sufficiente;Sufficiente;2;0;0;0;12,48753;41,87657;-1;1;Autovettura privata;In marcia / fermata / arresto;Conducente;F;Rimandato;0;NON DECEDUTO;;
3732165;1;15/03/2018 19:00;Strada Urbana;PIAZZALE ARDEATINO;all'intersezione semaforizzata con;VIA COSTANTINO BELTRAMI;VIA COSTANTINO BELTRAMI;;;Scontro frontale/laterale SX fra veicoli in marcia;Intersezione semaforizzata;Una carreggiata a doppio senso;Asciutto;Asfaltata;Verticale ed orizzontale;Nuvoloso;Normale;Sufficiente;Sufficiente;2;0;0;0;12,48753;41,87657;-1;2;Autovettura privata;In marcia / fermata / arresto;Conducente;M;Rimandato;0;NON DECEDUTO;;
3732172;12;16/03/2018 07:35;Provinciale;VIA ARDEATINA;da specificare;;;;prossimità Via Casali di Porta medaglia;Scontro laterale fra veicoli in marcia;Rettilineo;Una carreggiata a doppio senso;Bagnato (pioggia);Con buche;Verticale;Nuvoloso;Intenso;Buona;Ore Diurne;0;0;0;2;12,55879;41,76332;-1;1;Motociclo a solo;In marcia / fermata / arresto;Conducente;M;Illeso;0;;Non accertato;
3732172;12;16/03/2018 07:35;Provinciale;VIA ARDEATINA;da specificare;;;;prossimità Via Casali di Porta medaglia;Scontro laterale fra veicoli in marcia;Rettilineo;Una carreggiata a doppio senso;Bagnato (pioggia);Con buche;Verticale;Nuvoloso;Intenso;Buona;Ore Diurne;0;0;0;2;12,55879;41,76332;-1;2;Autovettura privata;In marcia / fermata / arresto;Conducente;M;Illeso;0;;Non accertato;Inesploso