Protocollo;Gruppo;DataOraIncidente;Localizzazione1;STRADA1;Localizzazione2;STRADA2;Strada02;Chilometrica;DaSpecificare;NaturaIncidente;particolaritastrade;TipoStrada;FondoStradale;Pavimentazione;Segnaletica;CondizioneAtmosferica;Traffico;Visibilita;Illuminazione;NUM_FERITI;NUM_RISERVATA;NUM_MORTI;NUM_ILLESI;Longitudine;Latitudine;Confermato;Progressivo;TipoVeicolo;StatoVeicolo;TipoPersona;Sesso;Tipolesione;Deceduto;DecedutoDopo;CinturaCascoUtilizzato;Airbag
3738232;12;20/03/2018 08:40;Provinciale;VIA LAURENTINA;all'intersezione con;VIA DEL FOSSO DI RADICELLI;VIA DEL FOSSO DI RADICELLI;;;Scontro frontale/laterale DX fra veicoli in marcia;Rotatoria;Una carreggiata a doppio senso;Bagnato (umidità in atto);Asfaltata;Verticale ed orizzontale;Sereno;Normale;Buona;Ore Diurne;0;0;0;2;12,50918;41,72716;-1;1;Autovettura privata;In marcia / fermata / arresto;Conducente;M;Illeso;0;;Non accertato;Inesploso
3738232;12;20/03/2018 08:40;Provinciale;VIA LAURENTINA;all'intersezione con;VIA DEL FOSSO DI RADICELLI;VIA DEL FOSSO DI RADICELLI;;;Scontro frontale/laterale DX fra veicoli in marcia;Rotatoria;Una carreggiata a doppio senso;Bagnato (umidità in atto);Asfaltata;Verticale ed orizzontale;Sereno;Normale;Buona;Ore Diurne;0;0;0;2;12,50918;41,72716;-1;2;Autovettura privata;In marcia / fermata / arresto;Conducente;M;Illeso;0;;Non accertato;Inesploso
3738241;4;19/03/2018 09:30;Strada Urbana;VIA SANT'ANGELO IN VADO;in prossimità;;del civico n.;49;;Scontro laterale fra veicoli in marcia;Curva senza visuale libera;Una carreggiata a doppio senso;Bagnato (pioggia);Asfaltata;Verticale ed orizzontale;Pioggia in atto;Scarso;Buona;Ore Diurne;0;0;0;3;12,50789;41,99265;-1;1;Autovettura privata;In marcia / fermata / arresto;Conducente;F;Illeso;0;;Non accertato;
3738241;4;19/03/2018 09:30;Strada Urbana;VIA SANT'ANGELO IN VADO;in prossimità;;del civico n.;49;;Scontro laterale fra veicoli in marcia;Curva senza visuale libera;Una carreggiata a doppio senso;Bagnato (pioggia);Asfaltata;Verticale ed orizzontale;Pioggia in atto;Scarso;Buona;Ore Diurne;0;0;0;3;12,50789;41,99265;-1;2;Motrice;In marcia / fermata / arresto;Conducente;M;Illeso;0;;Non accertato;
3738241;4;19/03/2018 09:30;Strada Urbana;VIA SANT'ANGELO IN VADO;in prossimità;;del civico n.;49;;Scontro laterale fra veicoli in marcia;Curva senza visuale libera;Una carreggiata a doppio senso;Bagnato (pioggia);Asfaltata;Verticale ed orizzontale;Pioggia in atto;Scarso;Buona;Ore Diurne;0;0;0;3;12,50789;41,99265;-1;3;Rimorchio;In marcia / fermata / arresto;Conducente;M;Illeso;0;;Non accertato;
3738246;1;19/03/2018 16:10;Strada Urbana;VIA MARMORATA;in prossimità;;del civico n.;12:00 AM;;Scontro laterale fra veicoli in marcia;Rettilineo;Più di due carreggiate;Asciutto;Asfaltata;Verticale ed orizzontale;Sereno;Normale;Buona;Ore Diurne;0;0;0;2;;;0;1;Autovettura privata;In marcia / fermata / arresto;Conducente;F;Illeso;0;;;
3738246;1;19/03/2018 16:10;Strada Urbana;VIA MARMORATA;in prossimità;;del civico n.;12:00 AM;;Scontro laterale fra veicoli in marcia;Rettilineo;Più di due carreggiate;Asciutto;Asfaltata;Verticale ed orizzontale;Sereno;Normale;Buona;Ore Diurne;0;0;0;2;;;0;2;Motociclo a solo;In marcia / fermata / arresto;Conducente;M;Illeso;0;;Non accertato;
3738247;4;19/03/2018 07:50;Strada Urbana;VIA DARIO NICCODEMI;in corrispondenza;;del civico n.;88-88/a;;Scontro frontale/laterale DX fra veicoli in marcia;Rettilineo;Una carreggiata a doppio senso;Bagnato (pioggia);Asfaltata;Assente;Pioggia in atto;Normale;Buona;Ore Diurne;0;0;0;2;12,54912;41,9558;-1;2;Autovettura privata;In marcia / fermata / arresto;Conducente;F;Illeso;0;;;
3738247;4;19/03/2018 07:50;Strada Urbana;VIA DARIO NICCODEMI;in corrispondenza;;del civico n.;88-88/a;;Scontro frontale/laterale DX fra veicoli in marcia;Rettilineo;Una carreggiata a doppio senso;Bagnato (pioggia);Asfaltata;Assente;Pioggia in atto;Normale;Buona;Ore Diurne;0;0;0;2;12,54912;41,9558;-1;3;Autovettura privata;In marcia / fermata / arresto;Conducente;F;Illeso;0;;;
3738253;8;19/03/2018 11:20;Strada Urbana;VIA CASILINA;all'intersezione con;VIA DI TORRE SPACCATA;VIA DI TORRE SPACCATA;;;Scontro frontale/laterale DX fra veicoli in marcia;Incrocio;Una carreggiata a doppio senso;Bagnato (pioggia);Asfaltata;Verticale ed orizzontale;Pioggia in atto;Intenso;Buona;Ore Diurne;1;0;0;1;12,62713;41,86324;-1;1;Autovettura privata;In marcia / fermata / arresto;Conducente;F;Illeso;0;;Non accertato;Inesploso
3738253;8;19/03/2018 11:20;Strada Urbana;VIA CASILINA;all'intersezione con;VIA DI TORRE SPACCATA;VIA DI TORRE SPACCATA;;;Scontro frontale/laterale DX fra veicoli in marcia;Incrocio;Una carreggiata a doppio senso;Bagnato (pioggia);Asfaltata;Verticale ed orizzontale;Pioggia in atto;Intenso;Buona;Ore Diurne;1;0;0;1;12,62713;41,86324;-1;2;Autovettura privata;In marcia / fermata / arresto;Conducente;M;Rifiuta cure immediate;0;NON DECEDUTO;Non accertato;Inesploso
3738255;8;19/03/2018 11:00;;VIA DI SALONE;da specificare;;;;50 m prima civico 323 dir. via Tiburtina;Veicolo in marcia contro ostacolo accidentale;;;;;;;;;;0;0;0;1;12,63305;41,92273;0;1;Autovettura privata;In marcia / fermata / arresto;Conducente;M;Illeso;0;;Non accertato;Inesploso
3738261;8;19/03/2018 07:15;;VIA DI TOR VERGATA;all'intersezione con;VIA CESARE PERONI;VIA CESARE PERONI;;;Veicolo in marcia contro ostacolo accidentale;;;;;;;;;;0;0;0;1;12,62265;41,8469;0;1;Autovettura privata;In marcia / fermata / arresto;Conducente;M;Illeso;0;;Non accertato;Inesploso
3738265;3;19/03/2018 08:25;Strada Urbana;LARGO SETTIMIO PASSAMONTI;da specificare;;;;pross.tà ingresso parcheggio;Veicolo in marcia contro ostacolo accidentale;Rettilineo;Una carreggiata a senso unico di marcia;Bagnato (pioggia);Con buche;Verticale ed orizzontale;Pioggia in atto;Normale;Buona;Ore Diurne;0;0;0;1;12,52147;41,89744;-1;1;Motociclo a solo;In marcia / fermata / arresto;Conducente;M;Illeso;0;;Non accertato;
3738266;8;19/03/2018 09:45;;VIA DELL' OSTERIA DEL FINOCCHIO;in prossimità;;del civico n.;150;;Veicolo in marcia contro ostacolo accidentale;;;;;;;;;;0;0;0;1;12,67677;41,8558;0;1;Autovettura privata;In marcia / fermata / arresto;Conducente;M;Illeso;0;;Non accertato;Inesploso
3738269;13;19/03/2018 21:00;Strada Urbana;VIA DANIELE DA SAMARATE;in corrispondenza;;del civico n.;57;;Veicolo in marcia contro ostacolo accidentale;Rettilineo;Una carreggiata a doppio senso;Asciutto;Con buche;Assente;Nuvoloso;Scarso;Buona;Sufficiente;0;0;0;2;12,3674;41,78392;-1;1;Autovettura privata;In marcia / fermata / arresto;Passeggero;M;Illeso;0;;Non accertato;Inesploso
3738269;13;19/03/2018 21:00;Strada Urbana;VIA DANIELE DA SAMARATE;in corrispondenza;;del civico n.;57;;Veicolo in marcia contro ostacolo accidentale;Rettilineo;Una carreggiata a doppio senso;Asciutto;Con buche;Assente;Nuvoloso;Scarso;Buona;Sufficiente;0;0;0;2;12,3674;41,78392;-1;1;Autovettura privata;In marcia / fermata / arresto;Conducente;F;Illeso;0;;Non accertato;Inesploso
3738271;8;19/03/2018 05:30;Strada Urbana;VIA DI SALONE;in prossimità;;del civico n.;323;;Veicolo in marcia contro ostacolo accidentale;Rettilineo;Una carreggiata a doppio senso;Bagnato (pioggia);Con buche;Orizzontale;Pioggia in atto;Normale;Sufficiente;Inesistente;0;0;0;1;12,63369;41,91817;-1;1;Autovettura privata;In marcia / fermata / arresto;Conducente;F;Illeso;0;;Non accertato;Inesploso
3738277;1;19/03/2018 18:45;Strada Urbana;VIA DELL'ESQUILINO;all'intersezione semaforizzata con;VIA CAVOUR;VIA CAVOUR;;;Scontro laterale fra veicoli in marcia;Intersezione semaforizzata;Una carreggiata a senso unico di marcia;Asciutto;Asfaltata;Verticale ed orizzontale;Sereno;Intenso;Buona;Sufficiente;0;0;0;2;;;0;1;Autovettura pubblica;In marcia / fermata / arresto;Conducente;M;Illeso;0;;Non accertato;Inesploso
3738277;1;19/03/2018 18:45;Strada Urbana;VIA DELL'ESQUILINO;all'intersezione semaforizzata con;VIA CAVOUR;VIA CAVOUR;;;Scontro laterale fra veicoli in marcia;Intersezione semaforizzata;Una carreggiata a senso unico di marcia;Asciutto;Asfaltata;Verticale ed orizzontale;Sereno;Intenso;Buona;Sufficiente;0;0;0;2;;;0;2;Autovettura privata;In marcia / fermata / arresto;Conducente;M;Illeso;0;;Non accertato;Inesploso
3738284;3;19/03/2018 12:40;Strada Urbana;PORTA PIA;all'intersezione con;CORSO D'ITALIA;CORSO D'ITALIA;;;Scontro laterale fra veicoli in marcia;Intersezione semaforizzata;Due carreggiate;Bagnato (pioggia);Asfaltata;Verticale ed orizzontale;Pioggia in atto;Normale;Buona;Ore Diurne;1;0;0;1;12,50258;41,91115;-1;1;Motociclo a solo;In marcia / fermata / arresto;Conducente;F;Rimandato;0;NON DECEDUTO;Non accertato;
3738284;3;19/03/2018 12:40;Strada Urbana;PORTA PIA;all'intersezione con;CORSO D'ITALIA;CORSO D'ITALIA;;;Scontro laterale fra veicoli in marcia;Intersezione semaforizzata;Due carreggiate;Bagnato (pioggia);Asfaltata;Verticale ed orizzontale;Pioggia in atto;Normale;Buona;Ore Diurne;1;0;0;1;12,50258;41,91115;-1;2;Autobus turistico;In marcia / fermata / arresto;Conducente;M;Illeso;0;;Non accertato;Inesploso
3738293;4;19/03/2018 16:00;Strada Urbana;VIA LUIGI CAPUANA;in corrispondenza;;del civico n.;152;;Scontro frontale/laterale SX fra veicoli in marcia;Rettilineo;Due carreggiate;Bagnato (pioggia);Asfaltata;Assente;Sereno;Normale;Buona;Ore Diurne;0;0;0;2;12,54774;41,94819;-1;1;Autovettura privata;In marcia / fermata / arresto;Conducente;M;Illeso;0;;;
3738293;4;19/03/2018 16:00;Strada Urbana;VIA LUIGI CAPUANA;in corrispondenza;;del civico n.;152;;Scontro frontale/laterale SX fra veicoli in marcia;Rettilineo;Due carreggiate;Bagnato (pioggia);Asfaltata;Assente;Sereno;Normale;Buona;Ore Diurne;0;0;0;2;12,54774;41,94819;-1;2;Autovettura privata;In marcia / fermata / arresto;Conducente;M;Illeso;0;;;
3738305;1;20/03/2018 04:30;Strada Urbana;VIA ODDONE DI CLUNY;in corrispondenza;;del civico n.;5;;Veicolo in marcia contro veicoli in sosta;Curva a visuale libera;Una carreggiata a senso unico di marcia;Bagnato (umidità in atto);Asfaltata;Verticale ed orizzontale;Nuvoloso;Scarso;Sufficiente;Sufficiente;0;0;0;1;12,48057;41,87995;-1;1;Autovettura privata;In marcia / fermata / arresto;Conducente;M;Illeso;0;;Non accertato;Inesploso
3738363;9;07/03/2018 23:00;Strada Urbana;VIA GALLARATE;all'intersezione semaforizzata con;VIA CASILINA VECCHIA;VIA CASILINA VECCHIA;;;Veicolo in marcia contro ostacolo accidentale;Intersezione stradale segnalata;Due carreggiate;Asciutto;Asfaltata;Verticale ed orizzontale;Sereno;Normale;Sufficiente;Sufficiente;0;0;0;1;12,52205;41,88794;-1;1;Autovettura privata;In marcia / fermata / arresto;Conducente;M;Illeso;0;;Non accertato;Inesploso
3738372;7;18/03/2018 19:27;Strada Urbana;VIA DI PASSOLOMBARDO;da specificare;;;;uscita torrenova direzione frascati;Veicolo in marcia contro ostacolo fisso;Rettilineo;Una carreggiata a doppio senso;Bagnato (pioggia);Asfaltata;Verticale ed orizzontale;Pioggia in atto;Normale;Buona;Sufficiente;0;0;0;2;12,63495;41,83594;-1;1;Autovettura privata;In marcia / fermata / arresto;Conducente;M;Illeso;0;;Non accertato;Inesploso
3738372;7;18/03/2018 19:27;Strada Urbana;VIA DI PASSOLOMBARDO;da specificare;;;;uscita torrenova direzione frascati;Veicolo in marcia contro ostacolo fisso;Rettilineo;Una carreggiata a doppio senso;Bagnato (pioggia);Asfaltata;Verticale ed orizzontale;Pioggia in atto;Normale;Buona;Sufficiente;0;0;0;2;12,63495;41,83594;-1;1;Autovettura privata;In marcia / fermata / arresto;Passeggero;F;Illeso;0;;Non accertato;Inesploso
3738379;12;19/03/2018 21:30;Strada Urbana;VIA PONTINA;da specificare;;;;altezza GRA direzione Latina;Veicolo in marcia contro ostacolo accidentale;Rettilineo;Una carreggiata a doppio senso;Asciutto;Asfaltata;Verticale ed orizzontale;Nuvoloso;Scarso;Buona;Sufficiente;0;0;0;1;12,45218;41,79401;-1;1;Autovettura privata;In marcia / fermata / arresto;Conducente;F;Illeso;0;;Non accertato;
3738396;18;20/03/2018 09:30;Strada Urbana;VIA BALDO DEGLI UBALDI;all'intersezione semaforizzata con;VIA GIACINTO DE VECCHI PIERALICE;VIA GIACINTO DE VECCHI PIERALICE;;;Scontro laterale fra veicoli in marcia;Intersezione semaforizzata;Due carreggiate;Bagnato (pioggia);Asfaltata;Verticale ed orizzontale;Pioggia in atto;Intenso;Buona;Ore Diurne;0;0;0;2;12,43874;41,90122;-1;1;Autovettura privata;In marcia / fermata / arresto;Conducente;F;Illeso;0;;Non accertato;Inesploso
3738396;18;20/03/2018 09:30;Strada Urbana;VIA BALDO DEGLI UBALDI;all'intersezione semaforizzata con;VIA GIACINTO DE VECCHI PIERALICE;VIA GIACINTO DE VECCHI PIERALICE;;;Scontro laterale fra veicoli in marcia;Intersezione semaforizzata;Due carreggiate;Bagnato (pioggia);Asfaltata;Verticale ed orizzontale;Pioggia in atto;Intenso;Buona;Ore Diurne;0;0;0;2;12,43874;41,90122;-1;2;Autocarro superiore 35 q.;In marcia / fermata / arresto;Conducente;M;Illeso;0;;Non accertato;Inesploso
3738397;7;18/03/2018 19:50;Strada Urbana;VIA DI PASSOLOMBARDO;da specificare;;;;uscita torrenova direzione frascati;Veicolo in marcia contro ostacolo fisso;Rettilineo;Una carreggiata a doppio senso;Bagnato (pioggia);Asfaltata;Verticale ed orizzontale;Pioggia in atto;Normale;Sufficiente;Sufficiente;0;0;0;1;12,63495;41,83594;-1;1;Autovettura privata;In marcia / fermata / arresto;Conducente;M;Illeso;0;;Non accertato;Inesploso
3738430;7;18/03/2018 22:30;Strada Urbana;VIA DI PASSOLOMBARDO;da specificare;;;;uscita torrenova direzione Frascati;Veicolo in marcia contro ostacolo fisso;Rettilineo;Una carreggiata a doppio senso;Bagnato (pioggia);Asfaltata;Verticale ed orizzontale;Pioggia in atto;Normale;Sufficiente;Sufficiente;0;0;0;3;12,63495;41,83594;-1;1;Autovettura privata;In marcia / fermata / arresto;Passeggero;F;Illeso;0;;Non accertato;Inesploso
3738430;7;18/03/2018 22:30;Strada Urbana;VIA DI PASSOLOMBARDO;da specificare;;;;uscita torrenova direzione Frascati;Veicolo in marcia contro ostacolo fisso;Rettilineo;Una carreggiata a doppio senso;Bagnato (pioggia);Asfaltata;Verticale ed orizzontale;Pioggia in atto;Normale;Sufficiente;Sufficiente;0;0;0;3;12,63495;41,83594;-1;1;Autovettura privata;In marcia / fermata / arresto;Conducente;M;Illeso;0;;Non accertato;Inesploso
3738430;7;18/03/2018 22:30;Strada Urbana;VIA DI PASSOLOMBARDO;da specificare;;;;uscita torrenova direzione Frascati;Veicolo in marcia contro ostacolo fisso;Rettilineo;Una carreggiata a doppio senso;Bagnato (pioggia);Asfaltata;Verticale ed orizzontale;Pioggia in atto;Normale;Sufficiente;Sufficiente;0;0;0;3;12,63495;41,83594;-1;1;Autovettura privata;In marcia / fermata / arresto;Passeggero;M;Illeso;0;;;
3738455;17;19/03/2018 19:00;Strada Urbana;VIALE VATICANO;in prossimità;;del civico n.;90;;Investimento di pedone;Rettilineo;Una carreggiata a doppio senso;Bagnato (umidità in atto);Asfaltata;Verticale ed orizzontale;Sereno;Normale;Sufficiente;Sufficiente;1;1;0;0;12,45164;41,90662;0;;;;Pedone;F;Prognosi riservata;0;NON DECEDUTO;;
3738455;17;19/03/2018 19:00;Strada Urbana;VIALE VATICANO;in prossimità;;del civico n.;90;;Investimento di pedone;Rettilineo;Una carreggiata a doppio senso;Bagnato (umidità in atto);Asfaltata;Verticale ed orizzontale;Sereno;Normale;Sufficiente;Sufficiente;1;1;0;0;12,45164;41,90662;0;1;Motociclo con passeggero;In marcia / fermata / arresto;Conducente;M;Rimandato;0;NON DECEDUTO;;
3738459;1;19/03/2018 22:35;Strada Urbana;PIAZZA DELLA CANCELLERIA;in prossimità;;del civico n.;81;;Veicolo in marcia contro veicolo arresto;Rettilineo;Una carreggiata a doppio senso;Bagnato (umidità in atto);In cubetti di porfido;Verticale ed orizzontale;Nuvoloso;Scarso;Sufficiente;Sufficiente;0;0;0;3;12,47197;41,89627;-1;1;Autovettura privata;In marcia / fermata / arresto;Conducente;M;Illeso;0;;;
3738459;1;19/03/2018 22:35;Strada Urbana;PIAZZA DELLA CANCELLERIA;in prossimità;;del civico n.;81;;Veicolo in marcia contro veicolo arresto;Rettilineo;Una carreggiata a doppio senso;Bagnato (umidità in atto);In cubetti di porfido;Verticale ed orizzontale;Nuvoloso;Scarso;Sufficiente;Sufficiente;0;0;0;3;12,47197;41,89627;-1;1;Autovettura privata;In marcia / fermata / arresto;Passeggero;F;Illeso;0;;;
3738459;1;19/03/2018 22:35;Strada Urbana;PIAZZA DELLA CANCELLERIA;in prossimità;;del civico n.;81;;Veicolo in marcia contro veicolo arresto;Rettilineo;Una carreggiata a doppio senso;Bagnato (umidità in atto);In cubetti di porfido;Verticale ed orizzontale;Nuvoloso;Scarso;Sufficiente;Sufficiente;0;0;0;3;12,47197;41,89627;-1;2;Autovettura pubblica;In marcia / fermata / arresto;Conducente;M;Illeso;0;;;
3738473;12;15/03/2018 19:10;Provinciale;VIA ARDEATINA;in prossimità;;della chilometrica;19;;Scontro frontale/laterale SX fra veicoli in marcia;Rettilineo;Una carreggiata a doppio senso;Bagnato (pioggia);Asfaltata;Verticale ed orizzontale;Pioggia in atto;Normale;Insufficiente;Inesistente;1;0;0;2;12,56087;41,75186;-1;1;Autovettura privata;In marcia / fermata / arresto;Conducente;M;Rimandato;0;NON DECEDUTO;Utilizzato;Esploso
3738473;12;15/03/2018 19:10;Provinciale;VIA ARDEATINA;in prossimità;;della chilometrica;19;;Scontro frontale/laterale SX fra veicoli in marcia;Rettilineo;Una carreggiata a doppio senso;Bagnato (pioggia);Asfaltata;Verticale ed orizzontale;Pioggia in atto;Normale;Insufficiente;Inesistente;1;0;0;2;12,56087;41,75186;-1;2;Autovettura privata;In marcia / fermata / arresto;Conducente;F;Illeso;0;;Utilizzato;Esploso
3738473;12;15/03/2018 19:10;Provinciale;VIA ARDEATINA;in prossimità;;della chilometrica;19;;Scontro frontale/laterale SX fra veicoli in marcia;Rettilineo;Una carreggiata a doppio senso;Bagnato (pioggia);Asfaltata;Verticale ed orizzontale;Pioggia in atto;Normale;Insufficiente;Inesistente;1;0;0;2;12,56087;41,75186;-1;2;Autovettura privata;In marcia / fermata / arresto;Passeggero;F;Illeso;0;;Utilizzato;
3738493;12;20/03/2018 10:25;Strada Urbana;PIAZZA JOHN KENNEDY;all'intersezione con;VIALE DELLA CIVILTA' DEL LAVORO;VIALE DELLA CIVILTA' DEL LAVORO;;;Scontro frontale/laterale DX fra veicoli in marcia;Incrocio;Due carreggiate;Asciutto;Asfaltata;Orizzontale;Nuvoloso;Normale;Buona;Ore Diurne;0;0;0;2;12,47318;41,8345;-1;1;Autovettura privata;In marcia / fermata / arresto;Conducente;M;Illeso;0;;Non accertato;Inesploso
3738493;12;20/03/2018 10:25;Strada Urbana;PIAZZA JOHN KENNEDY;all'intersezione con;VIALE DELLA CIVILTA' DEL LAVORO;VIALE DELLA CIVILTA' DEL LAVORO;;;Scontro frontale/laterale DX fra veicoli in marcia;Incrocio;Due carreggiate;Asciutto;Asfaltata;Orizzontale;Nuvoloso;Normale;Buona;Ore Diurne;0;0;0;2;12,47318;41,8345;-1;2;Autovettura privata;In marcia / fermata / arresto;Conducente;F;Illeso;0;;Non accertato;Inesploso
3738496;12;20/03/2018 07:30;Strada Urbana;VIA DEL MARE;in prossimità;;della chilometrica;8.2;;Veicolo in marcia contro ostacolo accidentale;Rettilineo;Una carreggiata a doppio senso;Bagnato (pioggia);Asfaltata;Verticale ed orizzontale;Pioggia in atto;Intenso;Buona;Ore Diurne;0;0;0;1;12,46323;41,84026;-1;1;Autovettura privata;In marcia / fermata / arresto;Conducente;M;Illeso;0;;Non accertato;
3738510;12;19/03/2018 18:50;Strada Urbana;VIA RINALDO D'AMI;in prossimità;;del civico n.;20;;Scontro frontale/laterale DX fra veicoli in marcia;Rettilineo;Una carreggiata a doppio senso;Asciutto;Asfaltata;Verticale ed orizzontale;Nuvoloso;Scarso;Buona;Sufficiente;1;0;0;2;12,428;41,80119;-1;1;Autovettura privata;In marcia / fermata / arresto;Conducente;M;Illeso;0;;;
3738510;12;19/03/2018 18:50;Strada Urbana;VIA RINALDO D'AMI;in prossimità;;del civico n.;20;;Scontro frontale/laterale DX fra veicoli in marcia;Rettilineo;Una carreggiata a doppio senso;Asciutto;Asfaltata;Verticale ed orizzontale;Nuvoloso;Scarso;Buona;Sufficiente;1;0;0;2;12,428;41,80119;-1;1;Autovettura privata;In marcia / fermata / arresto;Passeggero;F;Rimandato;0;NON DECEDUTO;;
3738510;12;19/03/2018 18:50;Strada Urbana;VIA RINALDO D'AMI;in prossimità;;del civico n.;20;;Scontro frontale/laterale DX fra veicoli in marcia;Rettilineo;Una carreggiata a doppio senso;Asciutto;Asfaltata;Verticale ed orizzontale;Nuvoloso;Scarso;Buona;Sufficiente;1;0;0;2;12,428;41,80119;-1;2;Autovettura privata;In marcia / fermata / arresto;Conducente;M;Illeso;0;;;
3738560;9;19/03/2018 19:35;Strada Urbana;VIA APPIA NUOVA;in corrispondenza;;del civico n.;174;;Veicolo in marcia contro ostacolo accidentale;Rettilineo;Una carreggiata a senso unico di marcia;Asciutto;Asfaltata;Verticale ed orizzontale;Sereno;Normale;Sufficiente;Ore Diurne;0;0;0;2;12,51451;41,8812;-1;1;Autovettura privata;In marcia / fermata / arresto;Conducente;M;Illeso;0;;Non accertato;Inesploso
3738560;9;19/03/2018 19:35;Strada Urbana;VIA APPIA NUOVA;in corrispondenza;;del civico n.;174;;Veicolo in marcia contro ostacolo accidentale;Rettilineo;Una carreggiata a senso unico di marcia;Asciutto;Asfaltata;Verticale ed orizzontale;Sereno;Normale;Sufficiente;Ore Diurne;0;0;0;2;12,51451;41,8812;-1;1;Autovettura privata;In marcia / fermata / arresto;Passeggero;M;Illeso;0;;Non accertato;Inesploso
3738565;10;20/03/2018 11:35;Strada Urbana;VIA DEI SETTE METRI;in corrispondenza;;del civico n.;13;;Scontro frontale/laterale SX fra veicoli in marcia;Rettilineo;Una carreggiata a doppio senso;Bagnato (pioggia);Asfaltata;Orizzontale;Pioggia in atto;Normale;Buona;Ore Diurne;2;0;0;1;12,61087;41,81931;-1;1;Autovettura privata;In marcia / fermata / arresto;Conducente;M;Illeso;0;;Non accertato;Inesploso
3738565;10;20/03/2018 11:35;Strada Urbana;VIA DEI SETTE METRI;in corrispondenza;;del civico n.;13;;Scontro frontale/laterale SX fra veicoli in marcia;Rettilineo;Una carreggiata a doppio senso;Bagnato (pioggia);Asfaltata;Orizzontale;Pioggia in atto;Normale;Buona;Ore Diurne;2;0;0;1;12,61087;41,81931;-1;2;Motociclo con passeggero;In marcia / fermata / arresto;Conducente;M;Rimandato;0;NON DECEDUTO;Non accertato;
3738565;10;20/03/2018 11:35;Strada Urbana;VIA DEI SETTE METRI;in corrispondenza;;del civico n.;13;;Scontro frontale/laterale SX fra veicoli in marcia;Rettilineo;Una carreggiata a doppio senso;Bagnato (pioggia);Asfaltata;Orizzontale;Pioggia in atto;Normale;Buona;Ore Diurne;2;0;0;1;12,61087;41,81931;-1;2;Motociclo con passeggero;In marcia / fermata / arresto;Passeggero;F;Rimandato;0;NON DECEDUTO;Non accertato;
3738584;15;20/03/2018 11:00;Strada Urbana;VIALE DI PESCINA GAGLIARDA;in corrispondenza;;del civico n.;83;;Veicolo in marcia contro ostacolo accidentale;Rettilineo;Una carreggiata a doppio senso;Bagnato (pioggia);Con buche;Assente;Pioggia in atto;Scarso;Sufficiente;Ore Diurne;0;0;0;1;12,30545;41,82569;-1;1;Autovettura privata;In marcia / fermata / arresto;Conducente;M;Illeso;0;;Non accertato;Inesploso
3738684;18;20/03/2018 12:05;Strada Urbana;VIA GIUSEPPE PIOLTI DE' BIANCHI;in prossimità;;del civico n.;251;;Scontro laterale fra veicoli in marcia;Rettilineo;Una carreggiata a doppio senso;Bagnato (pioggia);Asfaltata;Assente;Pioggia in atto;Scarso;Buona;Ore Diurne;1;0;0;1;12,39872;41,91544;-1;1;Autovettura privata;In marcia / fermata / arresto;Conducente;M;Illeso;0;;Non accertato;Inesploso
3738684;18;20/03/2018 12:05;Strada Urbana;VIA GIUSEPPE PIOLTI DE' BIANCHI;in prossimità;;del civico n.;251;;Scontro laterale fra veicoli in marcia;Rettilineo;Una carreggiata a doppio senso;Bagnato (pioggia);Asfaltata;Assente;Pioggia in atto;Scarso;Buona;Ore Diurne;1;0;0;1;12,39872;41,91544;-1;2;Autovettura privata;In marcia / fermata / arresto;Conducente;F;Rifiuta cure immediate;0;NON DECEDUTO;Non accertato;Inesploso
3738746;10;20/03/2018 11:30;Strada Urbana;VIALE SPARTACO;in prossimità;;del civico n.;45;;Tamponamento;Rettilineo;Due carreggiate;Bagnato (umidità in atto);Asfaltata;Verticale ed orizzontale;Nuvoloso;Normale;Sufficiente;Ore Diurne;0;0;0;2;12,55438;41,85897;-1;1;Autovettura privata;In marcia / fermata / arresto;Conducente;M;Illeso;0;;Non accertato;Inesploso
3738746;10;20/03/2018 11:30;Strada Urbana;VIALE SPARTACO;in prossimità;;del civico n.;45;;Tamponamento;Rettilineo;Due carreggiate;Bagnato (umidità in atto);Asfaltata;Verticale ed orizzontale;Nuvoloso;Normale;Sufficiente;Ore Diurne;0;0;0;2;12,55438;41,85897;-1;2;Autocarro superiore 35 q.;In marcia / fermata / arresto;Conducente;M;Illeso;0;;Non accertato;Inesistente
3738894;12;19/03/2018 09:35;Regionale;VIA PONTINA;da specificare;;;;km 23,700;Tamponamento Multiplo;Rettilineo;Due carreggiate;Bagnato (pioggia);Asfaltata;Verticale ed orizzontale;Pioggia in atto;Intenso;Buona;Ore Diurne;3;0;0;4;12,45218;41,79401;-1;1;Autovettura privata;In marcia / fermata / arresto;Conducente;M;Illeso;0;;Utilizzato;
3738894;12;19/03/2018 09:35;Regionale;VIA PONTINA;da specificare;;;;km 23,700;Tamponamento Multiplo;Rettilineo;Due carreggiate;Bagnato (pioggia);Asfaltata;Verticale ed orizzontale;Pioggia in atto;Intenso;Buona;Ore Diurne;3;0;0;4;12,45218;41,79401;-1;2;Autovettura privata;In marcia / fermata / arresto;Conducente;M;Rimandato;0;NON DECEDUTO;Utilizzato;Inesploso