Protocollo;Gruppo;DataOraIncidente;Localizzazione1;STRADA1;Localizzazione2;STRADA2;Strada02;Chilometrica;DaSpecificare;NaturaIncidente;particolaritastrade;TipoStrada;FondoStradale;Pavimentazione;Segnaletica;CondizioneAtmosferica;Traffico;Visibilita;Illuminazione;NUM_FERITI;NUM_RISERVATA;NUM_MORTI;NUM_ILLESI;Longitudine;Latitudine;Confermato;Progressivo;TipoVeicolo;StatoVeicolo;TipoPersona;Sesso;Tipolesione;Deceduto;DecedutoDopo;CinturaCascoUtilizzato;Airbag
3741939;11;21/03/2018 21:30;Strada Urbana;VIA DELLA VILLA DI LUCINA;all'intersezione con;VIA S. NEMESIO;VIA S. NEMESIO;;;Scontro laterale fra veicoli in marcia;Intersezione non regolata/non segnalata;Una carreggiata a senso unico di marcia;Bagnato (pioggia);Asfaltata;Verticale ed orizzontale;Nuvoloso;Normale;Buona;Sufficiente;2;0;0;1;12,48612;41,85943;-1;2;Motociclo con passeggero;In marcia / fermata / arresto;Conducente;M;Rimandato;0;NON DECEDUTO;;
3741939;11;21/03/2018 21:30;Strada Urbana;VIA DELLA VILLA DI LUCINA;all'intersezione con;VIA S. NEMESIO;VIA S. NEMESIO;;;Scontro laterale fra veicoli in marcia;Intersezione non regolata/non segnalata;Una carreggiata a senso unico di marcia;Bagnato (pioggia);Asfaltata;Verticale ed orizzontale;Nuvoloso;Normale;Buona;Sufficiente;2;0;0;1;12,48612;41,85943;-1;2;Motociclo con passeggero;In marcia / fermata / arresto;Passeggero;M;Rimandato;0;NON DECEDUTO;;
3741943;8;21/03/2018 05:55;;VIA DI TORRE SPACCATA;da specificare;;;;prossimità VIA MICHELE DE MARCO;Veicolo in marcia contro ostacolo accidentale;;;;;;;;;;0;0;0;1;;;0;1;Autobus di linea;In marcia / fermata / arresto;Conducente;M;Illeso;0;;Non accertato;Inesploso
3741945;20;21/03/2018 08:20;Strada Urbana;VIA DEGLI ORTI DELLA FARNESINA;in corrispondenza;;del civico n.;18;;Scontro laterale fra veicoli in marcia;Rettilineo;Una carreggiata a doppio senso;Bagnato (umidità in atto);Asfaltata;Orizzontale;Sereno;Intenso;Buona;Ore Diurne;1;0;0;1;12,46371;41,93985;-1;1;Autovettura privata;In marcia / fermata / arresto;Conducente;F;Illeso;0;;Non accertato;
3741945;20;21/03/2018 08:20;Strada Urbana;VIA DEGLI ORTI DELLA FARNESINA;in corrispondenza;;del civico n.;18;;Scontro laterale fra veicoli in marcia;Rettilineo;Una carreggiata a doppio senso;Bagnato (umidità in atto);Asfaltata;Orizzontale;Sereno;Intenso;Buona;Ore Diurne;1;0;0;1;12,46371;41,93985;-1;2;Motociclo a solo;In marcia / fermata / arresto;Conducente;F;Rimandato;0;NON DECEDUTO;Non accertato;
3741946;13;21/03/2018 05:50;Strada Urbana;LUNGOMARE LUTAZIO CATULO;in prossimità;;del civico n.;10;;Veicolo in marcia contro veicolo in sosta;Rettilineo;Due carreggiate;Bagnato (pioggia);Asfaltata;Verticale ed orizzontale;Sereno;Normale;Buona;Ore Diurne;0;0;0;1;12,31326;41,71617;-1;1;Autovettura privata;In marcia / fermata / arresto;Conducente;M;Illeso;0;;Non accertato;Esploso
3741947;8;21/03/2018 10:00;Strada Urbana;VIA PRENESTINA;da specificare;;;;ALTEZZA VIA PEDICA DI TORANGELA;Scontro laterale fra veicoli in marcia;Pendenza;Una carreggiata a doppio senso;Asciutto;Asfaltata;Assente;Sereno;Intenso;Sufficiente;Ore Diurne;0;0;0;4;12,61059;41,89346;-1;1;Autovettura privata;In marcia / fermata / arresto;Conducente;M;Illeso;0;;Non accertato;Inesploso
3741947;8;21/03/2018 10:00;Strada Urbana;VIA PRENESTINA;da specificare;;;;ALTEZZA VIA PEDICA DI TORANGELA;Scontro laterale fra veicoli in marcia;Pendenza;Una carreggiata a doppio senso;Asciutto;Asfaltata;Assente;Sereno;Intenso;Sufficiente;Ore Diurne;0;0;0;4;12,61059;41,89346;-1;1;Autovettura privata;In marcia / fermata / arresto;Passeggero;M;Illeso;0;;Non accertato;Inesploso
3741947;8;21/03/2018 10:00;Strada Urbana;VIA PRENESTINA;da specificare;;;;ALTEZZA VIA PEDICA DI TORANGELA;Scontro laterale fra veicoli in marcia;Pendenza;Una carreggiata a doppio senso;Asciutto;Asfaltata;Assente;Sereno;Intenso;Sufficiente;Ore Diurne;0;0;0;4;12,61059;41,89346;-1;2;Autovettura privata;In marcia / fermata / arresto;Conducente;F;Illeso;0;;Non accertato;Inesploso
3741947;8;21/03/2018 10:00;Strada Urbana;VIA PRENESTINA;da specificare;;;;ALTEZZA VIA PEDICA DI TORANGELA;Scontro laterale fra veicoli in marcia;Pendenza;Una carreggiata a doppio senso;Asciutto;Asfaltata;Assente;Sereno;Intenso;Sufficiente;Ore Diurne;0;0;0;4;12,61059;41,89346;-1;2;Autovettura privata;In marcia / fermata / arresto;Passeggero;F;Illeso;0;;Non accertato;Inesploso
3741950;15;21/03/2018 17:45;Provinciale;VIA PORTUENSE;da specificare;;;;sottovia autostrada Roma-Fiumicino;Veicolo in marcia contro ostacolo accidentale;Rettilineo;Una carreggiata a doppio senso;Bagnato (umidità in atto);Asfaltata;Verticale ed orizzontale;Nuvoloso;Normale;Buona;Sufficiente;0;0;0;1;12,41402;41,84696;-1;1;Autovettura privata;In marcia / fermata / arresto;Conducente;M;Illeso;0;;Non accertato;Inesploso
3741953;8;21/03/2018 13:00;;VIA DI PRATOLUNGO CASILINO;in prossimità;;del civico n.;79;;Veicolo in marcia contro ostacolo accidentale;;;;;;;;;;0;0;0;1;12,66312;41,88797;0;1;Autovettura privata;In marcia / fermata / arresto;Conducente;M;Illeso;0;;Non accertato;Inesploso
3741954;8;21/03/2018 15:30;;VIA DELL' OSTERIA DEL FINOCCHIO;da specificare;;;;PROSSIMITA' VIA MUSSUMELI;Veicolo in marcia contro ostacolo accidentale;;;;;;;;;;0;0;0;1;;;0;1;Autovettura privata;In marcia / fermata / arresto;Conducente;M;Illeso;0;;Non accertato;Inesploso
3741957;8;21/03/2018 15:30;;VIA DI TOR BELLA MONACA;da specificare;;;;"200 MT DOPO DISTRIBUTORE ""TOTAL ERG""";Veicolo in marcia contro ostacolo accidentale;;;;;;;;;;0;0;0;2;;;0;1;Autovettura privata;In marcia / fermata / arresto;Conducente;M;Illeso;0;;Non accertato;Inesploso
3741957;8;21/03/2018 15:30;;VIA DI TOR BELLA MONACA;da specificare;;;;"200 MT DOPO DISTRIBUTORE ""TOTAL ERG""";Veicolo in marcia contro ostacolo accidentale;;;;;;;;;;0;0;0;2;;;0;1;Autovettura privata;In marcia / fermata / arresto;Passeggero;F;Illeso;0;;Non accertato;Inesploso
3741961;8;21/03/2018 18:40;Strada Urbana;VIA PIETRO PAOLO TROMPEO;in prossimità;;del civico n.;48;;Veicolo in marcia contro ostacolo accidentale;Rettilineo;Una carreggiata a doppio senso;Asciutto;Con buche;Assente;Nuvoloso;Scarso;Insufficiente;Insufficiente;0;0;0;1;12,61888;41,86857;-1;1;Autovettura privata;In marcia / fermata / arresto;Conducente;M;Illeso;0;;Non accertato;Inesploso
3741963;8;21/03/2018 19:30;;VIA SOMMATINO;in corrispondenza;;del civico n.;74;;Veicolo in marcia contro ostacolo accidentale;;;;;;;;;;0;0;0;1;;;0;1;Autovettura privata;In marcia / fermata / arresto;Conducente;M;Illeso;0;;Non accertato;Inesploso
3741966;6;21/03/2018 21:15;;NUOVA CIRCONVALLAZIONE INTERNA;da specificare;;;;tra via tiburtina e stazione tiburtina;Tamponamento;;;;;;;;;;1;0;0;0;;;0;1;Autovettura privata;In marcia / fermata / arresto;Conducente;F;Rimandato;0;NON DECEDUTO;;
3741969;8;21/03/2018 20:30;;VIA COLLATINA;in prossimità;;del civico n.;532;;Veicolo in marcia contro ostacolo accidentale;;;;;;;;;;0;0;0;1;;;0;1;Autovettura privata;In marcia / fermata / arresto;Conducente;M;Illeso;0;;Non accertato;Inesploso
3741973;11;21/03/2018 11:30;Strada Urbana;VIA PIETRO GIORDANI;all'intersezione con;VIA GASPARE GOZZI;VIA GASPARE GOZZI;;;Veicolo in marcia contro ostacolo accidentale;Incrocio;Una carreggiata a senso unico di marcia;Asciutto;Asfaltata;Verticale ed orizzontale;Nuvoloso;Normale;Buona;Ore Diurne;0;0;0;2;12,47845;41,85493;-1;1;Autovettura privata;In marcia / fermata / arresto;Conducente;M;Illeso;0;;;
3741973;11;21/03/2018 11:30;Strada Urbana;VIA PIETRO GIORDANI;all'intersezione con;VIA GASPARE GOZZI;VIA GASPARE GOZZI;;;Veicolo in marcia contro ostacolo accidentale;Incrocio;Una carreggiata a senso unico di marcia;Asciutto;Asfaltata;Verticale ed orizzontale;Nuvoloso;Normale;Buona;Ore Diurne;0;0;0;2;12,47845;41,85493;-1;1;Autovettura privata;In marcia / fermata / arresto;Passeggero;F;Illeso;0;;;
3741975;8;21/03/2018 20:40;Strada Urbana;VIA COLLATINA;in prossimità;;del civico n.;532;;Veicolo in marcia contro ostacolo accidentale;Rettilineo;Una carreggiata a doppio senso;Asciutto;Asfaltata;Orizzontale;Nuvoloso;Scarso;Insufficiente;Inesistente;0;0;0;1;12,61969;41,90624;-1;1;Autovettura privata;In marcia / fermata / arresto;Conducente;M;Illeso;0;;Non accertato;Inesploso
3741979;8;21/03/2018 23:00;Provinciale entro l'abitato;VIA PRENESTINA NUOVA;da specificare;;;;100 MT DOPO INTERSEZ ROCCA CENCIA DIR FUORI ROMA;Veicolo in marcia contro ostacolo accidentale;Rettilineo;Una carreggiata a doppio senso;Asciutto;Asfaltata;Verticale;Nuvoloso;Scarso;Insufficiente;Inesistente;0;0;0;1;12,71106;41,88548;-1;1;Autovettura privata;In marcia / fermata / arresto;Conducente;M;Illeso;0;;Non accertato;Inesploso
3741983;9;21/03/2018 23:00;Strada Urbana;VIA DELLA STAZIONE DI CIAMPINO;all'intersezione con;VIA SCIDO;VIA SCIDO;;;Scontro frontale/laterale SX fra veicoli in marcia;Incrocio;Una carreggiata a doppio senso;Asciutto;Asfaltata;Verticale ed orizzontale;Sereno;Scarso;Buona;Sufficiente;0;0;0;2;12,61476;41,81179;-1;1;Autovettura privata;In marcia / fermata / arresto;Conducente;M;Illeso;0;;Non accertato;Inesploso
3741983;9;21/03/2018 23:00;Strada Urbana;VIA DELLA STAZIONE DI CIAMPINO;all'intersezione con;VIA SCIDO;VIA SCIDO;;;Scontro frontale/laterale SX fra veicoli in marcia;Incrocio;Una carreggiata a doppio senso;Asciutto;Asfaltata;Verticale ed orizzontale;Sereno;Scarso;Buona;Sufficiente;0;0;0;2;12,61476;41,81179;-1;2;Autovettura privata;In marcia / fermata / arresto;Conducente;M;Illeso;0;;Non accertato;Inesploso
3741990;5;21/03/2018 06:25;Strada Urbana;VIA TIBURTINA;in prossimità;;del civico n.;1101;;Scontro laterale fra veicoli in marcia;Rettilineo;Due carreggiate;Bagnato (pioggia);Asfaltata;Verticale ed orizzontale;Pioggia in atto;Normale;Sufficiente;Ore Diurne;0;0;0;2;12,58838;41,93286;-1;1;Autocarro inferiore 35 q.;In marcia / fermata / arresto;Conducente;M;Illeso;0;;Non accertato;Inesploso
3741990;5;21/03/2018 06:25;Strada Urbana;VIA TIBURTINA;in prossimità;;del civico n.;1101;;Scontro laterale fra veicoli in marcia;Rettilineo;Due carreggiate;Bagnato (pioggia);Asfaltata;Verticale ed orizzontale;Pioggia in atto;Normale;Sufficiente;Ore Diurne;0;0;0;2;12,58838;41,93286;-1;2;Motociclo a solo;In marcia / fermata / arresto;Conducente;M;Illeso;0;;Non accertato;
3741999;20;21/03/2018 10:00;Strada Urbana;VIA RENATO SERRA;da specificare;;;;F.C. 130;Veicolo in marcia contro veicoli in sosta;Rettilineo;Una carreggiata a senso unico di marcia;Asciutto;Asfaltata;Orizzontale;Nuvoloso;Normale;Buona;Ore Diurne;0;0;0;1;12,40276;41,9579;-1;1;Autovettura privata;In marcia / fermata / arresto;Conducente;M;Illeso;0;;Non accertato;Inesploso
3742000;5;21/03/2018 07:20;Strada Urbana;VIA POGGIO BRACCIOLINI;all'intersezione con;VIA EMANUELE CIACERI;VIA EMANUELE CIACERI;;;Scontro laterale fra veicoli in marcia;Incrocio;Una carreggiata a doppio senso;Bagnato (pioggia);Asfaltata;Assente;Pioggia in atto;Scarso;Buona;Ore Diurne;0;0;0;3;12,56931;41,94661;-1;1;Autovettura privata;In marcia / fermata / arresto;Conducente;F;Illeso;0;;Non accertato;
3742000;5;21/03/2018 07:20;Strada Urbana;VIA POGGIO BRACCIOLINI;all'intersezione con;VIA EMANUELE CIACERI;VIA EMANUELE CIACERI;;;Scontro laterale fra veicoli in marcia;Incrocio;Una carreggiata a doppio senso;Bagnato (pioggia);Asfaltata;Assente;Pioggia in atto;Scarso;Buona;Ore Diurne;0;0;0;3;12,56931;41,94661;-1;2;Autovettura privata;In marcia / fermata / arresto;Conducente;M;Illeso;0;;Non accertato;
3742000;5;21/03/2018 07:20;Strada Urbana;VIA POGGIO BRACCIOLINI;all'intersezione con;VIA EMANUELE CIACERI;VIA EMANUELE CIACERI;;;Scontro laterale fra veicoli in marcia;Incrocio;Una carreggiata a doppio senso;Bagnato (pioggia);Asfaltata;Assente;Pioggia in atto;Scarso;Buona;Ore Diurne;0;0;0;3;12,56931;41,94661;-1;2;Autovettura privata;In marcia / fermata / arresto;Passeggero;F;Illeso;0;;Non accertato;
3742007;20;21/03/2018 21:45;Strada Urbana;LUNGOTEVERE DELL'ACQUA ACETOSA;da specificare;;;;Pross. Ponte Flaminio;Veicolo in marcia contro ostacolo accidentale;Rettilineo;Una carreggiata a doppio senso;Asciutto;Asfaltata;Orizzontale;Sereno;Normale;Sufficiente;Insufficiente;0;0;0;3;12,47933;41,93438;-1;1;Autovettura privata;In marcia / fermata / arresto;Conducente;M;Illeso;0;;;
3742007;20;21/03/2018 21:45;Strada Urbana;LUNGOTEVERE DELL'ACQUA ACETOSA;da specificare;;;;Pross. Ponte Flaminio;Veicolo in marcia contro ostacolo accidentale;Rettilineo;Una carreggiata a doppio senso;Asciutto;Asfaltata;Orizzontale;Sereno;Normale;Sufficiente;Insufficiente;0;0;0;3;12,47933;41,93438;-1;1;Autovettura privata;In marcia / fermata / arresto;Passeggero;M;Illeso;0;;;
3742007;20;21/03/2018 21:45;Strada Urbana;LUNGOTEVERE DELL'ACQUA ACETOSA;da specificare;;;;Pross. Ponte Flaminio;Veicolo in marcia contro ostacolo accidentale;Rettilineo;Una carreggiata a doppio senso;Asciutto;Asfaltata;Orizzontale;Sereno;Normale;Sufficiente;Insufficiente;0;0;0;3;12,47933;41,93438;-1;1;Autovettura privata;In marcia / fermata / arresto;Passeggero;M;Illeso;0;;;
3742014;13;21/03/2018 11:15;Strada Urbana;PIAZZA ESCHILO;in corrispondenza;;del civico n.;42;;Scontro laterale fra veicoli in marcia;Rotatoria;Una carreggiata a senso unico di marcia;Asciutto;Asfaltata;Orizzontale;Sereno;Normale;Buona;Ore Diurne;0;0;0;2;12,37263;41,76883;-1;1;Autovettura privata;In marcia / fermata / arresto;Conducente;M;Illeso;0;;Non accertato;Inesploso
3742014;13;21/03/2018 11:15;Strada Urbana;PIAZZA ESCHILO;in corrispondenza;;del civico n.;42;;Scontro laterale fra veicoli in marcia;Rotatoria;Una carreggiata a senso unico di marcia;Asciutto;Asfaltata;Orizzontale;Sereno;Normale;Buona;Ore Diurne;0;0;0;2;12,37263;41,76883;-1;2;Autovettura privata;In marcia / fermata / arresto;Conducente;F;Illeso;0;;Non accertato;Inesploso
3742019;7;21/03/2018 15:40;Strada Urbana;VIA DELL'OMO;in corrispondenza;;del civico n.;161;;Scontro laterale fra veicoli in marcia;Rettilineo;Una carreggiata a doppio senso;Asciutto;Asfaltata;Assente;Nuvoloso;Scarso;Buona;Ore Diurne;0;0;0;2;12,61136;41,88785;-1;1;Autovettura privata;In marcia / fermata / arresto;Conducente;M;Illeso;0;;;
3742019;7;21/03/2018 15:40;Strada Urbana;VIA DELL'OMO;in corrispondenza;;del civico n.;161;;Scontro laterale fra veicoli in marcia;Rettilineo;Una carreggiata a doppio senso;Asciutto;Asfaltata;Assente;Nuvoloso;Scarso;Buona;Ore Diurne;0;0;0;2;12,61136;41,88785;-1;2;Autocarro inferiore 35 q.;In marcia / fermata / arresto;Conducente;M;Illeso;0;;;
3742022;5;21/03/2018 08:30;Strada Urbana;PIAZZA DI S. MARIA DELL'OLIVO;all'intersezione con;VIA ALFREDO BUONAIUTI;VIA ALFREDO BUONAIUTI;;;Scontro laterale fra veicoli in marcia;Incrocio;Una carreggiata a doppio senso;Bagnato (pioggia);Asfaltata;Verticale ed orizzontale;Nuvoloso;Normale;Buona;Ore Diurne;2;0;0;1;12,62332;41,9394;-1;1;Autovettura privata;In marcia / fermata / arresto;Conducente;F;Rimandato;0;NON DECEDUTO;Non accertato;
3742022;5;21/03/2018 08:30;Strada Urbana;PIAZZA DI S. MARIA DELL'OLIVO;all'intersezione con;VIA ALFREDO BUONAIUTI;VIA ALFREDO BUONAIUTI;;;Scontro laterale fra veicoli in marcia;Incrocio;Una carreggiata a doppio senso;Bagnato (pioggia);Asfaltata;Verticale ed orizzontale;Nuvoloso;Normale;Buona;Ore Diurne;2;0;0;1;12,62332;41,9394;-1;1;Autovettura privata;In marcia / fermata / arresto;Passeggero;F;Rimandato;0;NON DECEDUTO;Non accertato;Inesploso
3742022;5;21/03/2018 08:30;Strada Urbana;PIAZZA DI S. MARIA DELL'OLIVO;all'intersezione con;VIA ALFREDO BUONAIUTI;VIA ALFREDO BUONAIUTI;;;Scontro laterale fra veicoli in marcia;Incrocio;Una carreggiata a doppio senso;Bagnato (pioggia);Asfaltata;Verticale ed orizzontale;Nuvoloso;Normale;Buona;Ore Diurne;2;0;0;1;12,62332;41,9394;-1;2;Autovettura privata;In marcia / fermata / arresto;Conducente;F;Illeso;0;;;
3742026;11;22/03/2018 00:50;Strada Urbana;PIAZZA MONTE DI TAI;da specificare;;;;prossimità VIA DELLA GRANDE MURAGLIA;Veicolo in marcia contro ostacolo accidentale;Rettilineo;Una carreggiata a senso unico di marcia;Asciutto;Asfaltata;Assente;Sereno;Scarso;Insufficiente;Insufficiente;0;0;0;2;12,43534;41,8076;-1;1;Autovettura privata;In marcia / fermata / arresto;Conducente;M;Illeso;0;;;
3742026;11;22/03/2018 00:50;Strada Urbana;PIAZZA MONTE DI TAI;da specificare;;;;prossimità VIA DELLA GRANDE MURAGLIA;Veicolo in marcia contro ostacolo accidentale;Rettilineo;Una carreggiata a senso unico di marcia;Asciutto;Asfaltata;Assente;Sereno;Scarso;Insufficiente;Insufficiente;0;0;0;2;12,43534;41,8076;-1;1;Autovettura privata;In marcia / fermata / arresto;Passeggero;F;Illeso;0;;;
3742031;5;21/03/2018 09:45;Strada Urbana;PIAZZA RICCARDO BALSAMO CRIVELLI;da specificare;;;;all'alt. VIA T. SMITH dir. VIA DI CASAL BRUCIATO;Veicolo in marcia contro ostacolo accidentale;Rettilineo;Due carreggiate;Bagnato (umidità in atto);Strada pavimentata dissestata;Verticale ed orizzontale;Nuvoloso;Normale;Buona;Ore Diurne;1;0;0;0;12,55243;41,90546;-1;1;Motociclo a solo;In marcia / fermata / arresto;Conducente;M;Rimandato;0;NON DECEDUTO;Utilizzato;
3742043;5;21/03/2018 12:50;Strada Urbana;VIA PIETRO OTTOBONI;all'intersezione con;VIA TANCREDI CARTELLA;VIA TANCREDI CARTELLA;;;Veicolo in marcia contro veicolo fermo;Incrocio;Una carreggiata a doppio senso;Asciutto;Asfaltata;Verticale ed orizzontale;Sereno;Normale;Buona;Ore Diurne;0;0;0;4;12,5399;41,90616;-1;1;Autovettura privata;In marcia / fermata / arresto;Conducente;M;Illeso;0;;Non accertato;Inesistente
3742043;5;21/03/2018 12:50;Strada Urbana;VIA PIETRO OTTOBONI;all'intersezione con;VIA TANCREDI CARTELLA;VIA TANCREDI CARTELLA;;;Veicolo in marcia contro veicolo fermo;Incrocio;Una carreggiata a doppio senso;Asciutto;Asfaltata;Verticale ed orizzontale;Sereno;Normale;Buona;Ore Diurne;0;0;0;4;12,5399;41,90616;-1;1;Autovettura privata;In marcia / fermata / arresto;Passeggero;F;Illeso;0;;Non accertato;Inesistente
3742043;5;21/03/2018 12:50;Strada Urbana;VIA PIETRO OTTOBONI;all'intersezione con;VIA TANCREDI CARTELLA;VIA TANCREDI CARTELLA;;;Veicolo in marcia contro veicolo fermo;Incrocio;Una carreggiata a doppio senso;Asciutto;Asfaltata;Verticale ed orizzontale;Sereno;Normale;Buona;Ore Diurne;0;0;0;4;12,5399;41,90616;-1;2;Autovettura privata;In marcia / fermata / arresto;Conducente;F;Illeso;0;;Non accertato;Inesistente
3742043;5;21/03/2018 12:50;Strada Urbana;VIA PIETRO OTTOBONI;all'intersezione con;VIA TANCREDI CARTELLA;VIA TANCREDI CARTELLA;;;Veicolo in marcia contro veicolo fermo;Incrocio;Una carreggiata a doppio senso;Asciutto;Asfaltata;Verticale ed orizzontale;Sereno;Normale;Buona;Ore Diurne;0;0;0;4;12,5399;41,90616;-1;2;Autovettura privata;In marcia / fermata / arresto;Passeggero;M;Illeso;0;;Non accertato;Inesistente
3742052;5;21/03/2018 15:00;Strada Urbana;VIALE PALMIRO TOGLIATTI;in prossimità;;del civico n.;1477;;Tamponamento Multiplo;Rettilineo;Più di due carreggiate;Asciutto;Asfaltata;Verticale ed orizzontale;Sereno;Intenso;Buona;Ore Diurne;0;0;0;5;12,57091;41,91213;-1;1;Autovettura privata;In marcia / fermata / arresto;Conducente;M;Illeso;0;;Non accertato;Inesploso
3742052;5;21/03/2018 15:00;Strada Urbana;VIALE PALMIRO TOGLIATTI;in prossimità;;del civico n.;1477;;Tamponamento Multiplo;Rettilineo;Più di due carreggiate;Asciutto;Asfaltata;Verticale ed orizzontale;Sereno;Intenso;Buona;Ore Diurne;0;0;0;5;12,57091;41,91213;-1;2;Autovettura privata;In marcia / fermata / arresto;Conducente;M;Illeso;0;;Non accertato;Inesploso
3742052;5;21/03/2018 15:00;Strada Urbana;VIALE PALMIRO TOGLIATTI;in prossimità;;del civico n.;1477;;Tamponamento Multiplo;Rettilineo;Più di due carreggiate;Asciutto;Asfaltata;Verticale ed orizzontale;Sereno;Intenso;Buona;Ore Diurne;0;0;0;5;12,57091;41,91213;-1;2;Autovettura privata;In marcia / fermata / arresto;Passeggero;F;Illeso;0;;Non accertato;Inesploso
3742052;5;21/03/2018 15:00;Strada Urbana;VIALE PALMIRO TOGLIATTI;in prossimità;;del civico n.;1477;;Tamponamento Multiplo;Rettilineo;Più di due carreggiate;Asciutto;Asfaltata;Verticale ed orizzontale;Sereno;Intenso;Buona;Ore Diurne;0;0;0;5;12,57091;41,91213;-1;2;Autovettura privata;In marcia / fermata / arresto;Passeggero;M;Illeso;0;;Non accertato;Inesploso
3742052;5;21/03/2018 15:00;Strada Urbana;VIALE PALMIRO TOGLIATTI;in prossimità;;del civico n.;1477;;Tamponamento Multiplo;Rettilineo;Più di due carreggiate;Asciutto;Asfaltata;Verticale ed orizzontale;Sereno;Intenso;Buona;Ore Diurne;0;0;0;5;12,57091;41,91213;-1;3;Autovettura privata;In marcia / fermata / arresto;Conducente;M;Illeso;0;;Non accertato;Inesploso
3742053;20;21/03/2018 19:30;Strada Urbana;LUNGOTEVERE DELL'ACQUA ACETOSA;da specificare;;;;Pross. Ponte Flaminio;Veicolo in marcia contro ostacolo accidentale;Rettilineo;Una carreggiata a doppio senso;Asciutto;Asfaltata;Orizzontale;Sereno;Normale;Sufficiente;Insufficiente;0;0;0;2;12,47933;41,93438;-1;1;Autovettura privata;In marcia / fermata / arresto;Conducente;F;Illeso;0;;;
3742053;20;21/03/2018 19:30;Strada Urbana;LUNGOTEVERE DELL'ACQUA ACETOSA;da specificare;;;;Pross. Ponte Flaminio;Veicolo in marcia contro ostacolo accidentale;Rettilineo;Una carreggiata a doppio senso;Asciutto;Asfaltata;Orizzontale;Sereno;Normale;Sufficiente;Insufficiente;0;0;0;2;12,47933;41,93438;-1;1;Autovettura privata;In marcia / fermata / arresto;Passeggero;M;Illeso;0;;;
3742061;20;21/03/2018 17:30;Strada Urbana;VIA INVERIGO;all'intersezione con;VIA DALMINE;VIA DALMINE;;;Scontro laterale fra veicoli in marcia;Incrocio;Una carreggiata a doppio senso;Asciutto;Asfaltata;Verticale ed orizzontale;Nebbia;Normale;Buona;Ore Diurne;1;0;0;1;12,4808;42,00254;-1;1;Autovettura privata;In marcia / fermata / arresto;Conducente;M;Rimandato;0;NON DECEDUTO;Non accertato;
3742061;20;21/03/2018 17:30;Strada Urbana;VIA INVERIGO;all'intersezione con;VIA DALMINE;VIA DALMINE;;;Scontro laterale fra veicoli in marcia;Incrocio;Una carreggiata a doppio senso;Asciutto;Asfaltata;Verticale ed orizzontale;Nebbia;Normale;Buona;Ore Diurne;1;0;0;1;12,4808;42,00254;-1;2;Autovettura privata;In marcia / fermata / arresto;Conducente;F;Illeso;0;;Non accertato;
3742072;5;22/03/2018 00:30;Strada Urbana;VIA TIBURTINA;in prossimità;;del civico n.;614;;Scontro frontale/laterale DX fra veicoli in marcia;Rettilineo;Due carreggiate;Asciutto;Asfaltata;Assente;Sereno;Scarso;Sufficiente;Sufficiente;0;0;0;2;12,54616;41,90888;-1;1;Autovettura privata;In marcia / fermata / arresto;Conducente;F;Illeso;0;;Non accertato;Inesploso
3742072;5;22/03/2018 00:30;Strada Urbana;VIA TIBURTINA;in prossimità;;del civico n.;614;;Scontro frontale/laterale DX fra veicoli in marcia;Rettilineo;Due carreggiate;Asciutto;Asfaltata;Assente;Sereno;Scarso;Sufficiente;Sufficiente;0;0;0;2;12,54616;41,90888;-1;2;Motociclo a solo;In marcia / fermata / arresto;Conducente;M;Illeso;0;;;
3742074;1;21/03/2018 11:40;Strada Urbana;VIALE CASTRO PRETORIO;in prossimità;;del civico n.;105;;Tamponamento;Rettilineo;Una carreggiata a doppio senso;Asciutto;Asfaltata;Verticale ed orizzontale;Nuvoloso;Normale;Buona;Ore Diurne;0;0;0;3;12,5082;41,90589;-1;1;Autovettura privata;In marcia / fermata / arresto;Conducente;M;Illeso;0;;Non accertato;Inesploso
3742074;1;21/03/2018 11:40;Strada Urbana;VIALE CASTRO PRETORIO;in prossimità;;del civico n.;105;;Tamponamento;Rettilineo;Una carreggiata a doppio senso;Asciutto;Asfaltata;Verticale ed orizzontale;Nuvoloso;Normale;Buona;Ore Diurne;0;0;0;3;12,5082;41,90589;-1;1;Autovettura privata;In marcia / fermata / arresto;Passeggero;F;Illeso;0;;Non accertato;
3742074;1;21/03/2018 11:40;Strada Urbana;VIALE CASTRO PRETORIO;in prossimità;;del civico n.;105;;Tamponamento;Rettilineo;Una carreggiata a doppio senso;Asciutto;Asfaltata;Verticale ed orizzontale;Nuvoloso;Normale;Buona;Ore Diurne;0;0;0;3;12,5082;41,90589;-1;2;Autovettura pubblica;In marcia / fermata / arresto;Conducente;M;Illeso;0;;;
3742080;5;22/03/2018 01:20;Strada Urbana;VIA GIUSEPPE DONATI;all'intersezione con;VIA CIPRIANO FACCHINETTI;VIA CIPRIANO FACCHINETTI;;;Scontro frontale/laterale SX fra veicoli in marcia;Intersezione semaforizzata;Una carreggiata a senso unico di marcia;Asciutto;Asfaltata;Verticale ed orizzontale;Sereno;Scarso;Buona;Sufficiente;0;0;0;2;12,54838;41,90699;-1;1;Autovettura privata;In marcia / fermata / arresto;Conducente;M;Illeso;0;;Non accertato;Esploso
3742080;5;22/03/2018 01:20;Strada Urbana;VIA GIUSEPPE DONATI;all'intersezione con;VIA CIPRIANO FACCHINETTI;VIA CIPRIANO FACCHINETTI;;;Scontro frontale/laterale SX fra veicoli in marcia;Intersezione semaforizzata;Una carreggiata a senso unico di marcia;Asciutto;Asfaltata;Verticale ed orizzontale;Sereno;Scarso;Buona;Sufficiente;0;0;0;2;12,54838;41,90699;-1;2;Autovettura privata;In marcia / fermata / arresto;Conducente;M;Illeso;0;;Non accertato;Inesploso