Protocollo;Gruppo;DataOraIncidente;Localizzazione1;STRADA1;Localizzazione2;STRADA2;Strada02;Chilometrica;DaSpecificare;NaturaIncidente;particolaritastrade;TipoStrada;FondoStradale;Pavimentazione;Segnaletica;CondizioneAtmosferica;Traffico;Visibilita;Illuminazione;NUM_FERITI;NUM_RISERVATA;NUM_MORTI;NUM_ILLESI;Longitudine;Latitudine;Confermato;Progressivo;TipoVeicolo;StatoVeicolo;TipoPersona;Sesso;Tipolesione;Deceduto;DecedutoDopo;CinturaCascoUtilizzato;Airbag
3743395;16;22/03/2018 08:00;;VIA DELLA PISANA;in corrispondenza;;del civico n.;381;;Scontro frontale/laterale SX fra veicoli in marcia;;;;;;;;;;0;0;0;3;12,41006;41,86612;0;1;Autovettura privata;In marcia / fermata / arresto;Conducente;M;Illeso;0;;;
3743395;16;22/03/2018 08:00;;VIA DELLA PISANA;in corrispondenza;;del civico n.;381;;Scontro frontale/laterale SX fra veicoli in marcia;;;;;;;;;;0;0;0;3;12,41006;41,86612;0;2;Motociclo a solo;In marcia / fermata / arresto;Conducente;M;Illeso;0;;;
3743395;16;22/03/2018 08:00;;VIA DELLA PISANA;in corrispondenza;;del civico n.;381;;Scontro frontale/laterale SX fra veicoli in marcia;;;;;;;;;;0;0;0;3;12,41006;41,86612;0;2;Motociclo a solo;In marcia / fermata / arresto;Passeggero;M;Illeso;0;;;
3743416;18;22/03/2018 17:15;Strada Urbana;PIAZZA DI VILLA CARPEGNA;da specificare;;;;prossimità via di torre rossa;Veicolo in marcia contro ostacolo accidentale;Rettilineo;Due carreggiate;Asciutto;Asfaltata;Verticale ed orizzontale;Sereno;Normale;Buona;Ore Diurne;0;0;0;2;12,42902;41,89542;-1;1;Autovettura privata;In marcia / fermata / arresto;Conducente;M;Illeso;0;;Non accertato;Inesploso
3743416;18;22/03/2018 17:15;Strada Urbana;PIAZZA DI VILLA CARPEGNA;da specificare;;;;prossimità via di torre rossa;Veicolo in marcia contro ostacolo accidentale;Rettilineo;Due carreggiate;Asciutto;Asfaltata;Verticale ed orizzontale;Sereno;Normale;Buona;Ore Diurne;0;0;0;2;12,42902;41,89542;-1;1;Autovettura privata;In marcia / fermata / arresto;Passeggero;F;Illeso;0;;Non accertato;Inesploso
3743471;15;22/03/2018 10:00;Strada Urbana;VIA ANTONINO LO SURDO;in corrispondenza;;del civico n.;49;;Investimento di pedone;Rettilineo;Una carreggiata a senso unico di marcia;Asciutto;Asfaltata;Orizzontale;Sereno;Normale;Buona;Ore Diurne;1;0;0;2;12,47032;41,86294;-1;;;;Pedone;F;Rimandato;0;NON DECEDUTO;;
3743471;15;22/03/2018 10:00;Strada Urbana;VIA ANTONINO LO SURDO;in corrispondenza;;del civico n.;49;;Investimento di pedone;Rettilineo;Una carreggiata a senso unico di marcia;Asciutto;Asfaltata;Orizzontale;Sereno;Normale;Buona;Ore Diurne;1;0;0;2;12,47032;41,86294;-1;1;Autovettura privata;In marcia / fermata / arresto;Conducente;M;Illeso;0;;Non accertato;Inesploso
3743471;15;22/03/2018 10:00;Strada Urbana;VIA ANTONINO LO SURDO;in corrispondenza;;del civico n.;49;;Investimento di pedone;Rettilineo;Una carreggiata a senso unico di marcia;Asciutto;Asfaltata;Orizzontale;Sereno;Normale;Buona;Ore Diurne;1;0;0;2;12,47032;41,86294;-1;1;Autovettura privata;In marcia / fermata / arresto;Passeggero;F;Illeso;0;;Non accertato;
3743482;15;22/03/2018 12:50;;PIAZZA AUGUSTO RIGHI;all'intersezione semaforizzata con;PONTE GUGLIELMO MARCONI;PONTE GUGLIELMO MARCONI;;;Tamponamento;;;;;;;;;;0;0;0;3;12,47005;41,86177;0;1;Autovettura di polizia;In marcia / fermata / arresto;Conducente;M;Illeso;0;;;
3743482;15;22/03/2018 12:50;;PIAZZA AUGUSTO RIGHI;all'intersezione semaforizzata con;PONTE GUGLIELMO MARCONI;PONTE GUGLIELMO MARCONI;;;Tamponamento;;;;;;;;;;0;0;0;3;12,47005;41,86177;0;1;Autovettura di polizia;In marcia / fermata / arresto;Passeggero;M;Illeso;0;;;
3743482;15;22/03/2018 12:50;;PIAZZA AUGUSTO RIGHI;all'intersezione semaforizzata con;PONTE GUGLIELMO MARCONI;PONTE GUGLIELMO MARCONI;;;Tamponamento;;;;;;;;;;0;0;0;3;12,47005;41,86177;0;2;Autovettura privata;In marcia / fermata / arresto;Conducente;F;Illeso;0;;;
3743492;6;22/03/2018 09:55;Strada Urbana;PIAZZALE PRENESTINO;in prossimità;;del civico n.;35;;Scontro laterale fra veicoli in marcia;Rettilineo;Più di due carreggiate;Asciutto;Asfaltata;Orizzontale;Sereno;Intenso;Buona;Ore Diurne;0;0;0;2;12,52709;41,89115;-1;1;Autovettura privata;In marcia / fermata / arresto;Conducente;F;Illeso;0;;;
3743492;6;22/03/2018 09:55;Strada Urbana;PIAZZALE PRENESTINO;in prossimità;;del civico n.;35;;Scontro laterale fra veicoli in marcia;Rettilineo;Più di due carreggiate;Asciutto;Asfaltata;Orizzontale;Sereno;Intenso;Buona;Ore Diurne;0;0;0;2;12,52709;41,89115;-1;2;Autocarro inferiore 35 q.;In marcia / fermata / arresto;Conducente;M;Illeso;0;;;
3743828;1;22/03/2018 13:30;Strada Urbana;PIAZZA DI S. GIOVANNI IN LATERANO;all'intersezione semaforizzata con;VIA MERULANA;VIA MERULANA;;;Scontro laterale fra veicoli in marcia;Incrocio;Più di due carreggiate;Asciutto;Asfaltata;Verticale ed orizzontale;Nuvoloso;Intenso;Buona;Ore Diurne;0;0;0;3;12,50672;41,88687;-1;1;Autovettura privata;In marcia / fermata / arresto;Conducente;M;Illeso;0;;;
3743828;1;22/03/2018 13:30;Strada Urbana;PIAZZA DI S. GIOVANNI IN LATERANO;all'intersezione semaforizzata con;VIA MERULANA;VIA MERULANA;;;Scontro laterale fra veicoli in marcia;Incrocio;Più di due carreggiate;Asciutto;Asfaltata;Verticale ed orizzontale;Nuvoloso;Intenso;Buona;Ore Diurne;0;0;0;3;12,50672;41,88687;-1;1;Autovettura privata;In marcia / fermata / arresto;Passeggero;M;Illeso;0;;;
3743828;1;22/03/2018 13:30;Strada Urbana;PIAZZA DI S. GIOVANNI IN LATERANO;all'intersezione semaforizzata con;VIA MERULANA;VIA MERULANA;;;Scontro laterale fra veicoli in marcia;Incrocio;Più di due carreggiate;Asciutto;Asfaltata;Verticale ed orizzontale;Nuvoloso;Intenso;Buona;Ore Diurne;0;0;0;3;12,50672;41,88687;-1;2;Autocarro inferiore 35 q.;In marcia / fermata / arresto;Conducente;M;Illeso;0;;;
3743830;11;22/03/2018 09:20;Strada Urbana;PIAZZALE DEI CADUTI DELLA MONTAGNOLA;all'intersezione con;VIA FONTE BUONO;VIA FONTE BUONO;;;Scontro frontale/laterale DX fra veicoli in marcia;Incrocio;Due carreggiate;Asciutto;Asfaltata;Verticale ed orizzontale;Sereno;Normale;Buona;Ore Diurne;0;0;0;2;12,48311;41,84575;-1;1;Autovettura privata;In marcia / fermata / arresto;Conducente;F;Illeso;0;;;
3743830;11;22/03/2018 09:20;Strada Urbana;PIAZZALE DEI CADUTI DELLA MONTAGNOLA;all'intersezione con;VIA FONTE BUONO;VIA FONTE BUONO;;;Scontro frontale/laterale DX fra veicoli in marcia;Incrocio;Due carreggiate;Asciutto;Asfaltata;Verticale ed orizzontale;Sereno;Normale;Buona;Ore Diurne;0;0;0;2;12,48311;41,84575;-1;2;Autovettura privata;In marcia / fermata / arresto;Conducente;M;Illeso;0;;;
3743842;11;22/03/2018 10:30;Strada Urbana;VIA GUIDO DE RUGGIERO;in corrispondenza;;del civico n.;68;;Scontro frontale fra veicoli in marcia;Rettilineo;Una carreggiata a senso unico di marcia;Asciutto;Asfaltata;Verticale;Sereno;Normale;Buona;Ore Diurne;0;0;0;2;12,48198;41,84481;-1;1;Autovettura privata;In marcia / fermata / arresto;Conducente;F;Illeso;0;;Non accertato;
3743842;11;22/03/2018 10:30;Strada Urbana;VIA GUIDO DE RUGGIERO;in corrispondenza;;del civico n.;68;;Scontro frontale fra veicoli in marcia;Rettilineo;Una carreggiata a senso unico di marcia;Asciutto;Asfaltata;Verticale;Sereno;Normale;Buona;Ore Diurne;0;0;0;2;12,48198;41,84481;-1;2;Autovettura privata;In marcia / fermata / arresto;Conducente;M;Illeso;0;;Non accertato;
3743843;11;22/03/2018 11:30;Strada Urbana;VIALE GUGLIELMO MARCONI;da specificare;;;;prossimità via Segre;Scontro laterale fra veicoli in marcia;Rettilineo;Due carreggiate;Asciutto;Asfaltata;Orizzontale;Nuvoloso;Normale;Buona;Ore Diurne;0;0;0;3;12,47191;41,85494;-1;1;Autovettura privata;In marcia / fermata / arresto;Conducente;M;Illeso;0;;Non accertato;
3743843;11;22/03/2018 11:30;Strada Urbana;VIALE GUGLIELMO MARCONI;da specificare;;;;prossimità via Segre;Scontro laterale fra veicoli in marcia;Rettilineo;Due carreggiate;Asciutto;Asfaltata;Orizzontale;Nuvoloso;Normale;Buona;Ore Diurne;0;0;0;3;12,47191;41,85494;-1;1;Autovettura privata;In marcia / fermata / arresto;Passeggero;F;Illeso;0;;Non accertato;
3743843;11;22/03/2018 11:30;Strada Urbana;VIALE GUGLIELMO MARCONI;da specificare;;;;prossimità via Segre;Scontro laterale fra veicoli in marcia;Rettilineo;Due carreggiate;Asciutto;Asfaltata;Orizzontale;Nuvoloso;Normale;Buona;Ore Diurne;0;0;0;3;12,47191;41,85494;-1;2;Autovettura privata;In marcia / fermata / arresto;Conducente;M;Illeso;0;;Non accertato;
3743852;15;22/03/2018 18:15;Strada Urbana;PIAZZA DELLA RADIO;da specificare;;;;via Pacinotti (lato ponte di ferro);Scontro laterale fra veicoli in marcia;Rettilineo;Una carreggiata a doppio senso;Asciutto;Asfaltata;Verticale ed orizzontale;Nuvoloso;Normale;Buona;Ore Diurne;1;0;0;2;12,46754;41,87011;-1;1;Ciclomotore con passeggero;In marcia / fermata / arresto;Conducente;F;Rifiuta cure immediate;0;NON DECEDUTO;;
3743852;15;22/03/2018 18:15;Strada Urbana;PIAZZA DELLA RADIO;da specificare;;;;via Pacinotti (lato ponte di ferro);Scontro laterale fra veicoli in marcia;Rettilineo;Una carreggiata a doppio senso;Asciutto;Asfaltata;Verticale ed orizzontale;Nuvoloso;Normale;Buona;Ore Diurne;1;0;0;2;12,46754;41,87011;-1;2;Autovettura privata;In marcia / fermata / arresto;Conducente;M;Illeso;0;;;
3743852;15;22/03/2018 18:15;Strada Urbana;PIAZZA DELLA RADIO;da specificare;;;;via Pacinotti (lato ponte di ferro);Scontro laterale fra veicoli in marcia;Rettilineo;Una carreggiata a doppio senso;Asciutto;Asfaltata;Verticale ed orizzontale;Nuvoloso;Normale;Buona;Ore Diurne;1;0;0;2;12,46754;41,87011;-1;2;Autovettura privata;In marcia / fermata / arresto;Passeggero;F;Illeso;0;;Non accertato;Inesploso
3743853;1;22/03/2018 14:00;Strada Urbana;VIA GARIBALDI;in prossimità;;del palo luce n.;35;;Investimento di pedone;Curva senza visuale libera;Una carreggiata a doppio senso;Asciutto;Asfaltata;Verticale ed orizzontale;Sereno;Scarso;Insufficiente;Ore Diurne;4;0;0;0;12,46433;41,88899;-1;;;;Pedone;F;Rimandato;0;NON DECEDUTO;;
3743853;1;22/03/2018 14:00;Strada Urbana;VIA GARIBALDI;in prossimità;;del palo luce n.;35;;Investimento di pedone;Curva senza visuale libera;Una carreggiata a doppio senso;Asciutto;Asfaltata;Verticale ed orizzontale;Sereno;Scarso;Insufficiente;Ore Diurne;4;0;0;0;12,46433;41,88899;-1;;;;Pedone;F;Rimandato;0;NON DECEDUTO;;
3743853;1;22/03/2018 14:00;Strada Urbana;VIA GARIBALDI;in prossimità;;del palo luce n.;35;;Investimento di pedone;Curva senza visuale libera;Una carreggiata a doppio senso;Asciutto;Asfaltata;Verticale ed orizzontale;Sereno;Scarso;Insufficiente;Ore Diurne;4;0;0;0;12,46433;41,88899;-1;;;;Pedone;F;Rimandato;0;NON DECEDUTO;;
3743853;1;22/03/2018 14:00;Strada Urbana;VIA GARIBALDI;in prossimità;;del palo luce n.;35;;Investimento di pedone;Curva senza visuale libera;Una carreggiata a doppio senso;Asciutto;Asfaltata;Verticale ed orizzontale;Sereno;Scarso;Insufficiente;Ore Diurne;4;0;0;0;12,46433;41,88899;-1;1;Autovettura privata;In marcia / fermata / arresto;Conducente;F;Rimandato;0;NON DECEDUTO;Non accertato;
3743859;1;22/03/2018 19:05;Strada Urbana;VIALE PRETORIANO;all'intersezione semaforizzata con;VIALE DELL'UNIVERSITA';VIALE DELL'UNIVERSITA';;;Investimento di pedone;Intersezione semaforizzata;Una carreggiata a doppio senso;Asciutto;Asfaltata;Verticale ed orizzontale;Sereno;Intenso;Sufficiente;Sufficiente;1;0;0;1;12,50756;41,90169;-1;;;;Pedone;F;Illeso;0;;;
3743859;1;22/03/2018 19:05;Strada Urbana;VIALE PRETORIANO;all'intersezione semaforizzata con;VIALE DELL'UNIVERSITA';VIALE DELL'UNIVERSITA';;;Investimento di pedone;Intersezione semaforizzata;Una carreggiata a doppio senso;Asciutto;Asfaltata;Verticale ed orizzontale;Sereno;Intenso;Sufficiente;Sufficiente;1;0;0;1;12,50756;41,90169;-1;1;Motociclo a solo;In marcia / fermata / arresto;Conducente;M;Rimandato;0;NON DECEDUTO;;
3743865;20;22/03/2018 16:50;Strada Urbana;VIA DEL FORO ITALICO;da specificare;;;;altezza Corso di Francia direzione Stadio;Tamponamento;Rettilineo;Due carreggiate;Asciutto;Asfaltata;Orizzontale;Sereno;Intenso;Buona;Ore Diurne;1;0;0;1;12,48375;41,93991;-1;1;Autovettura privata;In marcia / fermata / arresto;Conducente;M;Illeso;0;;Non accertato;Inesploso
3743865;20;22/03/2018 16:50;Strada Urbana;VIA DEL FORO ITALICO;da specificare;;;;altezza Corso di Francia direzione Stadio;Tamponamento;Rettilineo;Due carreggiate;Asciutto;Asfaltata;Orizzontale;Sereno;Intenso;Buona;Ore Diurne;1;0;0;1;12,48375;41,93991;-1;2;Motociclo a solo;In marcia / fermata / arresto;Conducente;M;Rimandato;0;NON DECEDUTO;Non accertato;
3743871;20;22/03/2018 18:45;Regionale entro l'abitato;VIA FLAMINIA;in corrispondenza;;della chilometrica;8.7;;Tamponamento;Rettilineo;Due carreggiate;Asciutto;Asfaltata;Verticale ed orizzontale;Sereno;Normale;Sufficiente;Sufficiente;0;0;0;2;12,47183;41,94192;-1;1;Autovettura privata;In marcia / fermata / arresto;Conducente;M;Illeso;0;;;
3743871;20;22/03/2018 18:45;Regionale entro l'abitato;VIA FLAMINIA;in corrispondenza;;della chilometrica;8.7;;Tamponamento;Rettilineo;Due carreggiate;Asciutto;Asfaltata;Verticale ed orizzontale;Sereno;Normale;Sufficiente;Sufficiente;0;0;0;2;12,47183;41,94192;-1;2;Autovettura privata;In marcia / fermata / arresto;Conducente;M;Illeso;0;;;
3743877;19;22/03/2018 18:45;Strada Urbana;VIA DI TORREVECCHIA;da specificare;;;;prossimità VIA V. MARCHI ;Tamponamento;Rettilineo;Una carreggiata a doppio senso;Asciutto;Asfaltata;Orizzontale;Sereno;Normale;Buona;Sufficiente;1;0;0;2;12,41907;41,93087;-1;1;Autovettura privata;In marcia / fermata / arresto;Conducente;M;Illeso;0;;Non accertato;
3743877;19;22/03/2018 18:45;Strada Urbana;VIA DI TORREVECCHIA;da specificare;;;;prossimità VIA V. MARCHI ;Tamponamento;Rettilineo;Una carreggiata a doppio senso;Asciutto;Asfaltata;Orizzontale;Sereno;Normale;Buona;Sufficiente;1;0;0;2;12,41907;41,93087;-1;1;Autovettura privata;In marcia / fermata / arresto;Passeggero;F;Illeso;0;;;
3743877;19;22/03/2018 18:45;Strada Urbana;VIA DI TORREVECCHIA;da specificare;;;;prossimità VIA V. MARCHI ;Tamponamento;Rettilineo;Una carreggiata a doppio senso;Asciutto;Asfaltata;Orizzontale;Sereno;Normale;Buona;Sufficiente;1;0;0;2;12,41907;41,93087;-1;2;Motociclo a solo;In marcia / fermata / arresto;Conducente;M;Rimandato;0;NON DECEDUTO;;
3743888;15;23/03/2018 05:40;Strada Urbana;VIA DELLA MAGLIANA;da specificare;;;;F.N.C. 1320;Veicolo in marcia contro ostacolo accidentale;Rettilineo;Una carreggiata a doppio senso;Asciutto;Con buche;Orizzontale;Sereno;Scarso;Buona;Sufficiente;0;0;0;1;12,41962;41,83172;-1;1;Autovettura privata;In marcia / fermata / arresto;Conducente;M;Illeso;0;;Utilizzato;
3743903;1;22/03/2018 20:45;Strada Urbana;VIA PIEMONTE;all'intersezione con;VIA SALLUSTIANA;VIA SALLUSTIANA;;;Scontro frontale/laterale SX fra veicoli in marcia;Incrocio;Una carreggiata a senso unico di marcia;Asciutto;Asfaltata;Verticale ed orizzontale;Nuvoloso;Normale;Sufficiente;Sufficiente;0;0;0;3;12,4939;41,90708;-1;1;Autovettura pubblica;In marcia / fermata / arresto;Conducente;M;Illeso;0;;Non accertato;Inesploso
3743903;1;22/03/2018 20:45;Strada Urbana;VIA PIEMONTE;all'intersezione con;VIA SALLUSTIANA;VIA SALLUSTIANA;;;Scontro frontale/laterale SX fra veicoli in marcia;Incrocio;Una carreggiata a senso unico di marcia;Asciutto;Asfaltata;Verticale ed orizzontale;Nuvoloso;Normale;Sufficiente;Sufficiente;0;0;0;3;12,4939;41,90708;-1;1;Autovettura pubblica;In marcia / fermata / arresto;Passeggero;F;Illeso;0;;Non accertato;Inesploso
3743903;1;22/03/2018 20:45;Strada Urbana;VIA PIEMONTE;all'intersezione con;VIA SALLUSTIANA;VIA SALLUSTIANA;;;Scontro frontale/laterale SX fra veicoli in marcia;Incrocio;Una carreggiata a senso unico di marcia;Asciutto;Asfaltata;Verticale ed orizzontale;Nuvoloso;Normale;Sufficiente;Sufficiente;0;0;0;3;12,4939;41,90708;-1;2;Autovettura privata;In marcia / fermata / arresto;Conducente;M;Illeso;0;;Non accertato;Inesploso
3743919;19;22/03/2018 19:15;Strada Urbana;VIA MATTIA BATTISTINI;in prossimità;;del civico n.;200;;Tamponamento;Rettilineo;Una carreggiata a doppio senso;Asciutto;Asfaltata;Assente;Sereno;Normale;Buona;Sufficiente;0;0;0;4;12,4187;41,91304;-1;1;Autovettura privata;In marcia / fermata / arresto;Conducente;M;Illeso;0;;Non accertato;Inesploso
3743919;19;22/03/2018 19:15;Strada Urbana;VIA MATTIA BATTISTINI;in prossimità;;del civico n.;200;;Tamponamento;Rettilineo;Una carreggiata a doppio senso;Asciutto;Asfaltata;Assente;Sereno;Normale;Buona;Sufficiente;0;0;0;4;12,4187;41,91304;-1;2;Autovettura privata;In marcia / fermata / arresto;Conducente;F;Illeso;0;;Non accertato;Inesploso
3743919;19;22/03/2018 19:15;Strada Urbana;VIA MATTIA BATTISTINI;in prossimità;;del civico n.;200;;Tamponamento;Rettilineo;Una carreggiata a doppio senso;Asciutto;Asfaltata;Assente;Sereno;Normale;Buona;Sufficiente;0;0;0;4;12,4187;41,91304;-1;2;Autovettura privata;In marcia / fermata / arresto;Passeggero;F;Illeso;0;;Non accertato;Inesploso
3743919;19;22/03/2018 19:15;Strada Urbana;VIA MATTIA BATTISTINI;in prossimità;;del civico n.;200;;Tamponamento;Rettilineo;Una carreggiata a doppio senso;Asciutto;Asfaltata;Assente;Sereno;Normale;Buona;Sufficiente;0;0;0;4;12,4187;41,91304;-1;2;Autovettura privata;In marcia / fermata / arresto;Passeggero;M;Illeso;0;;Non accertato;Inesploso
3743925;13;21/03/2018 12:14;Comunale extraurbana;VIA CRISTOFORO COLOMBO;da specificare;;;;carreggiata direz. Ostia altezza Km. 16.300;Veicolo in marcia contro ostacolo fisso;Rettilineo;Due carreggiate;Asciutto;Asfaltata;Verticale ed orizzontale;Nuvoloso;Intenso;Buona;Ore Diurne;0;0;0;2;12,41155;41,78584;-1;1;Autovettura privata;In marcia / fermata / arresto;Conducente;F;Illeso;0;;Non accertato;Inesploso
3743925;13;21/03/2018 12:14;Comunale extraurbana;VIA CRISTOFORO COLOMBO;da specificare;;;;carreggiata direz. Ostia altezza Km. 16.300;Veicolo in marcia contro ostacolo fisso;Rettilineo;Due carreggiate;Asciutto;Asfaltata;Verticale ed orizzontale;Nuvoloso;Intenso;Buona;Ore Diurne;0;0;0;2;12,41155;41,78584;-1;1;Autovettura privata;In marcia / fermata / arresto;Passeggero;F;Illeso;0;;Non accertato;Inesploso
3743931;19;22/03/2018 16:45;Strada Urbana;VIA FEDERICO BORROMEO;all'intersezione con;PIAZZA S. ZACCARIA PAPA;PIAZZA S. ZACCARIA PAPA;;;Infortunio per sola frenata improvvisa;Incrocio;Una carreggiata a doppio senso;Asciutto;Asfaltata;Verticale ed orizzontale;Sereno;Normale;Buona;Ore Diurne;1;0;0;0;12,41492;41,9165;0;1;Motociclo a solo;In marcia / fermata / arresto;Conducente;M;Rifiuta cure immediate;0;NON DECEDUTO;;
3743935;1;22/03/2018 18:20;Strada Urbana;VIA DEI LATERANI;in prossimità;;del civico n.;28;;Scontro laterale fra veicoli in marcia;Rettilineo;Una carreggiata a senso unico di marcia;Asciutto;Asfaltata;Verticale ed orizzontale;Nuvoloso;Intenso;Buona;Sufficiente;1;0;0;4;12,50286;41,88397;-1;1;Autovettura privata;In marcia / fermata / arresto;Conducente;M;Illeso;0;;;
3743935;1;22/03/2018 18:20;Strada Urbana;VIA DEI LATERANI;in prossimità;;del civico n.;28;;Scontro laterale fra veicoli in marcia;Rettilineo;Una carreggiata a senso unico di marcia;Asciutto;Asfaltata;Verticale ed orizzontale;Nuvoloso;Intenso;Buona;Sufficiente;1;0;0;4;12,50286;41,88397;-1;1;Autovettura privata;In marcia / fermata / arresto;Passeggero;M;Illeso;0;;;
3743935;1;22/03/2018 18:20;Strada Urbana;VIA DEI LATERANI;in prossimità;;del civico n.;28;;Scontro laterale fra veicoli in marcia;Rettilineo;Una carreggiata a senso unico di marcia;Asciutto;Asfaltata;Verticale ed orizzontale;Nuvoloso;Intenso;Buona;Sufficiente;1;0;0;4;12,50286;41,88397;-1;1;Autovettura privata;In marcia / fermata / arresto;Passeggero;F;Illeso;0;;;
3743935;1;22/03/2018 18:20;Strada Urbana;VIA DEI LATERANI;in prossimità;;del civico n.;28;;Scontro laterale fra veicoli in marcia;Rettilineo;Una carreggiata a senso unico di marcia;Asciutto;Asfaltata;Verticale ed orizzontale;Nuvoloso;Intenso;Buona;Sufficiente;1;0;0;4;12,50286;41,88397;-1;1;Autovettura privata;In marcia / fermata / arresto;Passeggero;F;Illeso;0;;;
3743935;1;22/03/2018 18:20;Strada Urbana;VIA DEI LATERANI;in prossimità;;del civico n.;28;;Scontro laterale fra veicoli in marcia;Rettilineo;Una carreggiata a senso unico di marcia;Asciutto;Asfaltata;Verticale ed orizzontale;Nuvoloso;Intenso;Buona;Sufficiente;1;0;0;4;12,50286;41,88397;-1;2;Motociclo a solo;In marcia / fermata / arresto;Conducente;M;Rimandato;0;NON DECEDUTO;;
3743953;13;22/03/2018 09:00;Strada Urbana;VIA DEI PESCATORI;da specificare;;;;150 m. prima di via della Villa di Plinio;Tamponamento;Rettilineo;Una carreggiata a doppio senso;Asciutto;Asfaltata;Verticale ed orizzontale;Sereno;Normale;Buona;Ore Diurne;0;0;0;2;12,33443;41,75221;-1;1;Autovettura privata;In marcia / fermata / arresto;Conducente;M;Illeso;0;;Non accertato;Inesploso
3743953;13;22/03/2018 09:00;Strada Urbana;VIA DEI PESCATORI;da specificare;;;;150 m. prima di via della Villa di Plinio;Tamponamento;Rettilineo;Una carreggiata a doppio senso;Asciutto;Asfaltata;Verticale ed orizzontale;Sereno;Normale;Buona;Ore Diurne;0;0;0;2;12,33443;41,75221;-1;2;Autovettura privata;In marcia / fermata / arresto;Conducente;F;Illeso;0;;Non accertato;Inesploso
3743957;13;22/03/2018 08:00;Strada Urbana;VIA UMBERTO GIORDANO;all'intersezione con;VIA BERNARDO PASQUINI;VIA BERNARDO PASQUINI;;;Scontro frontale/laterale SX fra veicoli in marcia;Incrocio;Una carreggiata a doppio senso;Asciutto;Asfaltata;Verticale ed orizzontale;Sereno;Normale;Buona;Ore Diurne;1;0;0;1;12,36126;41,7412;-1;1;Autovettura privata;In marcia / fermata / arresto;Conducente;F;Illeso;0;;Non accertato;Inesploso
3743957;13;22/03/2018 08:00;Strada Urbana;VIA UMBERTO GIORDANO;all'intersezione con;VIA BERNARDO PASQUINI;VIA BERNARDO PASQUINI;;;Scontro frontale/laterale SX fra veicoli in marcia;Incrocio;Una carreggiata a doppio senso;Asciutto;Asfaltata;Verticale ed orizzontale;Sereno;Normale;Buona;Ore Diurne;1;0;0;1;12,36126;41,7412;-1;2;Motociclo con passeggero;In marcia / fermata / arresto;Conducente;M;Rimandato;0;NON DECEDUTO;;
3743979;13;22/03/2018 10:00;Strada Urbana;VIA TANCREDI CHIARALUCE;da specificare;;;;tratto depuratore/via Tor Boacciana;Veicolo in marcia contro ostacolo accidentale;Curva a visuale libera;Una carreggiata a doppio senso;Asciutto;Asfaltata;Orizzontale;Nuvoloso;Normale;Buona;Ore Diurne;0;0;0;1;12,27017;41,74707;-1;1;Autovettura privata;In marcia / fermata / arresto;Conducente;M;Illeso;0;;Non accertato;Inesploso
3743980;4;22/03/2018 14:10;Statale;VIA SALARIA;in prossimità;;del civico n.;1051;;Veicolo in marcia contro ostacolo accidentale;Rettilineo;Due carreggiate;Asciutto;Asfaltata;Verticale ed orizzontale;Sereno;Normale;Buona;Ore Diurne;0;0;0;1;12,50466;41,97355;-1;1;Autovettura privata;In marcia / fermata / arresto;Conducente;M;Illeso;0;;;
3743987;18;22/03/2018 21:10;Strada Urbana;VIA DI TORREVECCHIA;in prossimità;;del civico n.;1121;;Veicolo in marcia contro veicolo in sosta;Rettilineo;Una carreggiata a doppio senso;Asciutto;Asfaltata;Orizzontale;Sereno;Scarso;Buona;Sufficiente;1;0;0;0;12,40242;41,91201;-1;1;Motociclo a solo;In marcia / fermata / arresto;Conducente;M;Rimandato;0;NON DECEDUTO;Non accertato;
3743991;4;22/03/2018 10:45;Strada Urbana;VIA ISIDORO DEL LUNGO;in corrispondenza;;del civico n.;85;;Veicolo in marcia contro veicolo in sosta;Rettilineo;Una carreggiata a senso unico di marcia;Asciutto;Asfaltata;Verticale ed orizzontale;Nuvoloso;Normale;Buona;Ore Diurne;0;0;0;1;12,55883;41,94496;-1;2;Autovettura privata;In marcia / fermata / arresto;Conducente;M;Illeso;0;;Non accertato;
3743999;13;22/03/2018 15:00;Strada Urbana;LUNGOMARE DUILIO;in prossimità;;del civico n.;22;;Tamponamento Multiplo;Rettilineo;Due carreggiate;Asciutto;Asfaltata;Verticale ed orizzontale;Sereno;Normale;Buona;Ore Diurne;0;0;0;4;12,29681;41,72202;-1;1;Autovettura privata;In marcia / fermata / arresto;Conducente;F;Illeso;0;;Non accertato;Inesploso
3743999;13;22/03/2018 15:00;Strada Urbana;LUNGOMARE DUILIO;in prossimità;;del civico n.;22;;Tamponamento Multiplo;Rettilineo;Due carreggiate;Asciutto;Asfaltata;Verticale ed orizzontale;Sereno;Normale;Buona;Ore Diurne;0;0;0;4;12,29681;41,72202;-1;2;Autovettura privata;In marcia / fermata / arresto;Conducente;F;Illeso;0;;Non accertato;Inesploso
3743999;13;22/03/2018 15:00;Strada Urbana;LUNGOMARE DUILIO;in prossimità;;del civico n.;22;;Tamponamento Multiplo;Rettilineo;Due carreggiate;Asciutto;Asfaltata;Verticale ed orizzontale;Sereno;Normale;Buona;Ore Diurne;0;0;0;4;12,29681;41,72202;-1;3;Autovettura privata;In marcia / fermata / arresto;Conducente;F;Illeso;0;;Non accertato;Inesploso