Protocollo;Gruppo;DataOraIncidente;Localizzazione1;STRADA1;Localizzazione2;STRADA2;Strada02;Chilometrica;DaSpecificare;NaturaIncidente;particolaritastrade;TipoStrada;FondoStradale;Pavimentazione;Segnaletica;CondizioneAtmosferica;Traffico;Visibilita;Illuminazione;NUM_FERITI;NUM_RISERVATA;NUM_MORTI;NUM_ILLESI;Longitudine;Latitudine;Confermato;Progressivo;TipoVeicolo;StatoVeicolo;TipoPersona;Sesso;Tipolesione;Deceduto;DecedutoDopo;CinturaCascoUtilizzato;Airbag
3750060;4;26/03/2018 10:10;Strada Urbana;VIA DELLA BUFALOTTA;all'intersezione semaforizzata con;VIA DI CASAL BOCCONE;VIA DI CASAL BOCCONE;;;Scontro frontale/laterale DX fra veicoli in marcia;Intersezione semaforizzata;Una carreggiata a doppio senso;Asciutto;Asfaltata;Verticale ed orizzontale;Sereno;Normale;Buona;Ore Diurne;0;0;0;3;12,54983;41,96743;-1;2;Autovettura privata;In marcia / fermata / arresto;Conducente;M;Illeso;0;;;
3750060;4;26/03/2018 10:10;Strada Urbana;VIA DELLA BUFALOTTA;all'intersezione semaforizzata con;VIA DI CASAL BOCCONE;VIA DI CASAL BOCCONE;;;Scontro frontale/laterale DX fra veicoli in marcia;Intersezione semaforizzata;Una carreggiata a doppio senso;Asciutto;Asfaltata;Verticale ed orizzontale;Sereno;Normale;Buona;Ore Diurne;0;0;0;3;12,54983;41,96743;-1;2;Autovettura privata;In marcia / fermata / arresto;Passeggero;F;Illeso;0;;;
3750067;13;26/03/2018 20:03;;VIA DELLE CASE BASSE;in prossimità;;del civico n.;112/a;;Veicolo in marcia contro ostacolo fisso;;;;;;;;;;0;0;0;1;12,36687;41,79029;0;1;Autovettura privata;In marcia / fermata / arresto;Conducente;F;Illeso;0;;Non accertato;Inesploso
3750070;4;26/03/2018 15:20;Strada Urbana;VIA DI VALLE MELAINA;da specificare;;;;prossimità via G. Paradiso;Scontro laterale fra veicoli in marcia;Rettilineo;Due carreggiate;Asciutto;Asfaltata;Verticale ed orizzontale;Sereno;Normale;Buona;Ore Diurne;0;0;0;2;12,52585;41,94828;-1;1;Autovettura privata;In marcia / fermata / arresto;Conducente;F;Illeso;0;;;
3750070;4;26/03/2018 15:20;Strada Urbana;VIA DI VALLE MELAINA;da specificare;;;;prossimità via G. Paradiso;Scontro laterale fra veicoli in marcia;Rettilineo;Due carreggiate;Asciutto;Asfaltata;Verticale ed orizzontale;Sereno;Normale;Buona;Ore Diurne;0;0;0;2;12,52585;41,94828;-1;2;Autovettura privata;In marcia / fermata / arresto;Conducente;M;Illeso;0;;;
3750077;10;26/03/2018 13:55;Strada Urbana;CIRCONVALLAZIONE TUSCOLANA;all'intersezione semaforizzata con;VIA TUSCOLANA;VIA TUSCOLANA;;;Scontro frontale/laterale DX fra veicoli in marcia;Intersezione semaforizzata;Due carreggiate;Bagnato (pioggia);Asfaltata;Verticale ed orizzontale;Pioggia in atto;Normale;Buona;Ore Diurne;0;0;0;3;12,56982;41,85228;-1;1;Autovettura privata;In marcia / fermata / arresto;Conducente;F;Illeso;0;;Non accertato;Inesploso
3750077;10;26/03/2018 13:55;Strada Urbana;CIRCONVALLAZIONE TUSCOLANA;all'intersezione semaforizzata con;VIA TUSCOLANA;VIA TUSCOLANA;;;Scontro frontale/laterale DX fra veicoli in marcia;Intersezione semaforizzata;Due carreggiate;Bagnato (pioggia);Asfaltata;Verticale ed orizzontale;Pioggia in atto;Normale;Buona;Ore Diurne;0;0;0;3;12,56982;41,85228;-1;2;Autovettura privata;In marcia / fermata / arresto;Conducente;M;Illeso;0;;Non accertato;Esploso
3750077;10;26/03/2018 13:55;Strada Urbana;CIRCONVALLAZIONE TUSCOLANA;all'intersezione semaforizzata con;VIA TUSCOLANA;VIA TUSCOLANA;;;Scontro frontale/laterale DX fra veicoli in marcia;Intersezione semaforizzata;Due carreggiate;Bagnato (pioggia);Asfaltata;Verticale ed orizzontale;Pioggia in atto;Normale;Buona;Ore Diurne;0;0;0;3;12,56982;41,85228;-1;2;Autovettura privata;In marcia / fermata / arresto;Passeggero;F;Illeso;0;;Non accertato;Esploso
3750079;13;26/03/2018 21:40;Strada Urbana;VIA DEL FOSSO DI DRAGONCELLO;in corrispondenza;;del civico n.;50;;Veicolo in marcia contro ostacolo fisso;Rettilineo;Una carreggiata a doppio senso;Asciutto;Asfaltata;Assente;Sereno;Normale;Buona;Sufficiente;0;0;0;1;12,32882;41,76141;-1;1;Autovettura privata;In marcia / fermata / arresto;Conducente;M;Illeso;0;;;
3750088;16;26/03/2018 23:30;Strada Urbana;CIRCONVALLAZIONE GIANICOLENSE;in corrispondenza;;del civico n.;392;;Veicolo in marcia contro veicolo fermo;Rettilineo;Due carreggiate;Asciutto;Asfaltata;Verticale ed orizzontale;Sereno;Scarso;Buona;Sufficiente;0;0;0;2;12,44291;41,87735;-1;1;Autovettura privata;In marcia / fermata / arresto;Conducente;M;Illeso;0;;Non accertato;
3750088;16;26/03/2018 23:30;Strada Urbana;CIRCONVALLAZIONE GIANICOLENSE;in corrispondenza;;del civico n.;392;;Veicolo in marcia contro veicolo fermo;Rettilineo;Due carreggiate;Asciutto;Asfaltata;Verticale ed orizzontale;Sereno;Scarso;Buona;Sufficiente;0;0;0;2;12,44291;41,87735;-1;2;Autovettura privata;In marcia / fermata / arresto;Conducente;M;Illeso;0;;Non accertato;
3750097;1;25/03/2018 03:00;Strada Urbana;VIA LABICANA;in prossimità;;del palo luce n.;40;;Scontro frontale/laterale SX fra veicoli in marcia;Rettilineo;Una carreggiata a doppio senso;Asciutto;Asfaltata;Verticale ed orizzontale;Sereno;Scarso;Sufficiente;Sufficiente;3;0;0;1;12,49559;41,8904;-1;1;Autovettura privata;In marcia / fermata / arresto;Conducente;M;Illeso;0;;Non accertato;Inesploso
3750097;1;25/03/2018 03:00;Strada Urbana;VIA LABICANA;in prossimità;;del palo luce n.;40;;Scontro frontale/laterale SX fra veicoli in marcia;Rettilineo;Una carreggiata a doppio senso;Asciutto;Asfaltata;Verticale ed orizzontale;Sereno;Scarso;Sufficiente;Sufficiente;3;0;0;1;12,49559;41,8904;-1;1;Autovettura privata;In marcia / fermata / arresto;Passeggero;M;Rimandato;0;NON DECEDUTO;Non accertato;Inesploso
3750097;1;25/03/2018 03:00;Strada Urbana;VIA LABICANA;in prossimità;;del palo luce n.;40;;Scontro frontale/laterale SX fra veicoli in marcia;Rettilineo;Una carreggiata a doppio senso;Asciutto;Asfaltata;Verticale ed orizzontale;Sereno;Scarso;Sufficiente;Sufficiente;3;0;0;1;12,49559;41,8904;-1;2;Autovettura pubblica;In marcia / fermata / arresto;Conducente;M;Rifiuta cure immediate;0;NON DECEDUTO;Non accertato;Inesploso
3750097;1;25/03/2018 03:00;Strada Urbana;VIA LABICANA;in prossimità;;del palo luce n.;40;;Scontro frontale/laterale SX fra veicoli in marcia;Rettilineo;Una carreggiata a doppio senso;Asciutto;Asfaltata;Verticale ed orizzontale;Sereno;Scarso;Sufficiente;Sufficiente;3;0;0;1;12,49559;41,8904;-1;2;Autovettura pubblica;In marcia / fermata / arresto;Passeggero;F;Rimandato;0;NON DECEDUTO;Non accertato;Inesploso
3750098;1;26/03/2018 09:40;Strada Urbana;CORSO VITTORIO EMANUELE II;in corrispondenza;;del civico n.;FC 127;;Ribaltamento senza urto contro ostacolo fisso;Rettilineo;Una carreggiata a doppio senso;Asciutto;Asfaltata;Verticale ed orizzontale;Sereno;Normale;Buona;Ore Diurne;0;0;0;1;;;0;1;Autovettura privata;In marcia / fermata / arresto;Conducente;M;Illeso;0;;;
3750125;17;26/03/2018 21:10;Provinciale entro l'abitato;VIA UGO DE CAROLIS;all'intersezione semaforizzata con;VIA DELLA BALDUINA;VIA DELLA BALDUINA;;;Scontro frontale/laterale SX fra veicoli in marcia;Intersezione semaforizzata;Una carreggiata a doppio senso;Asciutto;Asfaltata;Verticale ed orizzontale;Sereno;Normale;Sufficiente;Sufficiente;1;0;0;1;12,43815;41,92159;-1;1;Autovettura privata;In marcia / fermata / arresto;Conducente;F;Illeso;0;;;
3750125;17;26/03/2018 21:10;Provinciale entro l'abitato;VIA UGO DE CAROLIS;all'intersezione semaforizzata con;VIA DELLA BALDUINA;VIA DELLA BALDUINA;;;Scontro frontale/laterale SX fra veicoli in marcia;Intersezione semaforizzata;Una carreggiata a doppio senso;Asciutto;Asfaltata;Verticale ed orizzontale;Sereno;Normale;Sufficiente;Sufficiente;1;0;0;1;12,43815;41,92159;-1;2;Motociclo a solo;In marcia / fermata / arresto;Conducente;M;Rimandato;0;NON DECEDUTO;;
3750150;10;26/03/2018 15:30;Strada Urbana;VIA PONZIO COMINIO;in prossimità;;del civico n.;22;;Veicolo in marcia contro ostacolo accidentale;Rettilineo;Una carreggiata a senso unico di marcia;Bagnato (pioggia);Asfaltata;Verticale ed orizzontale;Pioggia in atto;Normale;Buona;Ore Diurne;0;0;0;1;12,55794;41,86039;-1;1;Autovettura privata;In marcia / fermata / arresto;Conducente;M;Illeso;0;;Non accertato;Inesploso
3750151;1;26/03/2018 10:25;Strada Urbana;VIA MERULANA;in prossimità;;del civico n.;262;;Veicolo in marcia contro veicolo in sosta;Rettilineo;Una carreggiata a doppio senso;Asciutto;Asfaltata;Verticale ed orizzontale;Sereno;Normale;Buona;Ore Diurne;0;0;0;1;12,49959;41,8957;-1;1;Autovettura privata;In marcia / fermata / arresto;Conducente;F;Illeso;0;;Non accertato;
3750166;2;21/03/2018 14:20;Strada Urbana;VIALE DEL MURO TORTO;in prossimità;;del civico n.;5;;Veicolo in marcia contro ostacolo accidentale;Rettilineo;Due carreggiate;Asciutto;Asfaltata;Verticale ed orizzontale;Sereno;Normale;Buona;Ore Diurne;0;0;0;1;12,48581;41,9086;-1;1;Autovettura privata;In marcia / fermata / arresto;Conducente;M;Illeso;0;;;
3750168;17;26/03/2018 17:35;Strada Urbana;LARGO GIOVANNI XXIII;all'intersezione con;VIA DELLA CONCILIAZIONE;VIA DELLA CONCILIAZIONE;;;Scontro laterale fra veicoli in marcia;Intersezione semaforizzata;Una carreggiata a senso unico di marcia;Asciutto;Asfaltata;Verticale ed orizzontale;Sereno;Intenso;Buona;Ore Diurne;0;0;0;3;12,46437;41,90249;-1;1;Autobus turistico;In marcia / fermata / arresto;Conducente;M;Illeso;0;;;
3750168;17;26/03/2018 17:35;Strada Urbana;LARGO GIOVANNI XXIII;all'intersezione con;VIA DELLA CONCILIAZIONE;VIA DELLA CONCILIAZIONE;;;Scontro laterale fra veicoli in marcia;Intersezione semaforizzata;Una carreggiata a senso unico di marcia;Asciutto;Asfaltata;Verticale ed orizzontale;Sereno;Intenso;Buona;Ore Diurne;0;0;0;3;12,46437;41,90249;-1;2;Autovettura privata;In marcia / fermata / arresto;Conducente;M;Illeso;0;;;
3750168;17;26/03/2018 17:35;Strada Urbana;LARGO GIOVANNI XXIII;all'intersezione con;VIA DELLA CONCILIAZIONE;VIA DELLA CONCILIAZIONE;;;Scontro laterale fra veicoli in marcia;Intersezione semaforizzata;Una carreggiata a senso unico di marcia;Asciutto;Asfaltata;Verticale ed orizzontale;Sereno;Intenso;Buona;Ore Diurne;0;0;0;3;12,46437;41,90249;-1;2;Autovettura privata;In marcia / fermata / arresto;Passeggero;F;Illeso;0;;;
3750175;2;26/03/2018 08:53;Strada Urbana;PIAZZALE DON GIOVANNI MINZONI;da specificare;;;;ALT. V.LE BRUNO BUOZZI;Tamponamento Multiplo;Rotatoria;Una carreggiata a doppio senso;Asciutto;Asfaltata;Verticale ed orizzontale;Sereno;Intenso;Buona;Ore Diurne;0;0;0;3;12,47986;41,92044;-1;1;Autovettura privata;In marcia / fermata / arresto;Conducente;F;Illeso;0;;;
3750175;2;26/03/2018 08:53;Strada Urbana;PIAZZALE DON GIOVANNI MINZONI;da specificare;;;;ALT. V.LE BRUNO BUOZZI;Tamponamento Multiplo;Rotatoria;Una carreggiata a doppio senso;Asciutto;Asfaltata;Verticale ed orizzontale;Sereno;Intenso;Buona;Ore Diurne;0;0;0;3;12,47986;41,92044;-1;2;Autovettura privata;In marcia / fermata / arresto;Conducente;F;Illeso;0;;;
3750175;2;26/03/2018 08:53;Strada Urbana;PIAZZALE DON GIOVANNI MINZONI;da specificare;;;;ALT. V.LE BRUNO BUOZZI;Tamponamento Multiplo;Rotatoria;Una carreggiata a doppio senso;Asciutto;Asfaltata;Verticale ed orizzontale;Sereno;Intenso;Buona;Ore Diurne;0;0;0;3;12,47986;41,92044;-1;3;Autovettura privata;In marcia / fermata / arresto;Conducente;F;Illeso;0;;;
3750176;7;26/03/2018 22:15;Strada Urbana;VIA DEI GELSI;all'intersezione con;VIALE DELLE ORCHIDEE;VIALE DELLE ORCHIDEE;;;Scontro frontale/laterale DX fra veicoli in marcia;Incrocio;Due carreggiate;Asciutto;Asfaltata;Verticale ed orizzontale;Sereno;Scarso;Buona;Sufficiente;3;0;0;0;12,5691;41,88926;-1;1;Autovettura privata;In marcia / fermata / arresto;Conducente;M;Rimandato;0;NON DECEDUTO;Non accertato;Inesploso
3750176;7;26/03/2018 22:15;Strada Urbana;VIA DEI GELSI;all'intersezione con;VIALE DELLE ORCHIDEE;VIALE DELLE ORCHIDEE;;;Scontro frontale/laterale DX fra veicoli in marcia;Incrocio;Due carreggiate;Asciutto;Asfaltata;Verticale ed orizzontale;Sereno;Scarso;Buona;Sufficiente;3;0;0;0;12,5691;41,88926;-1;2;Autovettura privata;In marcia / fermata / arresto;Conducente;M;Rimandato;0;NON DECEDUTO;Non accertato;Inesploso
3750176;7;26/03/2018 22:15;Strada Urbana;VIA DEI GELSI;all'intersezione con;VIALE DELLE ORCHIDEE;VIALE DELLE ORCHIDEE;;;Scontro frontale/laterale DX fra veicoli in marcia;Incrocio;Due carreggiate;Asciutto;Asfaltata;Verticale ed orizzontale;Sereno;Scarso;Buona;Sufficiente;3;0;0;0;12,5691;41,88926;-1;2;Autovettura privata;In marcia / fermata / arresto;Passeggero;M;Rimandato;0;NON DECEDUTO;Non accertato;Inesploso
3750178;2;26/03/2018 09:30;Strada Urbana;PIAZZA DI S. EMERENZIANA;all'intersezione semaforizzata con;VIA TRIPOLI;VIA TRIPOLI;;;Scontro laterale fra veicoli in marcia;Intersezione semaforizzata;Due carreggiate;Asciutto;Asfaltata;Verticale ed orizzontale;Sereno;Intenso;Buona;Ore Diurne;0;0;0;3;12,5161;41,92943;-1;1;Motociclo a solo;In marcia / fermata / arresto;Conducente;F;Illeso;0;;Non accertato;
3750178;2;26/03/2018 09:30;Strada Urbana;PIAZZA DI S. EMERENZIANA;all'intersezione semaforizzata con;VIA TRIPOLI;VIA TRIPOLI;;;Scontro laterale fra veicoli in marcia;Intersezione semaforizzata;Due carreggiate;Asciutto;Asfaltata;Verticale ed orizzontale;Sereno;Intenso;Buona;Ore Diurne;0;0;0;3;12,5161;41,92943;-1;2;Autovettura privata;In marcia / fermata / arresto;Conducente;M;Illeso;0;;Non accertato;Inesploso
3750178;2;26/03/2018 09:30;Strada Urbana;PIAZZA DI S. EMERENZIANA;all'intersezione semaforizzata con;VIA TRIPOLI;VIA TRIPOLI;;;Scontro laterale fra veicoli in marcia;Intersezione semaforizzata;Due carreggiate;Asciutto;Asfaltata;Verticale ed orizzontale;Sereno;Intenso;Buona;Ore Diurne;0;0;0;3;12,5161;41,92943;-1;2;Autovettura privata;In marcia / fermata / arresto;Passeggero;F;Illeso;0;;Non accertato;Inesploso
3750182;2;26/03/2018 12:15;Strada Urbana;VIA SALARIA;da specificare;;;;FR. VIA CATALANI DIR. CENTRO;Tamponamento;Rettilineo;Una carreggiata a senso unico di marcia;Asciutto;Asfaltata;Verticale ed orizzontale;Sereno;Normale;Buona;Ore Diurne;2;0;0;0;12,50885;41,93647;-1;1;Autovettura privata;In marcia / fermata / arresto;Conducente;F;Rifiuta cure immediate;0;NON DECEDUTO;Non accertato;
3750182;2;26/03/2018 12:15;Strada Urbana;VIA SALARIA;da specificare;;;;FR. VIA CATALANI DIR. CENTRO;Tamponamento;Rettilineo;Una carreggiata a senso unico di marcia;Asciutto;Asfaltata;Verticale ed orizzontale;Sereno;Normale;Buona;Ore Diurne;2;0;0;0;12,50885;41,93647;-1;2;Autovettura privata;In marcia / fermata / arresto;Conducente;M;Rimandato;0;NON DECEDUTO;Non accertato;
3750184;2;26/03/2018 15:45;Strada Urbana;VIALE DELLE BELLE ARTI;all'intersezione con;VIA ANTONIO GRAMSCI;VIA ANTONIO GRAMSCI;;;Scontro frontale/laterale DX fra veicoli in marcia;Intersezione stradale segnalata;Una carreggiata a doppio senso;Bagnato (pioggia);Asfaltata;Verticale ed orizzontale;Nuvoloso;Normale;Buona;Ore Diurne;0;0;0;3;12,48095;41,91699;-1;1;Autovettura pubblica;In marcia / fermata / arresto;Conducente;M;Illeso;0;;;
3750184;2;26/03/2018 15:45;Strada Urbana;VIALE DELLE BELLE ARTI;all'intersezione con;VIA ANTONIO GRAMSCI;VIA ANTONIO GRAMSCI;;;Scontro frontale/laterale DX fra veicoli in marcia;Intersezione stradale segnalata;Una carreggiata a doppio senso;Bagnato (pioggia);Asfaltata;Verticale ed orizzontale;Nuvoloso;Normale;Buona;Ore Diurne;0;0;0;3;12,48095;41,91699;-1;2;Autovettura privata;In marcia / fermata / arresto;Conducente;F;Illeso;0;;;
3750184;2;26/03/2018 15:45;Strada Urbana;VIALE DELLE BELLE ARTI;all'intersezione con;VIA ANTONIO GRAMSCI;VIA ANTONIO GRAMSCI;;;Scontro frontale/laterale DX fra veicoli in marcia;Intersezione stradale segnalata;Una carreggiata a doppio senso;Bagnato (pioggia);Asfaltata;Verticale ed orizzontale;Nuvoloso;Normale;Buona;Ore Diurne;0;0;0;3;12,48095;41,91699;-1;2;Autovettura privata;In marcia / fermata / arresto;Passeggero;M;Illeso;0;;;
3750187;16;27/03/2018 01:30;Strada Urbana;VIA DELLA MAGLIANA;all'intersezione con;VIA LUIGI CANDONI;VIA LUIGI CANDONI;;;Tamponamento;Intersezione stradale segnalata;Una carreggiata a doppio senso;Asciutto;Asfaltata;Assente;Sereno;Scarso;Buona;Sufficiente;1;0;0;3;12,41962;41,83172;-1;1;Autobus urbano;In marcia / fermata / arresto;Conducente;M;Illeso;0;;Non accertato;
3750187;16;27/03/2018 01:30;Strada Urbana;VIA DELLA MAGLIANA;all'intersezione con;VIA LUIGI CANDONI;VIA LUIGI CANDONI;;;Tamponamento;Intersezione stradale segnalata;Una carreggiata a doppio senso;Asciutto;Asfaltata;Assente;Sereno;Scarso;Buona;Sufficiente;1;0;0;3;12,41962;41,83172;-1;2;Autovettura privata;In marcia / fermata / arresto;Conducente;M;Illeso;0;;Non accertato;
3750187;16;27/03/2018 01:30;Strada Urbana;VIA DELLA MAGLIANA;all'intersezione con;VIA LUIGI CANDONI;VIA LUIGI CANDONI;;;Tamponamento;Intersezione stradale segnalata;Una carreggiata a doppio senso;Asciutto;Asfaltata;Assente;Sereno;Scarso;Buona;Sufficiente;1;0;0;3;12,41962;41,83172;-1;2;Autovettura privata;In marcia / fermata / arresto;Passeggero;M;Illeso;0;;Non accertato;Inesploso
3750187;16;27/03/2018 01:30;Strada Urbana;VIA DELLA MAGLIANA;all'intersezione con;VIA LUIGI CANDONI;VIA LUIGI CANDONI;;;Tamponamento;Intersezione stradale segnalata;Una carreggiata a doppio senso;Asciutto;Asfaltata;Assente;Sereno;Scarso;Buona;Sufficiente;1;0;0;3;12,41962;41,83172;-1;2;Autovettura privata;In marcia / fermata / arresto;Passeggero;F;Rimandato;0;NON DECEDUTO;Non accertato;Inesploso
3750188;2;26/03/2018 16:05;Strada Urbana;VIA PO;da specificare;;;;ALT. VIA SGAMBATI;Scontro frontale/laterale SX fra veicoli in marcia;Rettilineo;Una carreggiata a doppio senso;Bagnato (umidità in atto);Asfaltata;Verticale ed orizzontale;Nuvoloso;Normale;Buona;Ore Diurne;1;0;0;2;12,49584;41,91506;-1;1;Quadriciclo leggero;In marcia / fermata / arresto;Conducente;M;Rifiuta cure immediate;0;NON DECEDUTO;;
3750188;2;26/03/2018 16:05;Strada Urbana;VIA PO;da specificare;;;;ALT. VIA SGAMBATI;Scontro frontale/laterale SX fra veicoli in marcia;Rettilineo;Una carreggiata a doppio senso;Bagnato (umidità in atto);Asfaltata;Verticale ed orizzontale;Nuvoloso;Normale;Buona;Ore Diurne;1;0;0;2;12,49584;41,91506;-1;1;Quadriciclo leggero;In marcia / fermata / arresto;Passeggero;M;Illeso;0;;;
3750188;2;26/03/2018 16:05;Strada Urbana;VIA PO;da specificare;;;;ALT. VIA SGAMBATI;Scontro frontale/laterale SX fra veicoli in marcia;Rettilineo;Una carreggiata a doppio senso;Bagnato (umidità in atto);Asfaltata;Verticale ed orizzontale;Nuvoloso;Normale;Buona;Ore Diurne;1;0;0;2;12,49584;41,91506;-1;2;Autovettura privata;In marcia / fermata / arresto;Conducente;F;Illeso;0;;;
3750192;1;26/03/2018 15:45;Strada Urbana;PIAZZA DI PORTA MAGGIORE;all'intersezione con;VIA STATILIA;VIA STATILIA;;;Scontro frontale/laterale DX fra veicoli in marcia;Incrocio;Una carreggiata a senso unico di marcia;Asciutto;Asfaltata;Verticale ed orizzontale;Nuvoloso;Normale;Buona;Ore Diurne;0;0;0;3;12,51432;41,89202;-1;1;Autovettura privata;In marcia / fermata / arresto;Conducente;M;Illeso;0;;;
3750192;1;26/03/2018 15:45;Strada Urbana;PIAZZA DI PORTA MAGGIORE;all'intersezione con;VIA STATILIA;VIA STATILIA;;;Scontro frontale/laterale DX fra veicoli in marcia;Incrocio;Una carreggiata a senso unico di marcia;Asciutto;Asfaltata;Verticale ed orizzontale;Nuvoloso;Normale;Buona;Ore Diurne;0;0;0;3;12,51432;41,89202;-1;1;Autovettura privata;In marcia / fermata / arresto;Passeggero;M;Illeso;0;;;
3750192;1;26/03/2018 15:45;Strada Urbana;PIAZZA DI PORTA MAGGIORE;all'intersezione con;VIA STATILIA;VIA STATILIA;;;Scontro frontale/laterale DX fra veicoli in marcia;Incrocio;Una carreggiata a senso unico di marcia;Asciutto;Asfaltata;Verticale ed orizzontale;Nuvoloso;Normale;Buona;Ore Diurne;0;0;0;3;12,51432;41,89202;-1;2;Autovettura privata;In marcia / fermata / arresto;Conducente;M;Illeso;0;;;
3750196;2;26/03/2018 16:30;Strada Urbana;CORSO D'ITALIA;all'intersezione semaforizzata con;VIA PO;VIA PO;;;Scontro frontale fra veicoli in marcia;Intersezione semaforizzata;Una carreggiata a senso unico di marcia;Asciutto;Asfaltata;Verticale ed orizzontale;Nuvoloso;Normale;Buona;Ore Diurne;0;0;0;3;12,49713;41,91087;-1;1;Quadriciclo leggero;In marcia / fermata / arresto;Passeggero;M;Illeso;0;;Non accertato;Inesploso
3750196;2;26/03/2018 16:30;Strada Urbana;CORSO D'ITALIA;all'intersezione semaforizzata con;VIA PO;VIA PO;;;Scontro frontale fra veicoli in marcia;Intersezione semaforizzata;Una carreggiata a senso unico di marcia;Asciutto;Asfaltata;Verticale ed orizzontale;Nuvoloso;Normale;Buona;Ore Diurne;0;0;0;3;12,49713;41,91087;-1;1;Quadriciclo leggero;In marcia / fermata / arresto;Conducente;M;Illeso;0;;Non accertato;Inesploso
3750196;2;26/03/2018 16:30;Strada Urbana;CORSO D'ITALIA;all'intersezione semaforizzata con;VIA PO;VIA PO;;;Scontro frontale fra veicoli in marcia;Intersezione semaforizzata;Una carreggiata a senso unico di marcia;Asciutto;Asfaltata;Verticale ed orizzontale;Nuvoloso;Normale;Buona;Ore Diurne;0;0;0;3;12,49713;41,91087;-1;2;Autovettura privata;In marcia / fermata / arresto;Conducente;F;Illeso;0;;Non accertato;Inesploso
3750260;17;26/03/2018 17:40;Strada Urbana;VIA COLA DI RIENZO;all'intersezione semaforizzata con;VIA MARCANTONIO COLONNA;VIA MARCANTONIO COLONNA;;;Scontro frontale/laterale SX fra veicoli in marcia;Intersezione semaforizzata;Una carreggiata a senso unico di marcia;Asciutto;Asfaltata;Verticale ed orizzontale;Nuvoloso;Intenso;Buona;Ore Diurne;1;0;0;2;12,46535;41,90801;-1;1;Quadriciclo leggero;In marcia / fermata / arresto;Conducente;F;Illeso;0;;;
3750260;17;26/03/2018 17:40;Strada Urbana;VIA COLA DI RIENZO;all'intersezione semaforizzata con;VIA MARCANTONIO COLONNA;VIA MARCANTONIO COLONNA;;;Scontro frontale/laterale SX fra veicoli in marcia;Intersezione semaforizzata;Una carreggiata a senso unico di marcia;Asciutto;Asfaltata;Verticale ed orizzontale;Nuvoloso;Intenso;Buona;Ore Diurne;1;0;0;2;12,46535;41,90801;-1;1;Quadriciclo leggero;In marcia / fermata / arresto;Passeggero;F;Illeso;0;;;
3750260;17;26/03/2018 17:40;Strada Urbana;VIA COLA DI RIENZO;all'intersezione semaforizzata con;VIA MARCANTONIO COLONNA;VIA MARCANTONIO COLONNA;;;Scontro frontale/laterale SX fra veicoli in marcia;Intersezione semaforizzata;Una carreggiata a senso unico di marcia;Asciutto;Asfaltata;Verticale ed orizzontale;Nuvoloso;Intenso;Buona;Ore Diurne;1;0;0;2;12,46535;41,90801;-1;2;Motociclo a solo;In marcia / fermata / arresto;Conducente;F;Ricoverato;0;NON DECEDUTO;;
3750262;1;26/03/2018 23:55;Strada Urbana;VIA VITTORIO VENETO;in prossimità;;del civico n.;88;;Infortunio per sola frenata improvvisa;Rettilineo;Una carreggiata a doppio senso;Asciutto;Asfaltata;;Sereno;Scarso;Sufficiente;Sufficiente;1;0;0;0;;;0;1;Motociclo a solo;In marcia / fermata / arresto;Conducente;M;Rifiuta cure immediate;0;NON DECEDUTO;;
3750271;17;27/03/2018 09:00;Strada Urbana;VIA GIUSEPPE MONTANELLI;in prossimità;;del civico n.;15;;Tamponamento;Rettilineo;Una carreggiata a doppio senso;Asciutto;Asfaltata;Verticale ed orizzontale;Sereno;Scarso;Buona;Ore Diurne;0;0;0;2;12,46793;41,91708;-1;1;Autovettura privata;In marcia / fermata / arresto;Conducente;F;Illeso;0;;;
3750271;17;27/03/2018 09:00;Strada Urbana;VIA GIUSEPPE MONTANELLI;in prossimità;;del civico n.;15;;Tamponamento;Rettilineo;Una carreggiata a doppio senso;Asciutto;Asfaltata;Verticale ed orizzontale;Sereno;Scarso;Buona;Ore Diurne;0;0;0;2;12,46793;41,91708;-1;2;Autovettura pubblica;In marcia / fermata / arresto;Conducente;M;Illeso;0;;;
3750272;10;27/03/2018 10:10;Strada Urbana;VIALE ROLANDO VIGNALI;in prossimità;;del civico n.;81;;Scontro laterale fra veicoli in marcia;Rettilineo;Due carreggiate;Asciutto;Asfaltata;Assente;Sereno;Normale;Sufficiente;Ore Diurne;0;0;0;4;12,58114;41,85778;-1;1;Autovettura privata;In marcia / fermata / arresto;Conducente;M;Illeso;0;;Non accertato;Inesploso
3750272;10;27/03/2018 10:10;Strada Urbana;VIALE ROLANDO VIGNALI;in prossimità;;del civico n.;81;;Scontro laterale fra veicoli in marcia;Rettilineo;Due carreggiate;Asciutto;Asfaltata;Assente;Sereno;Normale;Sufficiente;Ore Diurne;0;0;0;4;12,58114;41,85778;-1;1;Autovettura privata;In marcia / fermata / arresto;Passeggero;F;Illeso;0;;Non accertato;Inesploso
3750272;10;27/03/2018 10:10;Strada Urbana;VIALE ROLANDO VIGNALI;in prossimità;;del civico n.;81;;Scontro laterale fra veicoli in marcia;Rettilineo;Due carreggiate;Asciutto;Asfaltata;Assente;Sereno;Normale;Sufficiente;Ore Diurne;0;0;0;4;12,58114;41,85778;-1;2;Autocarro inferiore 35 q.;In marcia / fermata / arresto;Conducente;M;Illeso;0;;Non accertato;Inesploso