Protocollo;Gruppo;DataOraIncidente;Localizzazione1;STRADA1;Localizzazione2;STRADA2;Strada02;Chilometrica;DaSpecificare;NaturaIncidente;particolaritastrade;TipoStrada;FondoStradale;Pavimentazione;Segnaletica;CondizioneAtmosferica;Traffico;Visibilita;Illuminazione;NUM_FERITI;NUM_RISERVATA;NUM_MORTI;NUM_ILLESI;Longitudine;Latitudine;Confermato;Progressivo;TipoVeicolo;StatoVeicolo;TipoPersona;Sesso;Tipolesione;Deceduto;DecedutoDopo;CinturaCascoUtilizzato;Airbag
3759931;3;31/03/2018 20:00;Strada Urbana;CORSO DI FRANCIA;da specificare;;;;alt. Via Ronciglione;Tamponamento;Rettilineo;Due carreggiate;Bagnato (umidità in atto);Asfaltata;Verticale ed orizzontale;Nuvoloso;Normale;Buona;Sufficiente;1;0;0;1;;;0;1;Autovettura privata;In marcia / fermata / arresto;Conducente;F;Rimandato;0;NON DECEDUTO;Non accertato;Esploso
3759931;3;31/03/2018 20:00;Strada Urbana;CORSO DI FRANCIA;da specificare;;;;alt. Via Ronciglione;Tamponamento;Rettilineo;Due carreggiate;Bagnato (umidità in atto);Asfaltata;Verticale ed orizzontale;Nuvoloso;Normale;Buona;Sufficiente;1;0;0;1;;;0;2;Autovettura privata;In marcia / fermata / arresto;Conducente;M;Illeso;0;;Non accertato;Inesploso
3759970;1;30/03/2018 11:50;Strada Urbana;VIALE CASTRO PRETORIO;all'intersezione semaforizzata con;VIA SAN MARTINO DELLA BATTAGLIA;VIA SAN MARTINO DELLA BATTAGLIA;;;Scontro laterale fra veicoli in marcia;Intersezione semaforizzata;Una carreggiata a doppio senso;Asciutto;Asfaltata;Verticale ed orizzontale;Nuvoloso;Intenso;Buona;Ore Diurne;1;0;0;2;12,50543;41,90618;-1;1;Autocarro inferiore 35 q.;In marcia / fermata / arresto;Conducente;M;Illeso;0;;;
3759970;1;30/03/2018 11:50;Strada Urbana;VIALE CASTRO PRETORIO;all'intersezione semaforizzata con;VIA SAN MARTINO DELLA BATTAGLIA;VIA SAN MARTINO DELLA BATTAGLIA;;;Scontro laterale fra veicoli in marcia;Intersezione semaforizzata;Una carreggiata a doppio senso;Asciutto;Asfaltata;Verticale ed orizzontale;Nuvoloso;Intenso;Buona;Ore Diurne;1;0;0;2;12,50543;41,90618;-1;2;Motociclo con passeggero;In marcia / fermata / arresto;Conducente;M;Rimandato;0;NON DECEDUTO;;
3759970;1;30/03/2018 11:50;Strada Urbana;VIALE CASTRO PRETORIO;all'intersezione semaforizzata con;VIA SAN MARTINO DELLA BATTAGLIA;VIA SAN MARTINO DELLA BATTAGLIA;;;Scontro laterale fra veicoli in marcia;Intersezione semaforizzata;Una carreggiata a doppio senso;Asciutto;Asfaltata;Verticale ed orizzontale;Nuvoloso;Intenso;Buona;Ore Diurne;1;0;0;2;12,50543;41,90618;-1;2;Motociclo con passeggero;In marcia / fermata / arresto;Passeggero;M;Illeso;0;;;
3759979;5;31/03/2018 11:40;Strada Urbana;VIALE KANT;da specificare;;;;prox.Terna direz. mercato Comte;Veicolo in marcia contro ostacolo accidentale;Rettilineo;Due carreggiate;Bagnato (pioggia);Asfaltata;Verticale ed orizzontale;Nebbia;Normale;Buona;Ore Diurne;0;0;0;1;12,556;41,9329;-1;1;Autovettura privata;In marcia / fermata / arresto;Conducente;M;Illeso;0;;Non accertato;
3759980;3;31/03/2018 03:10;Strada Urbana;VIA TIBURTINA;all'intersezione semaforizzata con;VIA DEI MARRUCINI;VIA DEI MARRUCINI;;;Scontro laterale fra veicoli in marcia;Intersezione semaforizzata;Una carreggiata a doppio senso;Bagnato (pioggia);Asfaltata;Verticale ed orizzontale;Pioggia in atto;Scarso;Sufficiente;Sufficiente;0;0;0;7;12,51488;41,89873;-1;1;Autovettura privata;In marcia / fermata / arresto;Conducente;M;Illeso;0;;Non accertato;Inesploso
3759980;3;31/03/2018 03:10;Strada Urbana;VIA TIBURTINA;all'intersezione semaforizzata con;VIA DEI MARRUCINI;VIA DEI MARRUCINI;;;Scontro laterale fra veicoli in marcia;Intersezione semaforizzata;Una carreggiata a doppio senso;Bagnato (pioggia);Asfaltata;Verticale ed orizzontale;Pioggia in atto;Scarso;Sufficiente;Sufficiente;0;0;0;7;12,51488;41,89873;-1;1;Autovettura privata;In marcia / fermata / arresto;Passeggero;M;Illeso;0;;Non accertato;Inesploso
3759980;3;31/03/2018 03:10;Strada Urbana;VIA TIBURTINA;all'intersezione semaforizzata con;VIA DEI MARRUCINI;VIA DEI MARRUCINI;;;Scontro laterale fra veicoli in marcia;Intersezione semaforizzata;Una carreggiata a doppio senso;Bagnato (pioggia);Asfaltata;Verticale ed orizzontale;Pioggia in atto;Scarso;Sufficiente;Sufficiente;0;0;0;7;12,51488;41,89873;-1;2;Autovettura privata;In marcia / fermata / arresto;Conducente;M;Illeso;0;;Non accertato;Inesploso
3759980;3;31/03/2018 03:10;Strada Urbana;VIA TIBURTINA;all'intersezione semaforizzata con;VIA DEI MARRUCINI;VIA DEI MARRUCINI;;;Scontro laterale fra veicoli in marcia;Intersezione semaforizzata;Una carreggiata a doppio senso;Bagnato (pioggia);Asfaltata;Verticale ed orizzontale;Pioggia in atto;Scarso;Sufficiente;Sufficiente;0;0;0;7;12,51488;41,89873;-1;2;Autovettura privata;In marcia / fermata / arresto;Passeggero;M;Illeso;0;;Non accertato;Inesploso
3759980;3;31/03/2018 03:10;Strada Urbana;VIA TIBURTINA;all'intersezione semaforizzata con;VIA DEI MARRUCINI;VIA DEI MARRUCINI;;;Scontro laterale fra veicoli in marcia;Intersezione semaforizzata;Una carreggiata a doppio senso;Bagnato (pioggia);Asfaltata;Verticale ed orizzontale;Pioggia in atto;Scarso;Sufficiente;Sufficiente;0;0;0;7;12,51488;41,89873;-1;2;Autovettura privata;In marcia / fermata / arresto;Passeggero;M;Illeso;0;;Non accertato;Inesploso
3759980;3;31/03/2018 03:10;Strada Urbana;VIA TIBURTINA;all'intersezione semaforizzata con;VIA DEI MARRUCINI;VIA DEI MARRUCINI;;;Scontro laterale fra veicoli in marcia;Intersezione semaforizzata;Una carreggiata a doppio senso;Bagnato (pioggia);Asfaltata;Verticale ed orizzontale;Pioggia in atto;Scarso;Sufficiente;Sufficiente;0;0;0;7;12,51488;41,89873;-1;2;Autovettura privata;In marcia / fermata / arresto;Passeggero;F;Illeso;0;;Non accertato;Inesploso
3759980;3;31/03/2018 03:10;Strada Urbana;VIA TIBURTINA;all'intersezione semaforizzata con;VIA DEI MARRUCINI;VIA DEI MARRUCINI;;;Scontro laterale fra veicoli in marcia;Intersezione semaforizzata;Una carreggiata a doppio senso;Bagnato (pioggia);Asfaltata;Verticale ed orizzontale;Pioggia in atto;Scarso;Sufficiente;Sufficiente;0;0;0;7;12,51488;41,89873;-1;2;Autovettura privata;In marcia / fermata / arresto;Passeggero;F;Illeso;0;;Non accertato;Inesploso
3759983;12;31/03/2018 12:30;Comunale extraurbana;VIA DEL PONTE DI PISCINA CUPA;in corrispondenza;;del civico n.;117;;Scontro laterale fra veicoli in marcia;Rettilineo;Una carreggiata a doppio senso;Asciutto;Asfaltata;Verticale ed orizzontale;Nuvoloso;Scarso;Buona;Ore Diurne;0;0;0;5;12,44675;41,71672;-1;1;Autovettura privata;In marcia / fermata / arresto;Conducente;M;Illeso;0;;Utilizzato;Inesploso
3759983;12;31/03/2018 12:30;Comunale extraurbana;VIA DEL PONTE DI PISCINA CUPA;in corrispondenza;;del civico n.;117;;Scontro laterale fra veicoli in marcia;Rettilineo;Una carreggiata a doppio senso;Asciutto;Asfaltata;Verticale ed orizzontale;Nuvoloso;Scarso;Buona;Ore Diurne;0;0;0;5;12,44675;41,71672;-1;1;Autovettura privata;In marcia / fermata / arresto;Passeggero;M;Illeso;0;;Utilizzato;Inesploso
3759983;12;31/03/2018 12:30;Comunale extraurbana;VIA DEL PONTE DI PISCINA CUPA;in corrispondenza;;del civico n.;117;;Scontro laterale fra veicoli in marcia;Rettilineo;Una carreggiata a doppio senso;Asciutto;Asfaltata;Verticale ed orizzontale;Nuvoloso;Scarso;Buona;Ore Diurne;0;0;0;5;12,44675;41,71672;-1;2;Autovettura privata;In marcia / fermata / arresto;Conducente;M;Illeso;0;;Utilizzato;Inesploso
3759983;12;31/03/2018 12:30;Comunale extraurbana;VIA DEL PONTE DI PISCINA CUPA;in corrispondenza;;del civico n.;117;;Scontro laterale fra veicoli in marcia;Rettilineo;Una carreggiata a doppio senso;Asciutto;Asfaltata;Verticale ed orizzontale;Nuvoloso;Scarso;Buona;Ore Diurne;0;0;0;5;12,44675;41,71672;-1;2;Autovettura privata;In marcia / fermata / arresto;Passeggero;F;Illeso;0;;Utilizzato;Inesploso
3759983;12;31/03/2018 12:30;Comunale extraurbana;VIA DEL PONTE DI PISCINA CUPA;in corrispondenza;;del civico n.;117;;Scontro laterale fra veicoli in marcia;Rettilineo;Una carreggiata a doppio senso;Asciutto;Asfaltata;Verticale ed orizzontale;Nuvoloso;Scarso;Buona;Ore Diurne;0;0;0;5;12,44675;41,71672;-1;2;Autovettura privata;In marcia / fermata / arresto;Passeggero;M;Illeso;0;;Utilizzato;Inesploso
3759999;3;31/03/2018 10:00;Strada Urbana;VIA CATANIA;da specificare;;;;FC 65;Investimento di pedone;Rettilineo;Una carreggiata a doppio senso;Bagnato (pioggia);Asfaltata;Assente;Pioggia in atto;Normale;Buona;Ore Diurne;2;0;0;0;12,51956;41,90978;-1;;;;Pedone;M;Rimandato;0;NON DECEDUTO;;
3759999;3;31/03/2018 10:00;Strada Urbana;VIA CATANIA;da specificare;;;;FC 65;Investimento di pedone;Rettilineo;Una carreggiata a doppio senso;Bagnato (pioggia);Asfaltata;Assente;Pioggia in atto;Normale;Buona;Ore Diurne;2;0;0;0;12,51956;41,90978;-1;1;Motociclo a solo;In marcia / fermata / arresto;Conducente;M;Rimandato;0;NON DECEDUTO;Non accertato;
3760058;12;31/03/2018 10:45;Strada Urbana;VIA DI MEZZOCAMMINO;in corrispondenza;;del civico n.;40;;Ribaltamento senza urto contro ostacolo fisso;Rettilineo;Una carreggiata a doppio senso;Bagnato (pioggia);Asfaltata;Verticale ed orizzontale;Nuvoloso;Scarso;Buona;Ore Diurne;1;0;0;0;12,4181;41,7968;-1;1;Autovettura privata;In marcia / fermata / arresto;Conducente;M;Rimandato;0;NON DECEDUTO;Non accertato;Inesploso
3760311;12;31/03/2018 15:40;Comunale extraurbana;VIA CRISTOFORO COLOMBO;all'intersezione con;VIA RICCARDO BOSCHIERO;VIA RICCARDO BOSCHIERO;;;Scontro frontale/laterale DX fra veicoli in marcia;Incrocio;Una carreggiata a senso unico di marcia;Bagnato (pioggia);Asfaltata;Verticale ed orizzontale;Pioggia in atto;Normale;Sufficiente;Ore Diurne;0;0;0;4;12,41155;41,78584;-1;1;Autovettura privata;In marcia / fermata / arresto;Conducente;M;Illeso;0;;Utilizzato;Inesploso
3760311;12;31/03/2018 15:40;Comunale extraurbana;VIA CRISTOFORO COLOMBO;all'intersezione con;VIA RICCARDO BOSCHIERO;VIA RICCARDO BOSCHIERO;;;Scontro frontale/laterale DX fra veicoli in marcia;Incrocio;Una carreggiata a senso unico di marcia;Bagnato (pioggia);Asfaltata;Verticale ed orizzontale;Pioggia in atto;Normale;Sufficiente;Ore Diurne;0;0;0;4;12,41155;41,78584;-1;1;Autovettura privata;In marcia / fermata / arresto;Passeggero;F;Illeso;0;;Utilizzato;Inesploso
3760311;12;31/03/2018 15:40;Comunale extraurbana;VIA CRISTOFORO COLOMBO;all'intersezione con;VIA RICCARDO BOSCHIERO;VIA RICCARDO BOSCHIERO;;;Scontro frontale/laterale DX fra veicoli in marcia;Incrocio;Una carreggiata a senso unico di marcia;Bagnato (pioggia);Asfaltata;Verticale ed orizzontale;Pioggia in atto;Normale;Sufficiente;Ore Diurne;0;0;0;4;12,41155;41,78584;-1;1;Autovettura privata;In marcia / fermata / arresto;Passeggero;F;Illeso;0;;Utilizzato;Inesploso
3760311;12;31/03/2018 15:40;Comunale extraurbana;VIA CRISTOFORO COLOMBO;all'intersezione con;VIA RICCARDO BOSCHIERO;VIA RICCARDO BOSCHIERO;;;Scontro frontale/laterale DX fra veicoli in marcia;Incrocio;Una carreggiata a senso unico di marcia;Bagnato (pioggia);Asfaltata;Verticale ed orizzontale;Pioggia in atto;Normale;Sufficiente;Ore Diurne;0;0;0;4;12,41155;41,78584;-1;2;Autovettura privata;In marcia / fermata / arresto;Conducente;F;Illeso;0;;Utilizzato;Inesploso
3760413;12;31/03/2018 19:15;Strada Urbana;VIA DI DECIMA;all'intersezione con;VIA GIUSEPPE LOPRESTI;VIA GIUSEPPE LOPRESTI;;;Veicolo in marcia contro veicolo in sosta;Incrocio;Due carreggiate;Bagnato (pioggia);Asfaltata;Verticale ed orizzontale;Nuvoloso;Normale;Sufficiente;Sufficiente;0;0;0;1;12,45171;41,81489;-1;2;Autovettura privata;In marcia / fermata / arresto;Conducente;M;Illeso;0;;Utilizzato;Inesploso
3760427;1;31/03/2018 12:15;Strada Urbana;VIA CAVOUR;in prossimità;;del civico n.;305;;Tamponamento Multiplo;Rettilineo;Una carreggiata a doppio senso;Asciutto;Asfaltata;Verticale ed orizzontale;Nuvoloso;Normale;Buona;Ore Diurne;1;0;0;3;12,48937;41,89378;0;1;Autovettura privata;In marcia / fermata / arresto;Conducente;M;Illeso;0;;;
3760427;1;31/03/2018 12:15;Strada Urbana;VIA CAVOUR;in prossimità;;del civico n.;305;;Tamponamento Multiplo;Rettilineo;Una carreggiata a doppio senso;Asciutto;Asfaltata;Verticale ed orizzontale;Nuvoloso;Normale;Buona;Ore Diurne;1;0;0;3;12,48937;41,89378;0;2;Autovettura privata;In marcia / fermata / arresto;Conducente;M;Illeso;0;;;
3760427;1;31/03/2018 12:15;Strada Urbana;VIA CAVOUR;in prossimità;;del civico n.;305;;Tamponamento Multiplo;Rettilineo;Una carreggiata a doppio senso;Asciutto;Asfaltata;Verticale ed orizzontale;Nuvoloso;Normale;Buona;Ore Diurne;1;0;0;3;12,48937;41,89378;0;3;Veicolo a trazione animale;In marcia / fermata / arresto;Conducente;M;Illeso;0;;;
3760427;1;31/03/2018 12:15;Strada Urbana;VIA CAVOUR;in prossimità;;del civico n.;305;;Tamponamento Multiplo;Rettilineo;Una carreggiata a doppio senso;Asciutto;Asfaltata;Verticale ed orizzontale;Nuvoloso;Normale;Buona;Ore Diurne;1;0;0;3;12,48937;41,89378;0;3;Veicolo a trazione animale;In marcia / fermata / arresto;Passeggero;M;Rifiuta cure immediate;0;NON DECEDUTO;;
3761187;13;30/03/2018 13:30;Strada Urbana;VIA SALVATORE GASBARRA;da specificare;;;;altezza attività bar;Scontro frontale/laterale SX fra veicoli in marcia;Rettilineo;Una carreggiata a doppio senso;Asciutto;Asfaltata;Verticale ed orizzontale;Sereno;Normale;Buona;Ore Diurne;0;0;0;1;12,3363;41,77593;-1;1;Autovettura privata;In marcia / fermata / arresto;Conducente;M;Illeso;0;;Non accertato;Inesploso
3761470;16;31/03/2018 12:30;Strada Urbana;VIA GIOVANNI TORRECREMATA;in corrispondenza;;del civico n.;2;;Veicolo in marcia contro veicoli in sosta;Rettilineo;Una carreggiata a doppio senso;Bagnato (pioggia);Asfaltata;Assente;Pioggia in atto;Scarso;Buona;Ore Diurne;0;0;0;1;12,44472;41,8724;-1;1;Autovettura privata;In marcia / fermata / arresto;Conducente;M;Illeso;0;;Non accertato;Inesploso
3761550;16;31/03/2018 21:10;;VIALE DI TRASTEVERE;in corrispondenza;;del civico n.;183;;Veicolo in marcia contro veicoli in sosta;;;;;;;;;;1;0;0;0;12,46927;41,88308;0;1;Autovettura privata;In marcia / fermata / arresto;Conducente;F;Rimandato;0;NON DECEDUTO;;
3761556;16;30/03/2018 16:50;Strada Urbana;VIA AURELIA ANTICA;in corrispondenza;;del civico n.;446;;Scontro frontale/laterale DX fra veicoli in marcia;Rettilineo;Una carreggiata a doppio senso;Bagnato (pioggia);Asfaltata;Verticale ed orizzontale;Pioggia in atto;Normale;Buona;Ore Diurne;0;0;0;6;12,4221;41,88874;-1;1;Autovettura privata;In marcia / fermata / arresto;Passeggero;F;Illeso;0;;Non accertato;Inesploso
3761556;16;30/03/2018 16:50;Strada Urbana;VIA AURELIA ANTICA;in corrispondenza;;del civico n.;446;;Scontro frontale/laterale DX fra veicoli in marcia;Rettilineo;Una carreggiata a doppio senso;Bagnato (pioggia);Asfaltata;Verticale ed orizzontale;Pioggia in atto;Normale;Buona;Ore Diurne;0;0;0;6;12,4221;41,88874;-1;1;Autovettura privata;In marcia / fermata / arresto;Conducente;F;Illeso;0;;Non accertato;Inesploso
3761556;16;30/03/2018 16:50;Strada Urbana;VIA AURELIA ANTICA;in corrispondenza;;del civico n.;446;;Scontro frontale/laterale DX fra veicoli in marcia;Rettilineo;Una carreggiata a doppio senso;Bagnato (pioggia);Asfaltata;Verticale ed orizzontale;Pioggia in atto;Normale;Buona;Ore Diurne;0;0;0;6;12,4221;41,88874;-1;1;Autovettura privata;In marcia / fermata / arresto;Passeggero;F;Illeso;0;;Non accertato;Inesploso
3761556;16;30/03/2018 16:50;Strada Urbana;VIA AURELIA ANTICA;in corrispondenza;;del civico n.;446;;Scontro frontale/laterale DX fra veicoli in marcia;Rettilineo;Una carreggiata a doppio senso;Bagnato (pioggia);Asfaltata;Verticale ed orizzontale;Pioggia in atto;Normale;Buona;Ore Diurne;0;0;0;6;12,4221;41,88874;-1;1;Autovettura privata;In marcia / fermata / arresto;Passeggero;F;Illeso;0;;Non accertato;Inesploso
3761556;16;30/03/2018 16:50;Strada Urbana;VIA AURELIA ANTICA;in corrispondenza;;del civico n.;446;;Scontro frontale/laterale DX fra veicoli in marcia;Rettilineo;Una carreggiata a doppio senso;Bagnato (pioggia);Asfaltata;Verticale ed orizzontale;Pioggia in atto;Normale;Buona;Ore Diurne;0;0;0;6;12,4221;41,88874;-1;2;Motociclo a solo;In marcia / fermata / arresto;Conducente;F;Illeso;0;;Non accertato;
3761591;16;30/03/2018 20:30;Strada Urbana;VIA DELLA PISANA;all'intersezione con;VIA DI BRAVA;VIA DI BRAVA;;;Scontro frontale/laterale DX fra veicoli in marcia;Incrocio;Una carreggiata a doppio senso;Asciutto;Asfaltata;Verticale ed orizzontale;Sereno;Normale;Sufficiente;Sufficiente;1;0;0;4;12,38897;41,85768;-1;1;Autovettura privata;In marcia / fermata / arresto;Conducente;M;Illeso;0;;;
3761591;16;30/03/2018 20:30;Strada Urbana;VIA DELLA PISANA;all'intersezione con;VIA DI BRAVA;VIA DI BRAVA;;;Scontro frontale/laterale DX fra veicoli in marcia;Incrocio;Una carreggiata a doppio senso;Asciutto;Asfaltata;Verticale ed orizzontale;Sereno;Normale;Sufficiente;Sufficiente;1;0;0;4;12,38897;41,85768;-1;1;Autovettura privata;In marcia / fermata / arresto;Passeggero;M;Illeso;0;;;
3761591;16;30/03/2018 20:30;Strada Urbana;VIA DELLA PISANA;all'intersezione con;VIA DI BRAVA;VIA DI BRAVA;;;Scontro frontale/laterale DX fra veicoli in marcia;Incrocio;Una carreggiata a doppio senso;Asciutto;Asfaltata;Verticale ed orizzontale;Sereno;Normale;Sufficiente;Sufficiente;1;0;0;4;12,38897;41,85768;-1;1;Autovettura privata;In marcia / fermata / arresto;Passeggero;F;Ricoverato;0;NON DECEDUTO;;
3761591;16;30/03/2018 20:30;Strada Urbana;VIA DELLA PISANA;all'intersezione con;VIA DI BRAVA;VIA DI BRAVA;;;Scontro frontale/laterale DX fra veicoli in marcia;Incrocio;Una carreggiata a doppio senso;Asciutto;Asfaltata;Verticale ed orizzontale;Sereno;Normale;Sufficiente;Sufficiente;1;0;0;4;12,38897;41,85768;-1;1;Autovettura privata;In marcia / fermata / arresto;Passeggero;F;Illeso;0;;;
3761591;16;30/03/2018 20:30;Strada Urbana;VIA DELLA PISANA;all'intersezione con;VIA DI BRAVA;VIA DI BRAVA;;;Scontro frontale/laterale DX fra veicoli in marcia;Incrocio;Una carreggiata a doppio senso;Asciutto;Asfaltata;Verticale ed orizzontale;Sereno;Normale;Sufficiente;Sufficiente;1;0;0;4;12,38897;41,85768;-1;2;Autocarro inferiore 35 q.;In marcia / fermata / arresto;Conducente;M;Illeso;0;;;
3761617;16;31/03/2018 08:50;Strada Urbana;VIA GIUSEPPE VANNI;all'intersezione con;VIA PIER ANDREA FONTEBASSO;VIA PIER ANDREA FONTEBASSO;;;Scontro frontale/laterale SX fra veicoli in marcia;Incrocio;Una carreggiata a doppio senso;Bagnato (pioggia);Asfaltata;Verticale ed orizzontale;Pioggia in atto;Normale;Buona;Ore Diurne;0;0;0;3;12,35974;41,88139;-1;1;Autocarro inferiore 35 q.;In marcia / fermata / arresto;Conducente;F;Illeso;0;;Non accertato;Inesploso
3761617;16;31/03/2018 08:50;Strada Urbana;VIA GIUSEPPE VANNI;all'intersezione con;VIA PIER ANDREA FONTEBASSO;VIA PIER ANDREA FONTEBASSO;;;Scontro frontale/laterale SX fra veicoli in marcia;Incrocio;Una carreggiata a doppio senso;Bagnato (pioggia);Asfaltata;Verticale ed orizzontale;Pioggia in atto;Normale;Buona;Ore Diurne;0;0;0;3;12,35974;41,88139;-1;2;Autovettura privata;In marcia / fermata / arresto;Conducente;F;Illeso;0;;Non accertato;Inesploso
3761617;16;31/03/2018 08:50;Strada Urbana;VIA GIUSEPPE VANNI;all'intersezione con;VIA PIER ANDREA FONTEBASSO;VIA PIER ANDREA FONTEBASSO;;;Scontro frontale/laterale SX fra veicoli in marcia;Incrocio;Una carreggiata a doppio senso;Bagnato (pioggia);Asfaltata;Verticale ed orizzontale;Pioggia in atto;Normale;Buona;Ore Diurne;0;0;0;3;12,35974;41,88139;-1;2;Autovettura privata;In marcia / fermata / arresto;Passeggero;F;Illeso;0;;Non accertato;Inesploso
3762982;12;31/03/2018 02:59;Strada Urbana;VIALE DEI CADUTI PER LA RESISTENZA;in corrispondenza;;del civico n.;155;;Fuoriuscita dalla sede stradale;Rettilineo;Una carreggiata a senso unico di marcia;Asciutto;Asfaltata;Verticale ed orizzontale;Nuvoloso;Scarso;Sufficiente;Sufficiente;0;0;0;1;12,44662;41,7905;0;1;Autovettura privata;In marcia / fermata / arresto;Conducente;M;Illeso;0;;Non accertato;Inesploso
3763674;1;23/03/2018 14:10;Strada Urbana;VIALE CASTRO PRETORIO;da specificare;;;;fronte civico 57;Scontro laterale fra veicoli in marcia;Rettilineo;Una carreggiata a doppio senso;Asciutto;Asfaltata;Orizzontale;Sereno;Normale;Buona;Ore Diurne;0;0;0;2;12,5057;41,90179;-1;1;Motociclo a solo;In marcia / fermata / arresto;Conducente;M;Illeso;0;;;
3763674;1;23/03/2018 14:10;Strada Urbana;VIALE CASTRO PRETORIO;da specificare;;;;fronte civico 57;Scontro laterale fra veicoli in marcia;Rettilineo;Una carreggiata a doppio senso;Asciutto;Asfaltata;Orizzontale;Sereno;Normale;Buona;Ore Diurne;0;0;0;2;12,5057;41,90179;-1;2;Motociclo a solo;In marcia / fermata / arresto;Conducente;F;Illeso;0;;;
3763877;5;18/03/2018 23:00;Strada Urbana;VIA DI CASAL BIANCO;da specificare;;;;VIA FORNO CASALE;Veicolo in marcia contro ostacolo accidentale;Rettilineo;Una carreggiata a doppio senso;Bagnato (pioggia);Asfaltata;Verticale ed orizzontale;Pioggia in atto;Scarso;Buona;Sufficiente;0;0;0;1;12,63666;41,9441;-1;1;Autovettura privata;In marcia / fermata / arresto;Conducente;F;Illeso;0;;Non accertato;
3765704;5;23/03/2018 17:15;Strada Urbana;VIA TIBURTINA;in prossimità;;del civico n.;713/B;;Veicolo in marcia contro veicolo in sosta;Rettilineo;Due carreggiate;Asciutto;Asfaltata;Assente;Sereno;Scarso;Buona;Ore Diurne;0;0;0;2;12,55057;41,91155;-1;1;Motociclo a solo;In marcia / fermata / arresto;Conducente;M;Illeso;0;;Non accertato;
3765704;5;23/03/2018 17:15;Strada Urbana;VIA TIBURTINA;in prossimità;;del civico n.;713/B;;Veicolo in marcia contro veicolo in sosta;Rettilineo;Due carreggiate;Asciutto;Asfaltata;Assente;Sereno;Scarso;Buona;Ore Diurne;0;0;0;2;12,55057;41,91155;-1;1;Motociclo a solo;In marcia / fermata / arresto;Passeggero;M;Illeso;0;;Non accertato;
3769984;5;01/03/2018 20:15;Strada Urbana;VIA TOR DE' SCHIAVI;all'intersezione con;VIA DEI PLATANI;VIA DEI PLATANI;;;Scontro frontale/laterale DX fra veicoli in marcia;Incrocio;Una carreggiata a doppio senso;Asciutto;Asfaltata;Verticale ed orizzontale;Sereno;Normale;Buona;Ore Diurne;0;0;0;1;12,56353;41,88123;-1;1;Autovettura privata;In marcia / fermata / arresto;Conducente;M;Illeso;0;;Non accertato;
3775224;9;04/03/2018 21:50;;VIA DELL'ARCO DI TRAVERTINO;da specificare;;;;50 MT PRIMA DI VIA CARROCETO;Veicolo in marcia contro ostacolo accidentale;;;;;;;;;;0;0;0;1;;;0;1;Autovettura privata;In marcia / fermata / arresto;Conducente;M;Illeso;0;;;
3780508;5;30/03/2018 21:00;Strada Urbana;VIA TIBURTINA;in corrispondenza;;del civico n.;800;;Scontro frontale/laterale SX fra veicoli in marcia;Curva a visuale libera;Una carreggiata a doppio senso;Bagnato (pioggia);Asfaltata;Orizzontale;Pioggia in atto;Scarso;Sufficiente;Sufficiente;2;0;0;0;12,55979;41,9142;-1;1;Autovettura privata;In marcia / fermata / arresto;Conducente;M;Rimandato;0;NON DECEDUTO;Non accertato;Inesploso
3780508;5;30/03/2018 21:00;Strada Urbana;VIA TIBURTINA;in corrispondenza;;del civico n.;800;;Scontro frontale/laterale SX fra veicoli in marcia;Curva a visuale libera;Una carreggiata a doppio senso;Bagnato (pioggia);Asfaltata;Orizzontale;Pioggia in atto;Scarso;Sufficiente;Sufficiente;2;0;0;0;12,55979;41,9142;-1;2;Autovettura privata;In marcia / fermata / arresto;Conducente;M;Rimandato;0;NON DECEDUTO;Non accertato;Esploso
3781361;7;23/03/2018 17:25;Strada Urbana;VIA PRENESTINA;in corrispondenza;;del civico n.;521;;Veicolo in marcia contro ostacolo accidentale;Rettilineo;Una carreggiata a doppio senso;Asciutto;Asfaltata;Verticale ed orizzontale;Sereno;Normale;Buona;Ore Diurne;0;0;0;1;12,57801;41,89433;-1;1;Autobus urbano;In marcia / fermata / arresto;Conducente;M;Illeso;0;;;
3782333;8;09/03/2018 16:15;Strada Urbana;VIA PRENESTINA;da specificare;;;;150 m prima incrocio via ROCCA CENCIA dir fuori RM;Veicolo in marcia contro ostacolo accidentale;Rettilineo;Una carreggiata a doppio senso;Asciutto;Con buche;Assente;Sereno;Normale;Sufficiente;Ore Diurne;0;0;0;1;12,61039;41,89349;-1;1;Autovettura privata;In marcia / fermata / arresto;Conducente;M;Illeso;0;;Non accertato;
3797181;9;16/03/2018 09:20;;VIA DI PORTA FURBA;da specificare;;;;prox via Tuscolana;Investimento di pedone;;;;;;;;;;1;0;0;0;;;0;;;;Pedone;F;Rimandato;0;NON DECEDUTO;;
3823238;5;06/03/2018 14:40;Strada Urbana;VIALE BATTISTA BARDANZELLU;in prossimità;;del civico n.;77/H;;Veicolo in marcia contro veicolo fermo;Rettilineo;Due carreggiate;Bagnato (pioggia);Asfaltata;Orizzontale;Nuvoloso;Normale;Buona;Ore Diurne;1;0;0;1;12,57472;41,91545;-1;1;Autovettura privata;In marcia / fermata / arresto;Conducente;F;Rimandato;0;NON DECEDUTO;;
3823238;5;06/03/2018 14:40;Strada Urbana;VIALE BATTISTA BARDANZELLU;in prossimità;;del civico n.;77/H;;Veicolo in marcia contro veicolo fermo;Rettilineo;Due carreggiate;Bagnato (pioggia);Asfaltata;Orizzontale;Nuvoloso;Normale;Buona;Ore Diurne;1;0;0;1;12,57472;41,91545;-1;2;Autocarro superiore 35 q.;In marcia / fermata / arresto;Conducente;M;Illeso;0;;Non accertato;Inesploso